mtllib 30_06_2025.mtl
v -0.010268 0.019635 0.003660
v -0.010259 0.019954 0.003750
v -0.010266 0.019898 0.003505
v 0.005506 0.000281 -0.002456
v 0.000432 0.000337 -0.005600
v 0.003560 0.000000 -0.006139
v -0.002239 0.000401 -0.003044
v -0.005179 0.013604 0.000913
v -0.005795 0.014233 0.000986
v -0.005209 0.013816 0.000706
v -0.004915 0.013697 0.000492
v -0.005321 0.014130 0.000595
v -0.004818 0.013391 0.000608
v -0.004563 0.013333 0.000346
v -0.004724 0.013845 0.000235
v -0.005352 0.014434 0.000464
v -0.004988 0.014434 0.000205
v -0.005128 0.014125 0.000424
v -0.005677 0.013884 0.001290
v 0.006690 0.003438 -0.006100
v 0.006257 0.003412 -0.006468
v 0.006176 0.003886 -0.006241
v 0.007156 0.002162 -0.006238
v 0.007205 0.001851 -0.006192
v 0.006851 0.001941 -0.006430
v 0.006550 0.002220 -0.006625
v 0.006895 0.002425 -0.006370
v 0.006461 0.002688 -0.006618
v 0.006847 0.002704 -0.006321
v 0.006956 0.003037 -0.006077
v 0.007308 0.002930 -0.005817
v 0.007175 0.002739 -0.006049
v 0.006650 0.003156 -0.006292
v 0.006815 0.002915 -0.006261
v 0.006493 0.002990 -0.006490
v 0.007082 0.003185 -0.005871
v 0.007480 0.002681 -0.005818
v 0.007332 0.002465 -0.006059
v 0.006865 0.001714 -0.006369
v 0.007748 0.002880 -0.005402
v 0.005506 0.000281 -0.002456
v 0.007447 0.000568 -0.003873
v 0.008101 0.000685 -0.003774
v 0.008669 0.000392 -0.001834
v 0.009622 0.000623 -0.001197
v 0.008911 0.000158 -0.000529
v 0.003560 0.000000 -0.006139
v 0.005935 0.000272 -0.005693
v 0.007373 0.000564 -0.004422
v 0.008811 0.000727 -0.002684
v 0.009575 0.000914 -0.001955
v 0.008277 0.000699 -0.003251
v 0.007558 0.000010 0.001890
v 0.009497 0.000519 0.000703
v 0.009209 0.000732 0.002049
v 0.009808 0.000951 0.001369
v 0.006861 0.000428 -0.004960
v 0.003609 0.000037 0.004459
v 0.006681 0.000313 0.004931
v 0.008409 0.000655 0.003648
v 0.009506 0.000413 0.000008
v 0.009742 0.000623 -0.000543
v -0.001013 0.000248 0.003120
v -0.002239 0.000401 -0.003044
v 0.009725 0.000558 -0.000074
v -0.006195 0.015834 0.000493
v -0.006642 0.016184 0.000625
v -0.006291 0.016141 0.000529
v -0.007713 0.016376 0.001108
v -0.007480 0.016465 0.000932
v -0.007169 0.016062 0.000894
v -0.006130 0.015519 0.000534
v -0.006657 0.015864 0.000680
v -0.006991 0.016619 0.000704
v -0.007067 0.016318 0.000766
v -0.005323 0.015545 0.000277
v -0.004843 0.015313 0.000156
v -0.005188 0.015198 0.000187
v -0.006778 0.015650 0.000831
v -0.007243 0.015843 0.001043
v -0.005762 0.015670 0.000389
v -0.005942 0.015930 0.000434
v -0.005611 0.015797 0.000372
v -0.005620 0.015226 0.000369
v -0.005576 0.015442 0.000329
v -0.005861 0.015534 0.000426
v -0.006395 0.015495 0.000686
v -0.007552 0.016857 0.000889
v -0.004681 0.015484 0.000233
v -0.004965 0.015623 0.000289
v -0.008023 0.015991 0.001766
v -0.007258 0.015362 0.001497
v -0.007638 0.015500 0.001956
v -0.008380 0.016512 0.001643
v -0.007713 0.015879 0.001465
v -0.008908 0.017234 0.001657
v -0.008290 0.016709 0.001416
v -0.009536 0.017295 0.002734
v -0.009566 0.017477 0.002396
v -0.009024 0.016782 0.002392
v -0.008645 0.016547 0.001979
v -0.009178 0.017192 0.002010
v -0.007751 0.016106 0.001300
v -0.008386 0.016171 0.002099
v -0.007713 0.016376 0.001108
v -0.007243 0.015843 0.001043
v -0.007065 0.015435 0.001169
v -0.008233 0.016914 0.001273
v -0.007868 0.016781 0.001064
v -0.007480 0.016465 0.000932
v -0.009805 0.017613 0.002979
v -0.008993 0.016757 0.003125
v -0.009737 0.017637 0.003368
v -0.008334 0.015990 0.002427
v -0.007157 0.015063 0.002516
v -0.007552 0.016857 0.000889
v -0.006549 0.014652 0.001585
v -0.007638 0.015500 0.001956
v -0.007258 0.015362 0.001497
v -0.005188 0.015198 0.000187
v -0.005071 0.014839 0.000162
v -0.005620 0.015226 0.000369
v -0.006130 0.015519 0.000534
v -0.005971 0.015200 0.000554
v -0.006395 0.015495 0.000686
v -0.006548 0.014894 0.001209
v -0.005458 0.014819 0.000386
v -0.006327 0.015242 0.000763
v -0.004843 0.015313 0.000156
v -0.004721 0.014928 0.000058
v -0.006733 0.015395 0.000946
v -0.007243 0.015843 0.001043
v -0.006778 0.015650 0.000831
v -0.007065 0.015435 0.001169
v -0.005321 0.014130 0.000595
v -0.006120 0.014840 0.000854
v -0.005352 0.014434 0.000464
v -0.005863 0.014896 0.000611
v -0.005795 0.014233 0.000986
v -0.005717 0.013909 0.001812
v -0.005677 0.013884 0.001290
v -0.004988 0.014434 0.000205
v -0.007157 0.015063 0.002516
v -0.004191 0.014199 0.003635
v -0.004343 0.014623 0.003810
v -0.004856 0.014800 0.003804
v -0.005042 0.014046 0.003188
v -0.004636 0.014157 0.003465
v -0.005504 0.014691 0.003490
v -0.003626 0.013760 0.003507
v -0.003762 0.014259 0.003714
v -0.005809 0.014519 0.003231
v -0.004043 0.013756 0.003395
v -0.004208 0.013356 0.003044
v -0.005387 0.013828 0.002647
v -0.004699 0.013011 0.001823
v -0.003997 0.012562 0.002343
v -0.004144 0.014735 0.003864
v -0.004985 0.013232 0.001231
v -0.005179 0.013604 0.000913
v -0.004668 0.013003 0.000750
v -0.005677 0.013884 0.001290
v -0.005647 0.015388 0.003917
v -0.005318 0.014861 0.003698
v -0.005239 0.015491 0.004041
v -0.003950 0.015289 0.003937
v -0.004180 0.015295 0.003992
v -0.003860 0.014988 0.003910
v -0.004818 0.013391 0.000608
v -0.004582 0.015058 0.003956
v -0.004768 0.014994 0.003911
v -0.005717 0.013909 0.001812
v -0.004248 0.015083 0.003959
v -0.003732 0.014624 0.003824
v -0.004471 0.014672 -0.000030
v -0.004171 0.014745 -0.000043
v -0.004249 0.014453 -0.000122
v -0.004681 0.015484 0.000233
v -0.004361 0.015285 0.000155
v -0.004843 0.015313 0.000156
v -0.004430 0.015039 0.000068
v -0.004267 0.013714 -0.000080
v -0.004724 0.013845 0.000235
v -0.004502 0.014165 0.000016
v -0.003983 0.015203 0.000177
v -0.004077 0.014999 0.000066
v -0.005071 0.014839 0.000162
v -0.004755 0.014525 0.000055
v -0.004988 0.014434 0.000205
v -0.004068 0.013861 -0.000201
v -0.004279 0.014242 -0.000113
v -0.004040 0.014182 -0.000223
v -0.004714 0.014698 0.000009
v -0.004721 0.014928 0.000058
v -0.004512 0.014475 -0.000032
v -0.003650 0.015055 0.000154
v -0.004027 0.014845 0.000001
v -0.003858 0.014798 0.000002
v -0.003489 0.014710 -0.000018
v -0.003747 0.014536 -0.000124
v -0.003392 0.014909 0.000110
v -0.003930 0.014369 -0.000202
v -0.001139 0.008263 0.002472
v -0.000740 0.008450 0.002744
v -0.000887 0.008606 0.002589
v -0.000901 0.009698 0.002562
v -0.000960 0.009277 0.002481
v -0.000596 0.009537 0.002707
v -0.000680 0.008852 0.002680
v -0.000942 0.008885 0.002489
v -0.000648 0.009118 0.002670
v -0.001536 0.009087 0.001981
v -0.001510 0.008726 0.001992
v -0.001242 0.008959 0.002254
v -0.001257 0.008558 0.002281
v -0.001211 0.009596 0.002328
v -0.001300 0.009279 0.002220
v -0.000877 0.008167 0.002752
v -0.001249 0.007918 0.002514
v -0.000713 0.007985 0.002993
v -0.001775 0.009345 0.001758
v -0.001562 0.009535 0.002048
v -0.001342 0.007222 0.003093
v -0.000960 0.007439 0.003266
v -0.001197 0.007459 0.002979
v -0.000597 0.008702 0.002759
v -0.000394 0.008987 0.002809
v -0.001492 0.009911 0.002230
v -0.001174 0.009983 0.002442
v -0.001168 0.010377 0.002608
v -0.001548 0.010326 0.002376
v -0.000341 0.008346 0.003043
v -0.000343 0.008647 0.002920
v -0.000590 0.008327 0.002895
v -0.000936 0.010065 0.002628
v -0.001110 0.007163 0.003462
v -0.001213 0.007641 0.002773
v -0.000597 0.007682 0.003338
v -0.000911 0.007659 0.003088
v -0.004919 0.016425 0.004134
v -0.005105 0.016695 0.004147
v -0.005349 0.016641 0.004250
v -0.004834 0.016566 0.004080
v -0.005701 0.016649 0.004339
v -0.005713 0.016862 0.004345
v -0.005348 0.016837 0.004215
v -0.005269 0.016985 0.004179
v -0.004339 0.015608 0.004039
v -0.004085 0.015623 0.003928
v -0.004383 0.015836 0.003999
v -0.005680 0.017109 0.004305
v -0.005486 0.015929 0.004182
v -0.005818 0.016090 0.004216
v -0.005239 0.015491 0.004041
v -0.003950 0.015289 0.003937
v -0.004936 0.016805 0.004052
v -0.004770 0.015480 0.004068
v -0.005194 0.015885 0.004162
v -0.005205 0.016216 0.004234
v -0.005667 0.016287 0.004270
v -0.004774 0.015804 0.004130
v -0.004458 0.015458 0.004054
v -0.004585 0.015882 0.004087
v -0.004839 0.016064 0.004158
v -0.004620 0.016613 0.003941
v -0.004580 0.016332 0.004010
v -0.004984 0.016284 0.004184
v -0.004236 0.015995 0.003931
v -0.004667 0.016111 0.004067
v -0.004547 0.016819 0.003759
v -0.004793 0.016955 0.003899
v -0.004322 0.016339 0.003842
v -0.004420 0.016589 0.003776
v -0.004248 0.015083 0.003959
v -0.004180 0.015295 0.003992
v -0.004582 0.015058 0.003956
v -0.005998 0.015899 0.004106
v -0.005647 0.015388 0.003917
v -0.003430 0.000369 0.002926
v -0.004497 0.000535 0.000212
v -0.001013 0.000248 0.003120
v -0.005081 0.001710 0.002744
v -0.005165 0.001422 0.002482
v -0.004951 0.001446 0.002917
v -0.005250 0.000970 0.000996
v -0.005168 0.001077 0.001777
v -0.005357 0.001301 0.001465
v -0.004937 0.001076 0.002578
v -0.005650 0.001611 0.000641
v -0.005654 0.001425 -0.000099
v -0.005504 0.001307 0.000643
v -0.004237 0.000620 0.002841
v -0.004298 0.000936 0.003600
v -0.005488 0.002166 0.001880
v -0.005359 0.001807 0.002151
v -0.005246 0.002094 0.002469
v -0.005329 0.002324 0.002253
v -0.005225 0.002348 0.002471
v -0.005254 0.001340 0.002074
v -0.004877 0.001583 0.003067
v -0.004885 0.001808 0.003050
v -0.005396 0.001021 0.000127
v -0.005790 0.001734 -0.000094
v -0.005549 0.001177 -0.000923
v -0.004895 0.000831 0.001690
v -0.004666 0.001696 0.003259
v -0.004873 0.001265 0.002990
v -0.005457 0.001614 0.001642
v -0.005563 0.001933 0.001560
v -0.005750 0.001583 -0.000602
v -0.005194 0.000697 -0.001036
v -0.005032 0.000572 -0.001516
v -0.005015 0.002063 0.002896
v -0.005092 0.002361 0.002727
v -0.005786 0.001843 0.000311
v -0.005768 0.001992 0.000774
v -0.004696 0.001432 0.003202
v -0.005317 0.000800 -0.000925
v -0.005406 0.000960 -0.001739
v -0.004861 0.002730 0.003008
v -0.004901 0.002361 0.003034
v -0.004452 0.001302 0.003431
v -0.002239 0.000401 -0.003044
v -0.004417 0.000371 -0.002216
v -0.002521 0.006060 0.003296
v -0.002496 0.006368 0.002811
v -0.003021 0.005752 0.002997
v -0.003132 0.006068 0.002235
v -0.003324 0.005718 0.002524
v -0.002988 0.006049 0.002557
v -0.002788 0.004716 0.004541
v -0.003192 0.004663 0.004179
v -0.003073 0.004363 0.004603
v -0.002876 0.006304 0.002297
v -0.002209 0.006762 0.002547
v -0.002606 0.006691 0.002082
v -0.003859 0.004991 0.002762
v -0.004063 0.004916 0.002420
v -0.004129 0.004654 0.002784
v -0.002353 0.004978 0.004712
v -0.002571 0.004632 0.004799
v -0.003268 0.005259 0.003352
v -0.002753 0.005633 0.003579
v -0.003013 0.005035 0.003953
v -0.003348 0.004907 0.003719
v -0.001342 0.007222 0.003093
v -0.001555 0.006915 0.003271
v -0.001110 0.007163 0.003462
v -0.001226 0.006887 0.003743
v -0.001942 0.006470 0.003491
v -0.002758 0.004419 0.004813
v -0.003729 0.005597 0.001809
v -0.004001 0.005357 0.001437
v -0.004014 0.005148 0.001973
v -0.004269 0.004944 0.001650
v -0.001278 0.006624 0.004155
v -0.001780 0.006978 0.002814
v -0.002008 0.006690 0.002980
v -0.001852 0.006213 0.004018
v -0.002715 0.005373 0.003938
v -0.002403 0.005462 0.004203
v -0.002330 0.005765 0.003970
v -0.002258 0.006586 0.002771
v -0.001860 0.005922 0.004361
v -0.002281 0.006045 0.003670
v -0.002154 0.005684 0.004263
v -0.002128 0.005465 0.004507
v -0.001483 0.006280 0.004389
v -0.003778 0.004779 0.003277
v -0.003626 0.004475 0.003862
v -0.002683 0.005077 0.004286
v -0.003387 0.005878 0.002038
v -0.003709 0.005349 0.002338
v -0.002656 0.004901 0.004497
v -0.003506 0.005300 0.002887
v -0.003414 0.004207 0.004374
v -0.003058 0.005220 0.003675
v -0.004255 0.004825 0.002063
v -0.002280 0.004719 0.005011
v -0.006693 0.016334 0.004163
v -0.007621 0.016964 0.004239
v -0.006850 0.016151 0.004002
v -0.006881 0.016719 0.004297
v -0.006467 0.016731 0.004370
v -0.006900 0.017010 0.004392
v -0.008519 0.017853 0.004571
v -0.008675 0.018145 0.004684
v -0.009095 0.018400 0.004761
v -0.008177 0.017982 0.004647
v -0.006900 0.017285 0.004480
v -0.007177 0.017683 0.004571
v -0.007304 0.017287 0.004424
v -0.006070 0.016428 0.004313
v -0.006336 0.016368 0.004261
v -0.005713 0.016862 0.004345
v -0.006141 0.017110 0.004422
v -0.005701 0.016649 0.004339
v -0.009496 0.018556 0.004836
v -0.009606 0.018399 0.004583
v -0.009122 0.017937 0.004500
v -0.005809 0.014519 0.003231
v -0.006284 0.015184 0.003539
v -0.006728 0.015290 0.003421
v -0.008405 0.017160 0.004173
v -0.008923 0.017243 0.003999
v -0.008131 0.016656 0.003839
v -0.006536 0.017047 0.004440
v -0.006696 0.017416 0.004514
v -0.007243 0.017019 0.004333
v -0.007520 0.017161 0.004351
v -0.007606 0.017651 0.004544
v -0.007157 0.015063 0.002516
v -0.005717 0.013909 0.001812
v -0.005387 0.013828 0.002647
v -0.005504 0.014691 0.003490
v -0.006100 0.016721 0.004382
v -0.006128 0.015425 0.003782
v -0.005318 0.014861 0.003698
v -0.005647 0.015388 0.003917
v -0.007792 0.017452 0.004449
v -0.007283 0.016152 0.003792
v -0.007728 0.015973 0.003412
v -0.006144 0.017391 0.004422
v -0.006474 0.017537 0.004487
v -0.006307 0.015861 0.004012
v -0.005998 0.015899 0.004106
v -0.006564 0.014845 0.003068
v -0.009674 0.017834 0.003861
v -0.008993 0.016757 0.003125
v -0.009054 0.018197 0.004685
v -0.008711 0.017740 0.004488
v -0.009737 0.017637 0.003368
v -0.009244 0.018280 0.004695
v -0.009967 0.018550 0.004298
v -0.005680 0.017109 0.004305
v -0.005667 0.016287 0.004270
v -0.007650 0.017954 0.004648
v -0.005818 0.016090 0.004216
v 0.001217 0.002252 0.007470
v 0.000579 0.002273 0.007316
v 0.000902 0.001973 0.007270
v 0.002462 0.002537 0.007777
v 0.003091 0.002511 0.007816
v 0.002556 0.002808 0.007813
v 0.001918 0.001641 0.007274
v 0.001544 0.001995 0.007420
v 0.001253 0.001745 0.007234
v 0.003147 0.002819 0.007840
v 0.002812 0.002974 0.007825
v -0.000422 0.001099 0.006364
v 0.000145 0.001292 0.006768
v -0.000477 0.001608 0.006667
v 0.002756 0.002314 0.007749
v 0.003139 0.003155 0.007811
v 0.003729 0.002912 0.007821
v 0.003658 0.003320 0.007759
v 0.002029 0.002293 0.007650
v 0.002734 0.002015 0.007641
v 0.003634 0.002595 0.007829
v 0.003584 0.002352 0.007799
v 0.001124 0.002601 0.007570
v 0.003997 0.002359 0.007776
v 0.004273 0.002101 0.007664
v 0.003835 0.002125 0.007726
v 0.000409 0.002615 0.007379
v -0.000463 0.001944 0.006816
v -0.000767 0.002134 0.006781
v -0.001081 0.001810 0.006490
v 0.000155 0.001865 0.007008
v -0.000141 0.002319 0.007103
v 0.000705 0.001601 0.007064
v 0.002185 0.001948 0.007510
v 0.004044 0.001795 0.007576
v 0.003386 0.001733 0.007574
v 0.003976 0.001284 0.007317
v 0.001860 0.002721 0.007729
v 0.004869 0.000944 0.006894
v 0.004590 0.001506 0.007340
v 0.003653 0.001948 0.007667
v -0.000808 0.002504 0.006903
v -0.000091 0.002862 0.007276
v -0.001078 0.001307 0.006267
v 0.003247 0.003530 0.007720
v 0.003335 0.002139 0.007741
v -0.001013 0.000248 0.003120
v 0.000481 0.000665 0.005840
v -0.000795 0.000885 0.005572
v 0.002450 0.003165 0.007793
v 0.000843 0.001084 0.006767
v 0.002683 0.001606 0.007395
v 0.001455 0.001320 0.007031
v 0.003249 0.001229 0.007267
v 0.001718 0.000799 0.006336
v 0.003609 0.000037 0.004459
v 0.002572 0.001013 0.006772
v 0.003838 0.000671 0.006627
v 0.004943 0.000356 0.006026
v -0.010236 0.019401 0.002597
v -0.010244 0.019142 0.002518
v -0.010253 0.019278 0.002742
v -0.010075 0.018177 0.002983
v -0.009964 0.018033 0.003470
v -0.010109 0.018391 0.003487
v -0.008630 0.017421 0.001336
v -0.008360 0.017329 0.001197
v -0.008223 0.017111 0.001194
v -0.009566 0.017477 0.002396
v -0.009536 0.017295 0.002734
v -0.009807 0.017671 0.002659
v -0.010232 0.019578 0.002771
v -0.010238 0.019671 0.002452
v -0.008233 0.016914 0.001273
v -0.007868 0.016781 0.001064
v -0.010194 0.019701 0.002072
v -0.010189 0.020052 0.001996
v -0.010117 0.019740 0.001848
v -0.009983 0.017935 0.002691
v -0.009854 0.017874 0.002445
v -0.009954 0.017878 0.003225
v -0.009805 0.017613 0.002979
v -0.009925 0.018407 0.001985
v -0.009685 0.018230 0.001753
v -0.009795 0.018108 0.002001
v -0.008079 0.017194 0.001079
v -0.008485 0.017629 0.001200
v -0.009991 0.018196 0.002350
v -0.009453 0.017735 0.001851
v -0.010007 0.018284 0.003816
v -0.009947 0.018766 0.001794
v -0.010107 0.019424 0.001879
v -0.009715 0.019042 0.001506
v -0.009889 0.019032 0.001633
v -0.009960 0.019467 0.001657
v -0.009300 0.017801 0.001652
v -0.008882 0.017876 0.001348
v -0.009689 0.017797 0.002163
v -0.009737 0.017637 0.003368
v -0.008290 0.016709 0.001416
v -0.008908 0.017234 0.001657
v -0.008617 0.017144 0.001445
v -0.010206 0.018596 0.003219
v -0.009265 0.018286 0.001427
v -0.009111 0.017848 0.001478
v -0.009427 0.018160 0.001571
v -0.009674 0.017834 0.003861
v -0.010286 0.019019 0.002995
v -0.010188 0.018668 0.003587
v -0.010248 0.018939 0.003476
v -0.010188 0.019232 0.002158
v -0.010096 0.019068 0.001921
v -0.010130 0.018708 0.002171
v -0.010198 0.018564 0.002838
v -0.009476 0.018711 0.001431
v -0.009666 0.018603 0.001557
v -0.010193 0.018937 0.002319
v -0.010207 0.018764 0.002542
v -0.009178 0.017192 0.002010
v -0.008947 0.017489 0.001529
v -0.010147 0.018459 0.002559
v -0.010247 0.020086 0.002260
v -0.009967 0.018550 0.004298
v -0.010021 0.019172 0.001752
v -0.007552 0.016857 0.000889
v 0.007782 0.004111 0.004556
v 0.007802 0.003928 0.004663
v 0.007850 0.004010 0.004524
v 0.008692 0.003829 0.003693
v 0.008308 0.003861 0.004164
v 0.008581 0.003495 0.004075
v 0.009804 0.001379 0.002263
v 0.010064 0.001460 0.001479
v 0.009987 0.001638 0.002153
v 0.008008 0.003909 0.004471
v 0.008026 0.004121 0.004294
v 0.009937 0.002150 0.002596
v 0.009672 0.002118 0.003195
v 0.009798 0.001896 0.002872
v 0.009454 0.002722 0.003351
v 0.009130 0.002839 0.003759
v 0.009278 0.002555 0.003699
v 0.008104 0.003656 0.004539
v 0.008390 0.003121 0.004520
v 0.009383 0.002030 0.003712
v 0.009071 0.002066 0.004146
v 0.009196 0.001794 0.003997
v 0.009018 0.002530 0.004052
v 0.009051 0.002284 0.004110
v 0.009262 0.002283 0.003831
v 0.009942 0.001237 0.001503
v 0.009228 0.003207 0.003381
v 0.008878 0.003152 0.003905
v 0.008813 0.002036 0.004499
v 0.008823 0.002320 0.004390
v 0.009353 0.001150 0.002995
v 0.008865 0.001090 0.003891
v 0.008409 0.000655 0.003648
v 0.009919 0.001781 0.002505
v 0.009974 0.001942 0.002444
v 0.009741 0.001615 0.002791
v 0.009522 0.001774 0.003433
v 0.009449 0.001476 0.003324
v 0.008488 0.002537 0.004736
v 0.008600 0.002189 0.004773
v 0.008433 0.001043 0.004397
v 0.009791 0.002366 0.002890
v 0.008899 0.001827 0.004409
v 0.010066 0.001856 0.002108
v 0.008831 0.002857 0.004122
v 0.008610 0.001901 0.004820
v 0.008971 0.001586 0.004222
v 0.009607 0.001411 0.002858
v 0.009490 0.002247 0.003502
v 0.009617 0.002423 0.003221
v 0.009430 0.002435 0.003530
v 0.009703 0.001116 0.002028
v 0.009209 0.000732 0.002049
v 0.009808 0.000951 0.001369
v 0.009100 0.001374 0.003824
v 0.009258 0.001590 0.003795
v 0.008633 0.001350 0.004478
v 0.008917 0.003481 0.003637
v 0.009723 0.002655 0.002894
v 0.008709 0.002677 0.004372
v 0.008634 0.001638 0.004710
v 0.007751 0.004378 0.004389
v 0.008083 0.004435 0.003955
v 0.007840 0.004788 0.003909
v 0.008370 0.004185 0.003831
v 0.009556 0.003037 0.002941
v 0.007520 0.004658 0.004363
v 0.007490 0.004992 0.004082
v -0.003032 0.010669 0.000455
v -0.002775 0.010257 0.000218
v -0.002825 0.010334 0.000613
v -0.001548 0.010326 0.002376
v -0.001821 0.010762 0.002445
v -0.001964 0.010613 0.002255
v -0.002575 0.010028 0.000902
v -0.002325 0.009607 0.001013
v -0.002255 0.009883 0.001409
v -0.002475 0.011573 0.002600
v -0.002789 0.011492 0.002304
v -0.002357 0.010992 0.002224
v -0.002429 0.011871 0.002824
v -0.002335 0.012084 0.002978
v -0.002709 0.012160 0.002876
v -0.002066 0.010046 0.001761
v -0.002352 0.010350 0.001678
v -0.003893 0.012054 0.001478
v -0.004452 0.012599 0.001279
v -0.004094 0.012152 0.001046
v -0.004358 0.012503 0.000874
v -0.003862 0.011887 0.000652
v -0.002134 0.011635 0.002804
v -0.002641 0.012472 0.003072
v -0.003024 0.012645 0.003014
v -0.003003 0.010879 0.001118
v -0.002826 0.010493 0.000937
v -0.002667 0.010532 0.001341
v -0.003511 0.012887 0.003024
v -0.003736 0.012731 0.002807
v -0.003195 0.012216 0.002658
v -0.003168 0.011343 0.001555
v -0.003358 0.011316 0.001070
v -0.002123 0.011007 0.002397
v -0.003373 0.011229 0.000586
v -0.003047 0.010812 0.000149
v -0.003997 0.012562 0.002343
v -0.003733 0.011694 0.000950
v -0.001548 0.010755 0.002598
v -0.001806 0.009950 0.001987
v -0.001901 0.009701 0.001754
v -0.001562 0.009535 0.002048
v -0.004699 0.013011 0.001823
v -0.004985 0.013232 0.001231
v -0.003068 0.010790 0.000776
v -0.004043 0.013756 0.003395
v -0.003622 0.013356 0.003261
v -0.003626 0.013760 0.003507
v -0.001952 0.011149 0.002594
v -0.004208 0.013356 0.003044
v -0.003218 0.013375 0.003395
v -0.003199 0.011741 0.002108
v -0.003254 0.013039 0.003204
v -0.002786 0.012915 0.003256
v -0.002653 0.010967 0.001886
v -0.003540 0.011930 0.001903
v -0.004668 0.013003 0.000750
v -0.002605 0.009874 0.000469
v -0.002541 0.009736 0.000129
v -0.002109 0.010415 0.001982
v -0.001768 0.010218 0.002165
v -0.001168 0.010377 0.002608
v -0.001492 0.009911 0.002230
v -0.001775 0.009345 0.001758
v -0.002610 0.009971 -0.000062
v -0.002151 0.009402 0.001254
v -0.002418 0.009500 0.000686
v -0.002457 0.009593 -0.000181
v -0.002438 0.009366 0.000318
v -0.002012 0.009501 0.001528
v 0.005653 0.003750 -0.006657
v 0.005278 0.003947 -0.006741
v 0.005688 0.004063 -0.006447
v 0.004579 0.002980 -0.007428
v 0.004384 0.002796 -0.007512
v 0.004130 0.003001 -0.007511
v 0.004867 0.004044 -0.006832
v 0.004539 0.004272 -0.006790
v 0.004986 0.004368 -0.006584
v 0.006176 0.003886 -0.006241
v 0.005969 0.003659 -0.006517
v 0.005876 0.003825 -0.006483
v 0.005403 0.003566 -0.006900
v 0.006493 0.002990 -0.006490
v 0.006061 0.003173 -0.006718
v 0.006257 0.003412 -0.006468
v 0.004338 0.003574 -0.007260
v 0.004715 0.003544 -0.007162
v 0.004627 0.003260 -0.007305
v 0.004623 0.003837 -0.007041
v 0.005893 0.001844 -0.006982
v 0.005602 0.001940 -0.007121
v 0.005789 0.002078 -0.007045
v 0.006461 0.002688 -0.006618
v 0.005977 0.002870 -0.006865
v 0.006221 0.002959 -0.006694
v 0.004300 0.003175 -0.007403
v 0.005833 0.003449 -0.006718
v 0.004976 0.003699 -0.006993
v 0.005091 0.003353 -0.007126
v 0.004334 0.002540 -0.007545
v 0.003786 0.002367 -0.007645
v 0.003433 0.002660 -0.007700
v 0.005563 0.003193 -0.006988
v 0.005332 0.004275 -0.006494
v 0.005351 0.002111 -0.007249
v 0.004859 0.002281 -0.007435
v 0.005223 0.002381 -0.007326
v 0.005774 0.002608 -0.007021
v 0.005574 0.002341 -0.007144
v 0.005287 0.002629 -0.007239
v 0.004040 0.003691 -0.007267
v 0.004194 0.003981 -0.007091
v 0.004280 0.003327 -0.007365
v 0.005087 0.003001 -0.007243
v 0.004794 0.002733 -0.007413
v 0.003406 0.003579 -0.007464
v 0.003718 0.003899 -0.007254
v 0.003887 0.003371 -0.007441
v 0.004918 0.002520 -0.007423
v 0.003637 0.002988 -0.007606
v 0.003186 0.002960 -0.007710
v 0.003295 0.003254 -0.007611
v 0.005557 0.002858 -0.007079
v 0.006164 0.002542 -0.006830
v 0.004857 0.001990 -0.007392
v 0.005412 0.001766 -0.007177
v 0.004309 0.002207 -0.007537
v 0.006018 0.002300 -0.006937
v 0.006550 0.002220 -0.006625
v 0.006141 0.002028 -0.006870
v 0.006122 0.001311 -0.006673
v 0.005857 0.001607 -0.006939
v 0.006378 0.001758 -0.006696
v 0.006851 0.001941 -0.006430
v 0.003986 0.002789 -0.007579
v 0.006865 0.001714 -0.006369
v 0.006630 0.001453 -0.006410
v 0.002837 0.003164 -0.007712
v -0.002324 0.008971 0.000598
v -0.002228 0.009160 0.000951
v -0.002418 0.009500 0.000686
v -0.002541 0.009736 0.000129
v -0.002457 0.009593 -0.000181
v -0.002441 0.009370 0.000030
v -0.002530 0.007053 0.001696
v -0.002269 0.007033 0.002058
v -0.002298 0.007284 0.001707
v -0.001774 0.009046 0.001683
v -0.001687 0.008851 0.001774
v -0.001536 0.009087 0.001981
v -0.001944 0.009199 0.001490
v -0.001900 0.008862 0.001473
v -0.001780 0.006978 0.002814
v -0.001953 0.007066 0.002425
v -0.002209 0.006762 0.002547
v -0.001510 0.008726 0.001992
v -0.002151 0.009402 0.001254
v -0.002083 0.009085 0.001229
v -0.002388 0.008639 0.000238
v -0.002383 0.008786 0.000097
v -0.002408 0.008496 0.000040
v -0.002089 0.008852 0.001162
v -0.001755 0.008593 0.001692
v -0.001975 0.008577 0.001329
v -0.001791 0.008328 0.001679
v -0.002371 0.008799 -0.000140
v -0.002393 0.009058 0.000066
v -0.002174 0.008700 0.000961
v -0.002295 0.008949 -0.000504
v -0.002379 0.009157 -0.000200
v -0.002348 0.009320 -0.000432
v -0.002260 0.007766 0.001260
v -0.002488 0.007423 0.001284
v -0.002071 0.007577 0.001713
v -0.002438 0.009366 0.000318
v -0.002405 0.007855 0.000918
v -0.002606 0.006691 0.002082
v -0.002415 0.008356 0.000391
v -0.002489 0.008197 0.000142
v -0.002534 0.008064 0.000340
v -0.002227 0.008603 -0.000710
v -0.002293 0.008290 -0.000647
v -0.002363 0.008430 -0.000332
v -0.002089 0.008273 0.001215
v -0.002012 0.009501 0.001528
v -0.001775 0.009345 0.001758
v -0.001571 0.008469 0.001949
v -0.002451 0.008251 -0.000054
v -0.002366 0.008913 0.000287
v -0.001257 0.008558 0.002281
v -0.001518 0.008253 0.002068
v -0.002354 0.008675 0.000427
v -0.001139 0.008263 0.002472
v -0.001485 0.008020 0.002189
v -0.001249 0.007918 0.002514
v -0.002325 0.009607 0.001013
v -0.001782 0.008071 0.001787
v -0.002219 0.008010 0.001113
v -0.002036 0.007916 0.001492
v -0.002332 0.008181 0.000787
v -0.002487 0.007991 0.000584
v -0.001988 0.007293 0.002101
v -0.001717 0.007822 0.002015
v -0.002636 0.007601 0.000787
v -0.002286 0.008518 0.000710
v -0.001641 0.007580 0.002285
v -0.002204 0.008420 -0.000813
v -0.002695 0.007727 0.000457
v -0.001574 0.007329 0.002631
v -0.001342 0.007222 0.003093
v -0.001213 0.007641 0.002773
v -0.001197 0.007459 0.002979
v 0.003633 0.000504 -0.006906
v 0.004343 0.000408 -0.006734
v 0.003560 0.000000 -0.006139
v 0.001709 0.002399 -0.007830
v 0.002040 0.002039 -0.007779
v 0.001442 0.002157 -0.007792
v 0.000212 0.000815 -0.007011
v 0.001172 0.000364 -0.006769
v 0.000093 0.000477 -0.006718
v 0.006743 0.001049 -0.006046
v 0.005935 0.000272 -0.005693
v 0.006214 0.000967 -0.006336
v 0.005563 0.000856 -0.006624
v 0.003186 0.002960 -0.007710
v 0.002751 0.002789 -0.007794
v 0.002837 0.003164 -0.007712
v 0.005857 0.001607 -0.006939
v 0.006122 0.001311 -0.006673
v 0.005327 0.001364 -0.007048
v 0.002687 0.002488 -0.007807
v 0.002976 0.002561 -0.007773
v 0.004964 0.000359 -0.006473
v 0.001649 0.001784 -0.007697
v 0.001310 0.001517 -0.007548
v 0.001026 0.001921 -0.007686
v 0.003433 0.002660 -0.007700
v 0.002417 0.003100 -0.007771
v 0.004309 0.002207 -0.007537
v 0.004258 0.001902 -0.007500
v 0.003731 0.002103 -0.007635
v 0.004857 0.001990 -0.007392
v 0.002993 0.000708 -0.007084
v 0.002245 0.000589 -0.007069
v 0.002474 0.001027 -0.007325
v 0.003415 0.000999 -0.007247
v 0.000432 0.000337 -0.005600
v 0.004255 0.000808 -0.006985
v 0.003701 0.001867 -0.007592
v 0.004046 0.001650 -0.007471
v 0.002392 0.002846 -0.007812
v 0.004778 0.001659 -0.007340
v 0.004466 0.001374 -0.007280
v 0.000259 0.001461 -0.007329
v 0.000217 0.001134 -0.007172
v -0.000316 0.001358 -0.007073
v 0.003436 0.001726 -0.007592
v 0.003177 0.001988 -0.007695
v 0.005412 0.001766 -0.007177
v 0.002129 0.002882 -0.007811
v 0.003095 0.000381 -0.006871
v 0.004112 0.001126 -0.007220
v 0.002329 0.002601 -0.007829
v 0.004887 0.000714 -0.006773
v 0.003786 0.002367 -0.007645
v 0.003136 0.002334 -0.007742
v 0.002770 0.001772 -0.007683
v 0.003557 0.001422 -0.007460
v 0.002718 0.001377 -0.007520
v 0.006454 0.001217 -0.006398
v 0.002208 0.001678 -0.007667
v 0.001629 0.001112 -0.007376
v 0.002009 0.001420 -0.007549
v 0.004851 0.001034 -0.007006
v 0.002560 0.002214 -0.007794
v 0.002064 0.002369 -0.007834
v 0.001933 0.002646 -0.007840
v 0.000685 0.001645 -0.007512
v 0.000849 0.001280 -0.007384
v 0.001023 0.000875 -0.007196
v 0.006630 0.001453 -0.006410
v -0.000385 0.001062 -0.006916
v -0.000400 0.000835 -0.006843
v 0.000299 0.001935 -0.007549
v 0.000292 0.001681 -0.007440
v -0.002310 0.014156 -0.000091
v -0.001991 0.014044 -0.000005
v -0.002160 0.013804 -0.000301
v 0.000221 0.012284 -0.000114
v 0.000345 0.012175 -0.000099
v 0.000388 0.012028 -0.000273
v -0.000647 0.011642 -0.001262
v -0.000559 0.011866 -0.001106
v -0.000142 0.011499 -0.001203
v 0.000294 0.011169 -0.001210
v 0.000228 0.011474 -0.001039
v -0.001152 0.012520 -0.000890
v -0.000940 0.012442 -0.000850
v -0.000971 0.012267 -0.000986
v -0.000957 0.013358 0.000061
v -0.000722 0.013036 -0.000130
v -0.001106 0.013296 -0.000170
v -0.000320 0.012729 -0.000096
v -0.000184 0.012390 -0.000386
v -0.000486 0.012610 -0.000442
v -0.002131 0.014291 0.000140
v -0.002407 0.014417 0.000108
v -0.003192 0.014784 0.000074
v -0.003250 0.015034 0.000245
v -0.002992 0.014853 0.000201
v 0.000041 0.011790 -0.000879
v 0.000355 0.011599 -0.000879
v 0.000165 0.012473 0.000175
v 0.000423 0.012193 0.000093
v -0.000701 0.012200 -0.000971
v 0.001024 0.011354 -0.000388
v 0.000804 0.011310 -0.000730
v 0.000816 0.011563 -0.000409
v -0.001470 0.013310 -0.000390
v -0.001441 0.013596 -0.000071
v -0.001543 0.013070 -0.000649
v -0.001171 0.012918 -0.000603
v -0.001261 0.012865 -0.000683
v -0.002481 0.013980 -0.000310
v 0.000685 0.011761 -0.000274
v 0.000870 0.011630 -0.000208
v 0.001047 0.011497 -0.000018
v -0.000575 0.012407 -0.000725
v -0.000196 0.012189 -0.000659
v -0.000344 0.011975 -0.000933
v -0.001761 0.013361 -0.000480
v -0.002022 0.013413 -0.000549
v -0.000883 0.012589 -0.000719
v 0.001385 0.011082 -0.000058
v 0.001261 0.011288 0.000028
v 0.001373 0.011158 0.000159
v 0.001237 0.011201 -0.000211
v -0.001261 0.012786 -0.000762
v 0.000464 0.011496 -0.000874
v 0.000517 0.011554 -0.000764
v 0.000514 0.011344 -0.000972
v -0.001783 0.013751 -0.000149
v -0.000044 0.012479 -0.000126
v -0.001882 0.013568 -0.000383
v 0.000719 0.011848 0.000008
v 0.000058 0.011976 -0.000698
v -0.000112 0.012643 0.000078
v 0.000292 0.011830 -0.000644
v -0.000973 0.011991 -0.001156
v -0.000730 0.012003 -0.001079
v -0.002666 0.014261 -0.000142
v -0.002910 0.014582 0.000009
v -0.002633 0.014565 0.000115
v -0.001085 0.012692 -0.000754
v -0.001639 0.013824 0.000035
v -0.001397 0.013777 0.000196
v -0.001199 0.013527 0.000022
v 0.000589 0.011690 -0.000508
v -0.000747 0.013237 0.000152
v -0.000513 0.013067 0.000168
v -0.001789 0.013939 0.000020
v -0.000903 0.012903 -0.000458
v 0.000058 0.012123 -0.000518
v -0.001733 0.014076 0.000233
v 0.000081 0.012278 -0.000299
v -0.000203 0.011163 -0.001400
v -0.000449 0.011393 -0.001348
v -0.002755 0.014798 0.000269
v 0.000119 0.010896 -0.001456
v 0.007187 0.004015 0.005339
v 0.007550 0.004145 0.004807
v 0.007172 0.004357 0.005033
v 0.008633 0.001350 0.004478
v 0.008110 0.001227 0.004979
v 0.008433 0.001043 0.004397
v 0.008634 0.001638 0.004710
v 0.008308 0.001482 0.004994
v 0.005886 0.000689 0.006314
v 0.006637 0.000881 0.006008
v 0.006161 0.001167 0.006514
v 0.007863 0.001476 0.005486
v 0.007444 0.001518 0.005873
v 0.007408 0.001075 0.005547
v 0.006881 0.004226 0.005458
v 0.006706 0.004481 0.005368
v 0.006806 0.001396 0.006268
v 0.007692 0.001780 0.005801
v 0.007696 0.001607 0.005712
v 0.008326 0.002055 0.005199
v 0.008600 0.002189 0.004773
v 0.008377 0.002296 0.005023
v 0.008118 0.002786 0.005031
v 0.008249 0.002488 0.005071
v 0.008488 0.002537 0.004736
v 0.008248 0.001748 0.005234
v 0.008139 0.002297 0.005349
v 0.008034 0.002125 0.005544
v 0.008022 0.001948 0.005557
v 0.007074 0.001806 0.006299
v 0.007056 0.002754 0.006248
v 0.006722 0.002948 0.006477
v 0.006593 0.002762 0.006669
v 0.007935 0.002396 0.005508
v 0.008024 0.002540 0.005314
v 0.007678 0.002121 0.005894
v 0.007840 0.002280 0.005681
v 0.007787 0.002550 0.005541
v 0.007715 0.002451 0.005710
v 0.007339 0.002028 0.006166
v 0.006972 0.002110 0.006459
v 0.007781 0.002810 0.005401
v 0.007135 0.002351 0.006322
v 0.007505 0.002700 0.005795
v 0.006455 0.001778 0.006710
v 0.006621 0.002049 0.006693
v 0.007738 0.003243 0.005209
v 0.008390 0.003121 0.004520
v 0.007506 0.002417 0.005949
v 0.006666 0.002333 0.006693
v 0.007426 0.003075 0.005651
v 0.007192 0.002977 0.005984
v 0.007339 0.003315 0.005612
v 0.007142 0.003601 0.005672
v 0.007115 0.003257 0.005903
v 0.006827 0.003375 0.006156
v 0.006870 0.003113 0.006255
v 0.006681 0.000313 0.004931
v 0.006653 0.003600 0.006204
v 0.007842 0.000851 0.004773
v 0.006606 0.003998 0.005949
v 0.007980 0.003458 0.004817
v 0.008104 0.003656 0.004539
v 0.007656 0.003743 0.005010
v 0.006953 0.004782 0.004850
v 0.006760 0.004295 0.005512
v 0.008409 0.000655 0.003648
v 0.006577 0.004303 0.005687
v 0.008610 0.001901 0.004820
v 0.004943 0.000356 0.006026
v 0.003609 0.000037 0.004459
v 0.007269 0.004593 0.004680
v 0.007490 0.004992 0.004082
v 0.007186 0.005163 0.004238
v 0.007300 0.004817 0.004446
v 0.007802 0.003928 0.004663
v 0.007469 0.004425 0.004658
v 0.007751 0.004378 0.004389
v 0.007520 0.004658 0.004363
v 0.006600 0.004753 0.005215
v 0.007782 0.004111 0.004556
v 0.004155 0.003839 0.007504
v 0.004037 0.004152 0.007371
v 0.003812 0.004055 0.007482
v 0.003747 0.005476 0.006569
v 0.003563 0.005467 0.006634
v 0.003841 0.005235 0.006725
v 0.003406 0.005223 0.006864
v 0.003965 0.005524 0.006451
v 0.003754 0.004946 0.006950
v 0.003521 0.004848 0.007050
v 0.003812 0.004687 0.007086
v 0.003448 0.004609 0.007219
v 0.003624 0.004658 0.007127
v 0.004460 0.002363 0.007706
v 0.004931 0.002351 0.007588
v 0.004605 0.002654 0.007697
v 0.004652 0.005082 0.006479
v 0.004690 0.005392 0.006207
v 0.004326 0.005202 0.006559
v 0.004195 0.004704 0.006953
v 0.003733 0.004549 0.007195
v 0.005399 0.002357 0.007414
v 0.005521 0.002685 0.007353
v 0.005076 0.002641 0.007555
v 0.004003 0.004413 0.007220
v 0.004672 0.004746 0.006709
v 0.004378 0.004141 0.007253
v 0.003729 0.002912 0.007821
v 0.004105 0.002621 0.007792
v 0.004211 0.002845 0.007766
v 0.003711 0.004339 0.007341
v 0.004762 0.004179 0.007055
v 0.004756 0.002074 0.007571
v 0.003634 0.002595 0.007829
v 0.004502 0.002979 0.007691
v 0.004104 0.003129 0.007749
v 0.004417 0.003268 0.007647
v 0.005241 0.004290 0.006731
v 0.005277 0.003791 0.007054
v 0.004618 0.004028 0.007226
v 0.004695 0.003776 0.007347
v 0.003997 0.002359 0.007776
v 0.004981 0.001757 0.007381
v 0.004554 0.001844 0.007518
v 0.004590 0.001506 0.007340
v 0.003470 0.004191 0.007461
v 0.004680 0.003428 0.007518
v 0.004391 0.003554 0.007558
v 0.004273 0.002101 0.007664
v 0.003631 0.003783 0.007628
v 0.004820 0.003139 0.007561
v 0.004827 0.002859 0.007616
v 0.005140 0.002935 0.007493
v 0.005486 0.003078 0.007291
v 0.004066 0.003483 0.007662
v 0.005090 0.003392 0.007356
v 0.005616 0.003395 0.007099
v 0.005289 0.002027 0.007393
v 0.003658 0.003320 0.007759
v 0.003247 0.003530 0.007720
v 0.005119 0.003145 0.007442
v 0.005005 0.004851 0.006451
v 0.006133 0.004769 0.005571
v 0.005976 0.004760 0.005743
v 0.006277 0.004565 0.005705
v 0.005786 0.003610 0.006885
v 0.006228 0.003059 0.006844
v 0.005996 0.002831 0.007060
v 0.006593 0.002762 0.006669
v 0.004044 0.001795 0.007576
v 0.005968 0.004231 0.006301
v 0.006174 0.004408 0.005966
v 0.005604 0.004732 0.006132
v 0.006521 0.003220 0.006551
v 0.006044 0.003362 0.006852
v 0.005744 0.001451 0.006925
v 0.005209 0.001395 0.007095
v 0.005569 0.001118 0.006773
v 0.006606 0.003998 0.005949
v 0.005460 0.004501 0.006436
v 0.005923 0.002483 0.007148
v 0.006299 0.002525 0.006920
v 0.006148 0.003747 0.006548
v 0.004869 0.000944 0.006894
v 0.005886 0.003139 0.007041
v 0.005421 0.001683 0.007194
v 0.006161 0.001167 0.006514
v 0.006224 0.001512 0.006710
v 0.005848 0.001848 0.007083
v 0.006455 0.001778 0.006710
v 0.006806 0.001396 0.006268
v 0.005570 0.002119 0.007305
v 0.006196 0.002032 0.006957
v 0.006653 0.003600 0.006204
v 0.006827 0.003375 0.006156
v 0.005818 0.002224 0.007198
v 0.006870 0.003113 0.006255
v 0.006722 0.002948 0.006477
v 0.005140 0.005121 0.006145
v 0.005345 0.005287 0.005844
v 0.006706 0.004481 0.005368
v 0.006577 0.004303 0.005687
v 0.005886 0.000689 0.006314
v 0.005720 0.004098 0.006582
v 0.005658 0.003884 0.006779
v 0.006388 0.004695 0.005467
v 0.006621 0.002049 0.006693
v 0.005682 0.004999 0.005822
v 0.005896 0.004702 0.005902
v 0.006245 0.002270 0.006961
v 0.006666 0.002333 0.006693
v 0.006568 0.002977 0.006581
v 0.005647 0.002448 0.007303
v 0.005287 0.004815 0.006291
v 0.005845 0.004856 0.005799
v 0.006256 0.004952 0.005341
v 0.006600 0.004753 0.005215
v 0.004943 0.000356 0.006026
v -0.003381 0.006136 0.001544
v -0.003729 0.005597 0.001809
v -0.003387 0.005878 0.002038
v -0.003721 0.005735 0.001411
v -0.004001 0.005357 0.001437
v -0.003236 0.006366 -0.001444
v -0.002835 0.006637 -0.001710
v -0.003254 0.006234 -0.001825
v -0.002792 0.006912 0.001531
v -0.002606 0.006691 0.002082
v -0.002530 0.007053 0.001696
v -0.003085 0.006654 0.001419
v -0.003042 0.006374 0.001870
v -0.002203 0.008248 -0.000876
v -0.002282 0.007974 -0.000806
v -0.002293 0.008290 -0.000647
v -0.002330 0.007408 -0.001181
v -0.002546 0.007191 -0.001007
v -0.002481 0.007481 -0.000781
v -0.002465 0.008120 -0.000187
v -0.002451 0.008251 -0.000054
v -0.002363 0.008430 -0.000332
v -0.003554 0.005799 -0.002370
v -0.003045 0.006217 -0.002530
v -0.003277 0.005898 -0.002797
v -0.003283 0.006426 -0.001000
v -0.002930 0.006664 -0.001301
v -0.003105 0.006649 -0.000791
v -0.002935 0.006760 -0.000986
v -0.002534 0.008064 0.000340
v -0.002617 0.007893 0.000218
v -0.002695 0.007727 0.000457
v -0.002541 0.007799 -0.000213
v -0.002406 0.008040 -0.000416
v -0.003120 0.006259 -0.002142
v -0.002424 0.007747 -0.000551
v -0.002571 0.007512 -0.000423
v -0.003378 0.006058 -0.002063
v -0.004403 0.005056 0.000636
v -0.003945 0.005737 0.000392
v -0.004247 0.005368 0.000087
v -0.002772 0.007647 0.000297
v -0.002554 0.007988 0.000010
v -0.002653 0.006619 -0.002235
v -0.003473 0.006297 -0.000691
v -0.003276 0.006485 -0.000682
v -0.002669 0.007202 -0.000660
v -0.002857 0.007549 0.000422
v -0.002755 0.007598 0.000074
v -0.003114 0.006721 -0.000518
v -0.002856 0.007013 -0.000427
v -0.002884 0.006882 -0.000712
v -0.003150 0.007060 0.000765
v -0.002872 0.007417 0.000678
v -0.003009 0.007360 0.000525
v -0.002733 0.007306 -0.000354
v -0.002696 0.007492 -0.000184
v -0.002863 0.007510 0.000515
v -0.004269 0.004944 0.001650
v -0.004242 0.005143 0.001125
v -0.002488 0.007423 0.001284
v -0.002636 0.007601 0.000787
v -0.002913 0.007109 0.001072
v -0.003070 0.007194 0.000165
v -0.002920 0.007201 -0.000138
v -0.003172 0.006915 -0.000027
v -0.003060 0.006907 -0.000273
v -0.002958 0.007422 0.000322
v -0.003748 0.005781 0.001044
v -0.003917 0.005595 0.000958
v -0.003860 0.005583 0.001196
v -0.002699 0.006925 -0.001176
v -0.002359 0.007666 -0.000876
v -0.003465 0.006496 0.000540
v -0.003601 0.006249 0.000264
v -0.003647 0.006133 0.000642
v -0.003605 0.005895 -0.001917
v -0.003520 0.006148 -0.001231
v -0.003618 0.006187 -0.000498
v -0.003605 0.006244 -0.000159
v -0.003392 0.006460 -0.000397
v -0.004012 0.005688 0.000065
v -0.002737 0.007001 -0.000916
v -0.002414 0.006940 -0.001778
v -0.004073 0.005447 0.000782
v -0.003831 0.005922 -0.000024
v -0.003824 0.005952 -0.000399
v -0.004088 0.005618 -0.000253
v -0.003194 0.007151 0.000456
v -0.002572 0.006882 -0.001595
v -0.003423 0.006575 0.000334
v -0.003386 0.006566 0.000015
v -0.002489 0.008197 0.000142
v -0.004051 0.005393 0.001083
v -0.002461 0.007076 -0.001392
v -0.002666 0.006847 -0.001443
v -0.004049 0.005671 -0.000675
v -0.003293 0.006843 0.000293
v -0.003382 0.006688 0.000461
v -0.003840 0.005788 0.000794
v -0.003634 0.006060 0.000915
v -0.003449 0.006428 0.000853
v -0.003336 0.006789 0.000621
v -0.003723 0.006023 -0.000860
v -0.003536 0.006070 0.001185
v -0.002205 0.007727 -0.001138
v -0.003262 0.006621 0.001108
v -0.002204 0.008420 -0.000813
v -0.003814 0.005827 -0.001303
v -0.003542 0.006032 -0.001559
v -0.003707 0.005770 0.001216
v -0.003235 0.006700 -0.000237
v -0.002876 0.006304 0.002297
v -0.003293 0.006749 0.000859
v -0.003132 0.006068 0.002235
v -0.005221 0.002339 -0.003320
v -0.005267 0.002631 -0.003224
v -0.005088 0.002607 -0.003563
v -0.004581 0.004052 -0.003299
v -0.004342 0.004381 -0.003311
v -0.004467 0.004158 -0.003365
v -0.004768 0.001226 -0.003555
v -0.004808 0.001672 -0.003800
v -0.004473 0.001449 -0.004174
v -0.004166 0.003535 -0.004499
v -0.003982 0.003846 -0.004447
v -0.003877 0.003566 -0.004760
v -0.005151 0.002889 -0.003393
v -0.004708 0.002336 -0.004193
v -0.004824 0.002647 -0.004013
v -0.004592 0.002551 -0.004366
v -0.004907 0.003887 -0.003022
v -0.004535 0.004429 -0.002926
v -0.004975 0.003448 -0.003376
v -0.005196 0.003195 -0.003127
v -0.005149 0.003506 -0.002959
v -0.004492 0.003894 -0.003698
v -0.004592 0.003662 -0.003783
v -0.004737 0.003723 -0.003491
v -0.004026 0.002366 -0.005040
v -0.003619 0.002165 -0.005416
v -0.004108 0.001971 -0.004883
v -0.004387 0.003669 -0.004103
v -0.004703 0.003437 -0.003848
v -0.004344 0.001051 -0.004068
v -0.004109 0.001162 -0.004482
v -0.005052 0.003131 -0.003464
v -0.004879 0.003197 -0.003730
v -0.004951 0.002919 -0.003710
v -0.005431 0.002436 -0.002871
v -0.004307 0.002611 -0.004727
v -0.004384 0.002320 -0.004635
v -0.004521 0.002095 -0.004412
v -0.005282 0.002867 -0.003120
v -0.005048 0.000735 -0.002431
v -0.005032 0.000572 -0.001516
v -0.005406 0.000960 -0.001739
v -0.001372 0.000787 -0.006261
v -0.002335 0.001026 -0.005845
v -0.002157 0.001396 -0.006217
v -0.004780 0.000803 -0.003187
v -0.004192 0.000518 -0.003094
v -0.004718 0.000571 -0.002797
v 0.000093 0.000477 -0.006718
v 0.000432 0.000337 -0.005600
v -0.000539 0.000589 -0.006551
v -0.002239 0.000401 -0.003044
v -0.004417 0.000371 -0.002216
v -0.004156 0.001585 -0.004644
v -0.002821 0.000961 -0.005060
v -0.001769 0.000666 -0.005319
v -0.003404 0.001181 -0.005194
v -0.003473 0.001561 -0.005339
v -0.002944 0.001334 -0.005676
v -0.002769 0.001666 -0.005922
v -0.002244 0.001825 -0.006319
v -0.004438 0.004063 -0.003481
v -0.004259 0.004117 -0.003733
v -0.002745 0.002027 -0.006052
v -0.002292 0.002199 -0.006381
v -0.005167 0.001140 -0.002748
v -0.003477 0.000941 -0.004559
v -0.003136 0.001612 -0.005645
v -0.003781 0.000825 -0.004062
v -0.004129 0.000752 -0.003617
v -0.003082 0.002248 -0.005861
v -0.002622 0.002386 -0.006189
v -0.003232 0.001856 -0.005664
v -0.004993 0.002337 -0.003745
v -0.003826 0.001351 -0.004930
v -0.005480 0.001417 -0.002173
v -0.005177 0.001594 -0.003101
v -0.003857 0.001661 -0.005016
v -0.003675 0.001833 -0.005275
v -0.005464 0.001778 -0.002566
v -0.004496 0.001802 -0.004338
v -0.005318 0.002027 -0.003048
v -0.005073 0.001879 -0.003476
v -0.005561 0.002135 -0.002431
v -0.004831 0.002026 -0.003944
v -0.003716 0.002437 -0.005357
v -0.003373 0.002592 -0.005651
v -0.005093 0.002109 -0.003531
v -0.003521 0.002912 -0.005458
v -0.003882 0.002682 -0.005179
v -0.001517 0.001666 -0.006687
v -0.004556 0.002769 -0.004385
v -0.005365 0.002734 -0.002957
v -0.005356 0.002996 -0.002882
v -0.004249 0.004639 -0.003090
v -0.002878 0.002567 -0.006016
v -0.004291 0.002966 -0.004679
v -0.003856 0.003034 -0.005098
v -0.004072 0.003273 -0.004764
v -0.004390 0.003319 -0.004352
v -0.003753 0.003318 -0.005039
v -0.004694 0.003042 -0.004096
v -0.005310 0.003329 -0.002763
v -0.005212 0.003340 -0.002931
v -0.004197 0.003966 -0.004044
v -0.004355 0.004191 -0.003474
v -0.003537 0.003168 -0.005310
v -0.005472 0.002769 -0.002651
v -0.005625 0.001785 -0.002066
v -0.000937 0.001322 -0.006761
v -0.000316 0.001358 -0.007073
v -0.000385 0.001062 -0.006916
v -0.001411 0.001257 -0.006525
v -0.000894 0.001005 -0.006659
v -0.000400 0.000835 -0.006843
v -0.000784 0.001590 -0.007008
v -0.001907 0.002072 -0.006595
v -0.001046 0.003868 0.006655
v -0.001082 0.004071 0.006451
v -0.001360 0.003935 0.006321
v -0.001032 0.003545 0.006809
v -0.000598 0.003769 0.007005
v -0.000825 0.004210 0.006578
v -0.000538 0.004099 0.006873
v -0.001019 0.005095 0.005727
v -0.000777 0.004885 0.005998
v -0.000665 0.005111 0.005900
v -0.001002 0.004320 0.006283
v -0.000195 0.003943 0.007140
v -0.000771 0.004444 0.006381
v -0.001263 0.004509 0.005967
v -0.001282 0.004177 0.006194
v -0.000126 0.004335 0.006890
v -0.000510 0.004444 0.006575
v -0.000912 0.004650 0.006095
v -0.000590 0.004873 0.006078
v -0.000677 0.004685 0.006225
v -0.000381 0.004787 0.006293
v 0.000029 0.005204 0.006238
v 0.000012 0.004838 0.006458
v 0.000315 0.005164 0.006393
v -0.000224 0.004588 0.006570
v -0.000023 0.004581 0.006666
v -0.000463 0.005015 0.006038
v -0.000406 0.005272 0.005943
v 0.000254 0.004577 0.006785
v 0.000383 0.004867 0.006604
v -0.000215 0.005089 0.006155
v 0.000763 0.004714 0.006849
v 0.000630 0.005075 0.006562
v 0.000631 0.005534 0.006308
v -0.001482 0.004733 0.005671
v -0.000564 0.003326 0.007104
v -0.001065 0.003011 0.006852
v -0.000629 0.002974 0.007071
v 0.001026 0.005145 0.006645
v 0.001245 0.004847 0.006886
v 0.002841 0.003403 0.007751
v 0.002873 0.003725 0.007653
v 0.002305 0.003517 0.007695
v 0.003521 0.004848 0.007050
v 0.003161 0.004947 0.007083
v 0.003448 0.004609 0.007219
v 0.000788 0.003542 0.007588
v 0.000886 0.003880 0.007515
v 0.000424 0.003848 0.007434
v 0.003247 0.003530 0.007720
v 0.003139 0.003155 0.007811
v 0.003406 0.005223 0.006864
v 0.003631 0.003783 0.007628
v 0.003281 0.003768 0.007643
v 0.000155 0.004076 0.007223
v -0.000660 0.003525 0.007035
v -0.001021 0.003289 0.006864
v 0.003194 0.004011 0.007551
v 0.000608 0.003008 0.007530
v 0.000555 0.003341 0.007529
v 0.000235 0.003238 0.007436
v -0.000291 0.003661 0.007187
v -0.000212 0.003529 0.007249
v -0.001552 0.005069 0.005376
v 0.002581 0.005375 0.006881
v 0.002597 0.005661 0.006707
v 0.002266 0.005563 0.006744
v 0.002769 0.004064 0.007514
v 0.002999 0.004470 0.007336
v 0.002033 0.005199 0.006899
v 0.001739 0.005574 0.006621
v 0.001550 0.005087 0.006821
v 0.000001 0.003729 0.007312
v 0.000318 0.003539 0.007448
v -0.000126 0.003331 0.007311
v 0.002396 0.005145 0.006984
v 0.001804 0.003631 0.007661
v 0.001835 0.003353 0.007750
v 0.001064 0.005473 0.006458
v 0.001356 0.005386 0.006599
v 0.001445 0.003937 0.007519
v 0.000972 0.004115 0.007367
v 0.001269 0.002972 0.007680
v 0.001124 0.002601 0.007570
v 0.001860 0.002721 0.007729
v 0.002556 0.002808 0.007813
v 0.002450 0.003165 0.007793
v 0.001857 0.003046 0.007767
v -0.000116 0.003786 0.007237
v 0.000255 0.004319 0.007034
v 0.000555 0.004144 0.007277
v 0.000409 0.002615 0.007379
v 0.001949 0.003863 0.007565
v 0.002406 0.003823 0.007593
v 0.002280 0.004214 0.007422
v 0.001543 0.004734 0.006995
v 0.001874 0.004834 0.007019
v -0.000091 0.002862 0.007276
v 0.001294 0.003294 0.007704
v 0.000883 0.003246 0.007627
v 0.001309 0.003594 0.007651
v 0.003470 0.004191 0.007461
v 0.002470 0.004739 0.007181
v 0.001662 0.004511 0.007155
v 0.000517 0.004417 0.007015
v 0.002757 0.005022 0.007064
v 0.002057 0.004566 0.007212
v -0.000808 0.002504 0.006903
v 0.002111 0.003680 0.007643
v 0.003711 0.004339 0.007341
v 0.003412 0.004406 0.007340
v 0.001220 0.004569 0.007063
v -0.001129 0.002725 0.006795
v 0.002212 0.004883 0.007068
v 0.001860 0.004049 0.007472
v 0.001769 0.004253 0.007349
v 0.000886 0.004372 0.007147
v 0.001303 0.004274 0.007292
v 0.002917 0.005425 0.006833
v 0.003281 0.005687 0.006576
v 0.003563 0.005467 0.006634
v -0.003722 0.002356 0.004697
v -0.003966 0.002767 0.004302
v -0.004047 0.002389 0.004206
v -0.001871 0.002911 0.006360
v -0.002121 0.003082 0.006159
v -0.002279 0.002794 0.006077
v -0.004286 0.001851 0.003761
v -0.004225 0.001944 0.003917
v -0.004368 0.002120 0.003636
v -0.004277 0.002740 0.003828
v -0.004478 0.002472 0.003515
v -0.004264 0.002355 0.003834
v -0.002324 0.001780 0.005865
v -0.002635 0.001473 0.005513
v -0.002359 0.001343 0.005584
v -0.002530 0.003209 0.005804
v -0.002026 0.003388 0.006155
v -0.002487 0.003508 0.005732
v -0.002527 0.002147 0.005850
v -0.001966 0.002389 0.006263
v -0.002166 0.002566 0.006158
v -0.002952 0.003668 0.005231
v -0.002851 0.003365 0.005462
v -0.003581 0.002894 0.004821
v -0.003929 0.003215 0.004273
v -0.003347 0.000848 0.004236
v -0.003430 0.000369 0.002926
v -0.001013 0.000248 0.003120
v -0.002794 0.004132 0.005040
v -0.002611 0.004266 0.005040
v -0.002758 0.004419 0.004813
v -0.003780 0.003587 0.004347
v -0.003812 0.003981 0.004071
v -0.004078 0.003574 0.003923
v -0.003316 0.002497 0.005185
v -0.003020 0.002249 0.005500
v -0.002922 0.002613 0.005561
v -0.003915 0.002020 0.004415
v -0.004069 0.001774 0.004158
v -0.003782 0.001757 0.004609
v -0.001562 0.004215 0.005947
v -0.001821 0.004040 0.005927
v -0.001575 0.004040 0.006122
v -0.003528 0.001515 0.004837
v -0.003118 0.001856 0.005349
v -0.003477 0.002002 0.005027
v -0.001905 0.004238 0.005726
v -0.003561 0.003354 0.004716
v -0.004549 0.002827 0.003413
v -0.004299 0.003156 0.003734
v -0.004129 0.002997 0.004022
v -0.004206 0.001599 0.003771
v -0.004210 0.001763 0.003917
v -0.001282 0.004177 0.006194
v -0.002205 0.003875 0.005737
v -0.001986 0.003928 0.005871
v -0.002065 0.004016 0.005718
v -0.001629 0.004454 0.005753
v -0.001129 0.002725 0.006795
v -0.001607 0.002723 0.006531
v -0.001482 0.002431 0.006552
v -0.001966 0.004575 0.005404
v -0.001482 0.004733 0.005671
v -0.002829 0.001704 0.005522
v -0.002932 0.001289 0.005186
v -0.004901 0.002361 0.003034
v -0.004722 0.002522 0.003225
v -0.004861 0.002730 0.003008
v -0.002322 0.004155 0.005369
v -0.002577 0.003937 0.005374
v -0.004709 0.002114 0.003283
v -0.004885 0.001808 0.003050
v -0.004666 0.001696 0.003259
v -0.001552 0.005069 0.005376
v -0.000808 0.002504 0.006903
v -0.001935 0.002107 0.006205
v -0.001740 0.001846 0.006207
v -0.002595 0.002866 0.005820
v -0.002615 0.002516 0.005828
v -0.004010 0.001340 0.004216
v -0.000767 0.002134 0.006781
v -0.001299 0.002154 0.006548
v -0.003440 0.003757 0.004683
v -0.003414 0.004207 0.004374
v -0.004696 0.001432 0.003202
v -0.004421 0.001549 0.003405
v -0.003709 0.002001 0.004715
v -0.001976 0.004921 0.005115
v -0.002280 0.004719 0.005011
v -0.002033 0.003659 0.006025
v -0.001530 0.003753 0.006338
v -0.001795 0.003879 0.006071
v -0.004130 0.002105 0.004066
v -0.004243 0.002152 0.003851
v -0.001507 0.003574 0.006468
v -0.001046 0.003868 0.006655
v -0.001263 0.004509 0.005967
v -0.003180 0.001456 0.005122
v -0.001408 0.003045 0.006648
v -0.001565 0.003268 0.006520
v -0.004398 0.001818 0.003498
v -0.001360 0.003935 0.006321
v -0.002526 0.003736 0.005560
v -0.004423 0.003472 0.003458
v -0.004603 0.003101 0.003287
v -0.005015 0.002063 0.002896
v -0.003052 0.003002 0.005384
v -0.003359 0.003163 0.005015
v -0.003073 0.004363 0.004603
v -0.001032 0.003545 0.006809
v -0.002832 0.003887 0.005204
v -0.003132 0.003998 0.004843
v -0.002006 0.001434 0.005844
v -0.004452 0.001302 0.003431
v -0.002432 0.004441 0.005062
v -0.003218 0.003393 0.005088
v -0.001081 0.001810 0.006490
v -0.001552 0.001528 0.006158
v -0.001078 0.001307 0.006267
v -0.001514 0.001093 0.005481
v -0.000795 0.000885 0.005572
v -0.001065 0.003011 0.006852
v -0.001021 0.003289 0.006864
v -0.002440 0.001045 0.004944
v -0.004298 0.000936 0.003600
v -0.003721 0.000581 0.003498
v -0.004237 0.000620 0.002841
v -0.002571 0.004632 0.004799
v -0.001953 0.001070 0.005136
v 0.001796 0.009200 -0.002054
v 0.002054 0.008932 -0.002221
v 0.001730 0.009015 -0.002251
v 0.002092 0.009388 -0.001645
v 0.001865 0.009371 -0.001844
v 0.001720 0.009597 -0.001673
v 0.002099 0.009576 -0.001327
v 0.001853 0.009646 -0.001487
v 0.002348 0.009466 -0.001252
v 0.002409 0.009329 -0.001442
v 0.002136 0.009152 -0.001936
v 0.000666 0.010809 -0.001245
v 0.000878 0.010642 -0.001293
v 0.000639 0.010664 -0.001395
v 0.004121 0.008257 -0.001324
v 0.004437 0.008045 -0.001505
v 0.004094 0.008151 -0.001648
v 0.002065 0.010283 0.000165
v 0.001954 0.010470 0.000339
v 0.002109 0.010228 0.000433
v 0.002114 0.009871 -0.000779
v 0.001959 0.010100 -0.000671
v 0.002082 0.010053 -0.000474
v 0.003416 0.008648 -0.001466
v 0.003010 0.009031 -0.001321
v 0.003276 0.008893 -0.001155
v 0.001604 0.010868 0.000083
v 0.001677 0.010808 0.000384
v 0.001795 0.010664 0.000254
v 0.000845 0.009807 -0.001899
v 0.000993 0.009868 -0.001802
v 0.001029 0.009580 -0.001997
v 0.001413 0.010685 -0.000736
v 0.001086 0.011035 -0.000710
v 0.001230 0.011048 -0.000483
v 0.000554 0.011008 -0.001165
v 0.000514 0.011344 -0.000972
v 0.000796 0.010981 -0.001048
v 0.002601 0.009347 -0.001155
v 0.002514 0.009065 -0.001816
v 0.000622 0.010440 -0.001558
v 0.000322 0.010426 -0.001645
v 0.000411 0.010640 -0.001506
v 0.003702 0.008626 -0.000949
v 0.003867 0.008522 -0.000728
v 0.003991 0.008404 -0.001006
v 0.001046 0.010190 -0.001538
v 0.000689 0.010038 -0.001783
v 0.002723 0.009132 -0.001493
v 0.003078 0.009062 -0.001097
v 0.001894 0.010516 -0.000016
v 0.001648 0.010652 -0.000353
v 0.000453 0.010820 -0.001345
v 0.002305 0.008781 -0.002304
v 0.002330 0.008958 -0.002076
v 0.002559 0.008759 -0.002185
v 0.004104 0.008039 -0.001954
v 0.003762 0.008239 -0.001840
v 0.002292 0.009878 -0.000211
v 0.002076 0.010189 -0.000129
v 0.002263 0.009968 0.000171
v 0.002987 0.008810 -0.001748
v 0.002440 0.009758 0.000395
v 0.002663 0.009494 0.000352
v 0.002499 0.009707 0.000133
v 0.003133 0.009065 -0.000865
v 0.003055 0.009173 -0.000459
v 0.003332 0.008957 -0.000592
v 0.003520 0.008838 -0.000061
v 0.003472 0.008868 -0.000330
v 0.003317 0.008990 -0.000291
v 0.001885 0.010250 -0.000607
v 0.001738 0.010206 -0.000868
v 0.001713 0.010445 -0.000600
v 0.002738 0.008811 -0.001987
v 0.002334 0.009755 -0.000543
v 0.002877 0.008565 -0.002200
v 0.003206 0.008471 -0.002012
v 0.002633 0.009517 -0.000256
v 0.002793 0.009363 -0.000385
v 0.002587 0.009515 -0.000566
v 0.003295 0.008895 0.000447
v 0.003738 0.008626 0.000279
v 0.003435 0.008906 -0.000426
v 0.001226 0.009629 -0.001907
v 0.001210 0.009831 -0.001740
v 0.004515 0.008091 -0.001186
v 0.004818 0.007939 -0.001360
v 0.002428 0.009573 -0.000824
v 0.003627 0.008739 -0.000502
v 0.000749 0.009683 -0.001985
v 0.001034 0.009232 -0.002214
v 0.001024 0.011354 -0.000388
v 0.000119 0.010896 -0.001456
v 0.003313 0.008546 -0.001772
v 0.003532 0.008692 -0.001159
v 0.003758 0.008498 -0.001270
v 0.004190 0.008314 -0.000639
v 0.004367 0.007995 -0.001756
v 0.003807 0.008387 -0.001544
v 0.003541 0.008428 -0.001698
v 0.004703 0.007910 -0.001717
v 0.004250 0.008249 -0.001023
v 0.003446 0.008369 -0.001865
v 0.001495 0.008928 -0.002371
v 0.001401 0.009292 -0.002111
v 0.004787 0.007829 -0.001910
v 0.004963 0.007817 -0.001813
v 0.004972 0.007717 -0.002073
v 0.002940 0.008339 -0.002490
v 0.002620 0.008408 -0.002582
v 0.001064 0.010802 -0.000997
v 0.003191 0.009059 0.000005
v 0.000531 0.010644 -0.001463
v 0.002511 0.009683 -0.000119
v 0.002383 0.009819 -0.000006
v 0.003447 0.008250 -0.002098
v 0.003160 0.008310 -0.002309
v 0.002851 0.009305 -0.000700
v 0.002884 0.009216 -0.001016
v 0.002672 0.009403 -0.000867
v 0.004528 0.007852 -0.002080
v 0.002719 0.009490 0.000018
v 0.003914 0.008505 -0.000452
v 0.002471 0.009673 -0.000351
v 0.003766 0.008064 -0.002175
v 0.002507 0.009605 0.000630
v 0.002802 0.009249 0.000662
v 0.003126 0.008859 0.000978
v 0.000955 0.011033 -0.000864
v 0.000804 0.011310 -0.000730
v 0.001889 0.010354 -0.000366
v 0.001237 0.011201 -0.000211
v 0.003444 0.008104 -0.002419
v 0.001416 0.010916 -0.000317
v 0.000294 0.011169 -0.001210
v 0.001976 0.010424 0.000607
v 0.002788 0.009414 -0.000173
v 0.003839 0.008591 -0.000132
v 0.002951 0.009261 -0.000128
v 0.002961 0.009225 0.000233
v 0.003142 0.009122 -0.000214
v 0.001826 0.008787 -0.002424
v 0.001699 0.008608 -0.002609
v 0.003434 0.008839 -0.000903
v 0.001213 0.010476 -0.001167
v 0.002384 0.008597 -0.002464
v 0.004119 0.007875 -0.002363
v 0.000514 0.010269 -0.001699
v 0.002002 0.009722 -0.001150
v 0.002222 0.009621 -0.001069
v 0.001431 0.010413 -0.001014
v 0.002098 0.008640 -0.002510
v 0.001971 0.009861 -0.001003
v 0.000424 0.010162 -0.001762
v 0.001371 0.010347 -0.001164
v 0.001523 0.010222 -0.001121
v 0.001404 0.010146 -0.001335
v 0.001525 0.009536 -0.001845
v 0.001402 0.009865 -0.001612
v 0.001748 0.009910 -0.001228
v 0.002251 0.009980 0.000657
v 0.001607 0.009848 -0.001472
v 0.001812 0.010664 0.000553
v 0.001385 0.011082 -0.000058
v 0.010286 0.002159 0.000561
v 0.010264 0.002226 0.001107
v 0.010277 0.001869 0.000828
v 0.007840 0.004788 0.003909
v 0.008000 0.005116 0.003411
v 0.007713 0.005173 0.003667
v 0.007490 0.004992 0.004082
v 0.008715 0.004626 0.002790
v 0.008317 0.005151 0.002780
v 0.008402 0.004794 0.003192
v 0.008327 0.005556 0.001447
v 0.008401 0.005419 0.001777
v 0.008691 0.005106 0.001215
v 0.009927 0.003219 -0.000180
v 0.009766 0.003518 -0.000444
v 0.009728 0.003592 -0.000051
v 0.009252 0.004368 0.000348
v 0.009214 0.004392 0.000667
v 0.009397 0.004138 0.000598
v 0.009069 0.004163 0.002698
v 0.009201 0.004119 0.002377
v 0.008936 0.004507 0.002401
v 0.008590 0.004969 0.002437
v 0.008851 0.004760 0.002018
v 0.009034 0.003760 0.003220
v 0.008903 0.004210 0.002986
v 0.008680 0.004240 0.003346
v 0.009052 0.003941 0.002979
v 0.009063 0.004031 0.002879
v 0.008659 0.005068 0.001773
v 0.008431 0.005253 0.002181
v 0.008931 0.004734 0.001555
v 0.009463 0.004032 0.000059
v 0.009411 0.003985 0.001762
v 0.009419 0.003861 0.002130
v 0.009572 0.003694 0.001810
v 0.010279 0.001879 0.000008
v 0.010243 0.001653 0.000233
v 0.010246 0.001684 -0.000162
v 0.010235 0.002412 0.001423
v 0.010203 0.002509 0.001218
v 0.010158 0.002609 0.001501
v 0.010105 0.001557 -0.000972
v 0.010140 0.001353 -0.000399
v 0.009961 0.001244 -0.001148
v 0.008683 0.004486 0.003064
v 0.010024 0.001159 -0.000289
v 0.009919 0.000957 -0.000688
v 0.008344 0.005234 0.002494
v 0.008167 0.005465 0.002533
v 0.010222 0.002440 0.000431
v 0.010243 0.002432 0.000880
v 0.009599 0.003807 -0.000396
v 0.010209 0.002165 -0.000652
v 0.010174 0.002027 -0.001117
v 0.010198 0.002326 -0.000995
v 0.009497 0.000519 0.000703
v 0.009725 0.000558 -0.000074
v 0.009843 0.000843 0.000248
v 0.010228 0.002310 -0.000080
v 0.010177 0.002595 -0.000011
v 0.009663 0.003681 0.001079
v 0.009593 0.003739 0.001493
v 0.009801 0.003407 0.001550
v 0.008371 0.005565 0.000951
v 0.010197 0.001917 -0.000575
v 0.010233 0.002100 -0.000252
v 0.010106 0.002852 0.000523
v 0.009995 0.001148 0.000621
v 0.009892 0.000925 -0.000172
v 0.008083 0.004435 0.003955
v 0.008187 0.004680 0.003601
v 0.010201 0.001562 -0.000357
v 0.009984 0.002881 0.001797
v 0.009930 0.002929 0.002025
v 0.010062 0.002718 0.001789
v 0.008280 0.004432 0.003711
v 0.008403 0.004469 0.003511
v 0.010148 0.001739 0.001680
v 0.010203 0.001659 0.001168
v 0.010234 0.001860 0.001344
v 0.008370 0.004185 0.003831
v 0.010064 0.001460 0.001479
v 0.010164 0.001750 -0.000834
v 0.010229 0.001736 -0.000420
v 0.008692 0.003829 0.003693
v 0.010062 0.001674 -0.001581
v 0.010130 0.001792 -0.001281
v 0.009899 0.003281 0.000850
v 0.009183 0.004259 0.002063
v 0.010205 0.002418 -0.000483
v 0.009708 0.003648 0.000471
v 0.009510 0.003971 0.000905
v 0.008038 0.005936 0.001332
v 0.008135 0.005740 0.001766
v 0.009903 0.003253 -0.000698
v 0.010188 0.002002 0.001743
v 0.010259 0.002037 0.001296
v 0.010040 0.002984 -0.000476
v 0.010058 0.002886 -0.001036
v 0.010234 0.001591 0.000699
v 0.010188 0.001418 0.000264
v 0.010157 0.001450 0.000908
v 0.007951 0.005372 0.003163
v 0.008142 0.005201 0.003082
v 0.007969 0.005504 0.002931
v 0.009808 0.000951 0.001369
v 0.009942 0.001237 0.001503
v 0.010141 0.002705 -0.000460
v 0.010069 0.002899 -0.000019
v 0.010161 0.002581 -0.000873
v 0.009860 0.003366 0.000149
v 0.010164 0.002667 0.000828
v 0.009811 0.002875 0.002477
v 0.009756 0.003162 0.002259
v 0.009606 0.003299 0.002559
v 0.010162 0.002651 0.001088
v 0.010192 0.002510 0.001669
v 0.010255 0.002290 0.001639
v 0.010119 0.002700 0.001321
v 0.009628 0.003487 0.002130
v 0.009376 0.003743 0.002541
v 0.010068 0.002041 0.002200
v 0.010103 0.002245 0.002087
v 0.009974 0.001942 0.002444
v 0.010066 0.001856 0.002108
v 0.009556 0.003037 0.002941
v 0.009357 0.003466 0.002930
v 0.009228 0.003207 0.003381
v 0.009987 0.001638 0.002153
v 0.009723 0.002655 0.002894
v 0.010103 0.001273 0.000058
v 0.008075 0.005697 0.002192
v 0.010261 0.002151 0.000142
v 0.007855 0.005760 0.002646
v 0.010232 0.002227 -0.000367
v 0.008611 0.005265 0.000447
v 0.009946 0.003193 0.000309
v 0.009329 0.004209 -0.000530
v 0.009123 0.004553 -0.000060
v 0.010037 0.002806 0.001566
v 0.009742 0.000623 -0.000543
v 0.010039 0.002943 0.001186
v 0.007466 0.005331 0.003784
v 0.007700 0.005483 0.003334
v 0.010060 0.002571 0.002026
v 0.009184 0.004357 0.001644
v 0.007729 0.005993 0.002324
v 0.008135 0.005865 0.000762
v 0.008295 0.005686 0.000463
v 0.008026 0.006009 0.000307
v 0.007891 0.006143 0.000802
v 0.009937 0.002150 0.002596
v 0.007684 0.005754 0.002954
v 0.009932 0.002481 0.002499
v 0.009439 0.004031 0.001337
v 0.007875 0.006001 0.001866
v 0.009622 0.000623 -0.001197
v 0.008994 0.004712 0.000554
v 0.008855 0.004939 0.000056
v 0.009944 0.003055 0.001696
v 0.009791 0.002366 0.002890
v 0.009816 0.003226 0.001945
v 0.009174 0.003868 0.002870
v 0.009188 0.004419 0.001059
v 0.007186 0.005163 0.004238
v 0.008917 0.003481 0.003637
v -0.004065 0.005604 -0.001054
v -0.003814 0.005827 -0.001303
v -0.004082 0.005529 -0.001389
v -0.004517 0.005007 0.000122
v -0.004722 0.004767 -0.000060
v -0.004789 0.004599 0.000337
v -0.004444 0.005152 -0.000244
v -0.004717 0.004799 -0.000403
v -0.004049 0.005671 -0.000675
v -0.003723 0.006023 -0.000860
v -0.004282 0.005367 -0.000578
v -0.004088 0.005618 -0.000253
v -0.004249 0.005399 -0.000850
v -0.004325 0.005256 -0.001192
v -0.005782 0.001714 -0.001129
v -0.005867 0.002066 -0.000895
v -0.005823 0.002068 -0.001349
v -0.005294 0.003718 0.000863
v -0.005517 0.003358 0.000866
v -0.005156 0.003659 0.001384
v -0.005887 0.002442 -0.000939
v -0.004242 0.005143 0.001125
v -0.004489 0.004755 0.001263
v -0.004269 0.004944 0.001650
v -0.004536 0.005037 -0.000738
v -0.004284 0.005220 -0.001672
v -0.004247 0.005368 0.000087
v -0.004733 0.004518 0.000938
v -0.004739 0.004305 0.001549
v -0.004710 0.004783 -0.001247
v -0.004403 0.005056 0.000636
v -0.004981 0.004461 -0.000179
v -0.004932 0.004298 0.000692
v -0.004928 0.004150 0.001087
v -0.005127 0.004001 0.000774
v -0.004970 0.003971 0.001413
v -0.005096 0.003899 0.001117
v -0.005460 0.003607 0.000532
v -0.005867 0.002008 -0.000010
v -0.005895 0.002250 -0.000459
v -0.005849 0.001886 -0.000567
v -0.005107 0.004292 -0.001040
v -0.004954 0.004434 -0.001375
v -0.005150 0.004140 0.000305
v -0.005881 0.002581 0.000246
v -0.005876 0.002761 -0.000101
v -0.005915 0.002529 -0.000216
v -0.005435 0.003773 0.000168
v -0.005319 0.004013 -0.000207
v -0.005125 0.004220 -0.001433
v -0.005892 0.002288 0.000167
v -0.004897 0.004587 -0.000675
v -0.005162 0.004245 -0.000569
v -0.005790 0.002678 0.000771
v -0.005828 0.002359 0.000742
v -0.005307 0.003858 0.000514
v -0.005736 0.003139 0.000388
v -0.005832 0.002862 0.000286
v -0.005706 0.002976 0.000817
v -0.005816 0.003093 -0.000211
v -0.005317 0.003971 -0.001251
v -0.005750 0.001583 -0.000602
v -0.005637 0.002483 0.001401
v -0.005669 0.002176 0.001286
v -0.005488 0.002166 0.001880
v -0.005881 0.002714 -0.000490
v -0.005820 0.002926 -0.000941
v -0.005603 0.002834 0.001316
v -0.005377 0.003949 -0.000710
v -0.005539 0.003665 -0.000958
v -0.005812 0.002671 -0.001357
v -0.005768 0.001992 0.000774
v -0.005563 0.001933 0.001560
v -0.005786 0.001843 0.000311
v -0.005790 0.001734 -0.000094
v -0.005630 0.003415 0.000240
v -0.005580 0.003611 -0.000352
v -0.005513 0.003104 0.001286
v -0.005895 0.002495 -0.000542
v -0.005797 0.002377 -0.001575
v -0.004905 0.003933 0.001806
v -0.005736 0.002953 -0.001520
v -0.005706 0.003326 -0.000789
v -0.005723 0.002678 -0.001860
v -0.005549 0.001177 -0.000923
v -0.005680 0.001558 -0.001611
v -0.005740 0.001830 -0.001619
v -0.005625 0.001785 -0.002066
v -0.005726 0.002074 -0.001847
v -0.005695 0.002356 -0.002018
v -0.005594 0.002551 -0.002346
v -0.005431 0.002436 -0.002871
v -0.005561 0.002135 -0.002431
v -0.005584 0.002940 -0.002258
v -0.005310 0.003329 -0.002763
v -0.005448 0.003081 -0.002572
v -0.005463 0.003341 -0.002300
v -0.005201 0.003733 -0.002574
v -0.005149 0.003506 -0.002959
v -0.004907 0.003887 -0.003022
v -0.005472 0.002769 -0.002651
v -0.004249 0.004639 -0.003090
v -0.004535 0.004429 -0.002926
v -0.004272 0.004728 -0.002916
v -0.003968 0.004988 -0.003042
v -0.004317 0.004827 -0.002632
v -0.003871 0.005699 -0.001656
v -0.003899 0.005563 -0.001990
v -0.003554 0.005799 -0.002370
v -0.004117 0.005231 -0.002226
v -0.003479 0.005546 -0.003062
v -0.003855 0.005328 -0.002686
v -0.003566 0.005629 -0.002747
v -0.003542 0.006032 -0.001559
v -0.003035 0.005948 -0.003082
v -0.003277 0.005898 -0.002797
v -0.003605 0.005895 -0.001917
v -0.005356 0.002996 -0.002882
v -0.005480 0.001417 -0.002173
v -0.005406 0.000960 -0.001739
v -0.004390 0.005016 -0.001962
v -0.004653 0.004742 -0.001760
v -0.004865 0.004420 -0.002094
v -0.004509 0.004798 -0.002169
v -0.004634 0.004567 -0.002407
v -0.004951 0.004402 -0.001659
v -0.005196 0.004052 -0.001771
v -0.005596 0.003149 -0.002002
v -0.005666 0.002962 -0.001880
v -0.005647 0.003125 -0.001762
v -0.004599 0.004512 -0.002619
v -0.004826 0.004595 -0.001497
v -0.005448 0.003700 -0.001509
v -0.005343 0.003719 -0.002060
v -0.005597 0.003463 -0.001254
v -0.005698 0.003205 -0.001282
v -0.004872 0.004229 -0.002564
v -0.005656 0.003155 -0.001572
v -0.005563 0.003369 -0.001722
v -0.005114 0.004027 -0.002233
v -0.004828 0.003202 0.002883
v -0.005198 0.002653 0.002454
v -0.004861 0.002730 0.003008
v -0.003812 0.003981 0.004071
v -0.003414 0.004207 0.004374
v -0.003626 0.004475 0.003862
v -0.005285 0.003355 0.001584
v -0.004188 0.003859 0.003595
v -0.004423 0.003472 0.003458
v -0.004078 0.003574 0.003923
v -0.005306 0.003102 0.001875
v -0.004283 0.004054 0.003278
v -0.004552 0.003949 0.002858
v -0.004507 0.003702 0.003167
v -0.004472 0.004585 0.001876
v -0.004255 0.004825 0.002063
v -0.005172 0.002996 0.002334
v -0.005425 0.002734 0.001885
v -0.003989 0.004262 0.003558
v -0.004732 0.003580 0.002817
v -0.004827 0.003640 0.002545
v -0.004999 0.003325 0.002451
v -0.005045 0.003469 0.002138
v -0.004631 0.004263 0.002121
v -0.004453 0.004291 0.002627
v -0.004347 0.004590 0.002357
v -0.005329 0.002324 0.002253
v -0.005225 0.002348 0.002471
v -0.003778 0.004779 0.003277
v -0.004129 0.004654 0.002784
v -0.004209 0.004348 0.003077
v -0.005436 0.002465 0.001971
v -0.005092 0.002361 0.002727
v -0.005041 0.003638 0.001872
v -0.004789 0.003880 0.002326
v -0.004063 0.004916 0.002420
v -0.004603 0.003101 0.003287
v 0.010011 0.002587 -0.002184
v 0.009866 0.002574 -0.002661
v 0.009833 0.002842 -0.002413
v 0.008311 0.002003 -0.005190
v 0.008485 0.001787 -0.004916
v 0.008250 0.001704 -0.005211
v 0.008555 0.001165 -0.004252
v 0.008451 0.001443 -0.004765
v 0.008938 0.001551 -0.004139
v 0.008742 0.001749 -0.004576
v 0.009882 0.002987 -0.002007
v 0.009633 0.003192 -0.002398
v 0.009018 0.003873 -0.002797
v 0.009203 0.003420 -0.003044
v 0.008685 0.003986 -0.003242
v 0.009281 0.001859 -0.003845
v 0.009309 0.001608 -0.003600
v 0.008649 0.001952 -0.004740
v 0.008995 0.001974 -0.004289
v 0.009898 0.001488 -0.001976
v 0.010062 0.001674 -0.001581
v 0.009961 0.001244 -0.001148
v 0.009030 0.002270 -0.004196
v 0.009288 0.002458 -0.003727
v 0.009336 0.002143 -0.003787
v 0.008937 0.002488 -0.004215
v 0.008723 0.002379 -0.004558
v 0.008553 0.002623 -0.004642
v 0.008442 0.004735 -0.002628
v 0.008886 0.004279 -0.002423
v 0.008634 0.004341 -0.002852
v 0.009459 0.003709 -0.001853
v 0.009532 0.003709 -0.001484
v 0.009679 0.003502 -0.001535
v 0.009804 0.002070 -0.003013
v 0.009794 0.001808 -0.002849
v 0.009598 0.001706 -0.003185
v 0.008691 0.002150 -0.004676
v 0.008427 0.002324 -0.004979
v 0.008130 0.000811 -0.004450
v 0.008706 0.004835 -0.001675
v 0.008818 0.004835 -0.001175
v 0.008959 0.004541 -0.001518
v 0.009587 0.001400 -0.002862
v 0.009859 0.001697 -0.002514
v 0.008112 0.001448 -0.005238
v 0.007995 0.001077 -0.005007
v 0.007783 0.001312 -0.005501
v 0.009552 0.001956 -0.003449
v 0.008865 0.001130 -0.003716
v 0.008947 0.002753 -0.004037
v 0.009626 0.002255 -0.003347
v 0.009375 0.003406 -0.002713
v 0.009610 0.002923 -0.002833
v 0.008174 0.004747 -0.003094
v 0.008061 0.005119 -0.002737
v 0.008915 0.004468 -0.001929
v 0.009118 0.004271 -0.001633
v 0.007626 0.005403 -0.003021
v 0.007684 0.005057 -0.003434
v 0.009343 0.003979 -0.001533
v 0.009597 0.003733 -0.001008
v 0.008464 0.003125 -0.004378
v 0.009951 0.002020 -0.002560
v 0.009661 0.003358 -0.001979
v 0.009975 0.002316 -0.002613
v 0.009841 0.002378 -0.002948
v 0.010122 0.002244 -0.001792
v 0.010120 0.002029 -0.001676
v 0.010071 0.002236 -0.002150
v 0.009269 0.002748 -0.003566
v 0.008932 0.003125 -0.003772
v 0.009215 0.001165 -0.003273
v 0.007314 0.006082 -0.002321
v 0.007689 0.005842 -0.002088
v 0.007792 0.005539 -0.002465
v 0.009178 0.004064 -0.001980
v 0.010109 0.002447 -0.001790
v 0.010153 0.002277 -0.001481
v 0.009321 0.003008 -0.003273
v 0.009587 0.002589 -0.003205
v 0.010017 0.001874 -0.002120
v 0.008978 0.003423 -0.003416
v 0.009575 0.000914 -0.001955
v 0.009622 0.000623 -0.001197
v 0.009641 0.001258 -0.002430
v 0.008705 0.001182 -0.003998
v 0.008614 0.004758 -0.002188
v 0.008253 0.005107 -0.002381
v 0.009766 0.002584 -0.002881
v 0.009951 0.002995 -0.001491
v 0.010058 0.002886 -0.001036
v 0.010048 0.002735 -0.001651
v 0.008455 0.005215 -0.001605
v 0.008643 0.005002 -0.001395
v 0.009823 0.003208 -0.001664
v 0.007496 0.000850 -0.005304
v 0.008546 0.003693 -0.003762
v 0.007967 0.005586 -0.002038
v 0.008249 0.005362 -0.001875
v 0.008261 0.005449 -0.001673
v 0.007537 0.006114 -0.001828
v 0.010133 0.002534 -0.001301
v 0.008010 0.004479 -0.003670
v 0.009318 0.003707 -0.002351
v 0.007976 0.006064 -0.000286
v 0.008026 0.006009 0.000307
v 0.008325 0.005663 -0.000000
v 0.007885 0.001970 -0.005677
v 0.008034 0.002251 -0.005479
v 0.008133 0.005344 -0.002162
v 0.008423 0.005083 -0.001999
v 0.009858 0.003251 -0.001243
v 0.008491 0.005312 -0.001167
v 0.009182 0.004320 -0.001143
v 0.007887 0.005813 -0.001735
v 0.007750 0.006104 -0.001359
v 0.008269 0.005507 -0.001424
v 0.008097 0.005557 -0.001788
v 0.008120 0.005613 -0.001602
v 0.008033 0.005776 -0.001447
v 0.008127 0.005784 -0.001109
v 0.006630 0.001453 -0.006410
v 0.006865 0.001714 -0.006369
v 0.007140 0.001520 -0.006101
v 0.008664 0.005167 -0.000693
v 0.008334 0.005636 -0.000467
v 0.008613 0.005279 -0.000179
v 0.008186 0.002867 -0.004918
v 0.007748 0.002880 -0.005402
v 0.007916 0.003261 -0.004924
v 0.010198 0.002326 -0.000995
v 0.009903 0.003253 -0.000698
v 0.008317 0.005627 -0.000804
v 0.008611 0.005265 0.000447
v 0.008855 0.004939 0.000056
v 0.008862 0.004930 -0.000320
v 0.008117 0.005864 -0.000544
v 0.010130 0.001792 -0.001281
v 0.010174 0.002027 -0.001117
v 0.007349 0.001201 -0.005776
v 0.006743 0.001049 -0.006046
v 0.008295 0.005686 0.000463
v 0.009005 0.004672 -0.000664
v 0.008035 0.005969 -0.000697
v 0.008203 0.005771 -0.000637
v 0.009599 0.003807 -0.000396
v 0.009766 0.003518 -0.000444
v 0.005935 0.000272 -0.005693
v 0.006706 0.000647 -0.005641
v 0.008277 0.000699 -0.003251
v 0.008101 0.000685 -0.003774
v 0.007107 0.000821 -0.005621
v 0.006861 0.000428 -0.004960
v 0.007373 0.000564 -0.004422
v 0.008811 0.000727 -0.002684
v 0.007447 0.000568 -0.003873
v 0.007205 0.001851 -0.006192
v 0.008080 0.003967 -0.004090
v 0.007524 0.001991 -0.006000
v 0.007156 0.002162 -0.006238
v 0.007553 0.001766 -0.005920
v 0.008570 0.003351 -0.004038
v 0.007918 0.001651 -0.005582
v 0.007578 0.001509 -0.005796
v 0.007753 0.002487 -0.005646
v 0.007480 0.002681 -0.005818
v 0.008084 0.001841 -0.005447
v 0.007636 0.002218 -0.005889
v 0.009123 0.004553 -0.000060
v 0.008110 0.002567 -0.005223
v 0.007332 0.002465 -0.006059
v 0.008054 0.003605 -0.004463
v 0.007778 0.006186 -0.000942
v 0.009329 0.004209 -0.000530
v 0.007635 0.006399 -0.000506
v 0.008450 0.003553 -0.004042
v 0.008355 0.003695 -0.003995
v 0.008256 0.003655 -0.004151
v 0.010161 0.002581 -0.000873
v 0.008367 0.003451 -0.004214
v -0.003811 0.004778 -0.003435
v -0.003650 0.005115 -0.003347
v -0.003636 0.004939 -0.003547
v -0.002440 0.005316 -0.004404
v -0.002241 0.005181 -0.004650
v -0.002467 0.004965 -0.004661
v -0.004049 0.004703 -0.003280
v -0.003884 0.004890 -0.003269
v -0.004249 0.004639 -0.003090
v -0.003968 0.004988 -0.003042
v -0.001371 0.003807 -0.006673
v -0.001869 0.003935 -0.006328
v -0.001519 0.004216 -0.006366
v -0.001573 0.005639 -0.004833
v -0.001815 0.005647 -0.004608
v -0.001460 0.005993 -0.004536
v -0.001504 0.002583 -0.006877
v -0.001240 0.002265 -0.006991
v -0.001641 0.002264 -0.006782
v -0.000665 0.004159 -0.006753
v -0.001019 0.003970 -0.006733
v -0.001136 0.004188 -0.006572
v -0.002496 0.004351 -0.005408
v -0.002872 0.004147 -0.005258
v -0.002863 0.004485 -0.004881
v -0.001262 0.002721 -0.006997
v -0.001430 0.002983 -0.006887
v -0.003396 0.005124 -0.003659
v -0.002438 0.005742 -0.004029
v -0.002923 0.005555 -0.003754
v -0.002566 0.005927 -0.003718
v -0.002525 0.004762 -0.004884
v -0.002652 0.004780 -0.004727
v -0.003315 0.004914 -0.003961
v -0.003229 0.004664 -0.004328
v -0.003567 0.004586 -0.004046
v -0.002335 0.004671 -0.005210
v -0.002032 0.004556 -0.005655
v -0.002252 0.004244 -0.005765
v -0.001881 0.004280 -0.006060
v -0.000998 0.006613 -0.004141
v -0.001116 0.006642 -0.003959
v -0.000954 0.006758 -0.003921
v -0.003228 0.005541 -0.003416
v -0.002810 0.005908 -0.003451
v -0.001302 0.005885 -0.004774
v -0.001315 0.005689 -0.004953
v -0.003087 0.005806 -0.003254
v -0.002868 0.005996 -0.003256
v -0.001549 0.004456 -0.006145
v -0.001690 0.004568 -0.005939
v -0.002772 0.004907 -0.004518
v -0.002246 0.006143 -0.003788
v -0.002484 0.006136 -0.003557
v -0.003479 0.005546 -0.003062
v -0.002657 0.003990 -0.005616
v -0.002251 0.003977 -0.005989
v -0.001040 0.005908 -0.004981
v -0.001210 0.004518 -0.006291
v -0.000823 0.004508 -0.006477
v -0.002641 0.006200 -0.003275
v -0.002269 0.006339 -0.003505
v -0.001131 0.002545 -0.007065
v -0.002981 0.003191 -0.005792
v -0.003128 0.002958 -0.005761
v -0.003242 0.003212 -0.005586
v -0.000659 0.006757 -0.004167
v -0.000772 0.006557 -0.004462
v -0.001952 0.006377 -0.003718
v -0.002025 0.006585 -0.003287
v -0.001752 0.006607 -0.003570
v -0.001227 0.006703 -0.003786
v -0.000997 0.006856 -0.003714
v -0.001234 0.001951 -0.006935
v -0.001517 0.001666 -0.006687
v -0.001512 0.002034 -0.006811
v -0.002292 0.002199 -0.006381
v -0.002262 0.002534 -0.006439
v -0.001948 0.002421 -0.006625
v -0.001184 0.006965 -0.003256
v -0.001429 0.006775 -0.003508
v -0.001498 0.006913 -0.003107
v -0.001263 0.006520 -0.004011
v -0.001205 0.006364 -0.004311
v -0.002341 0.006441 -0.003245
v -0.000772 0.005589 -0.005568
v -0.000982 0.005305 -0.005730
v -0.001095 0.005387 -0.005571
v -0.004067 0.004138 -0.003972
v -0.004259 0.004117 -0.003733
v -0.003927 0.004360 -0.003897
v -0.003753 0.003318 -0.005039
v -0.003571 0.003599 -0.005030
v -0.003503 0.003374 -0.005200
v -0.001006 0.001801 -0.007004
v -0.000612 0.001796 -0.007183
v -0.000784 0.001590 -0.007008
v -0.001858 0.005255 -0.004965
v -0.002053 0.005374 -0.004660
v -0.003877 0.003566 -0.004760
v -0.003662 0.003828 -0.004765
v -0.001561 0.006235 -0.004210
v -0.002509 0.002725 -0.006274
v -0.002622 0.002386 -0.006189
v -0.001990 0.002833 -0.006604
v -0.003885 0.004140 -0.004206
v -0.001577 0.006471 -0.003900
v -0.001946 0.006106 -0.004073
v -0.001136 0.004856 -0.006073
v -0.000819 0.004837 -0.006252
v -0.004342 0.004381 -0.003311
v -0.003688 0.004736 -0.003718
v -0.001907 0.002072 -0.006595
v -0.000278 0.001927 -0.007356
v -0.000168 0.001682 -0.007298
v -0.001374 0.003403 -0.006808
v -0.001626 0.003571 -0.006634
v -0.003036 0.003862 -0.005355
v -0.003028 0.003587 -0.005577
v -0.003305 0.003625 -0.005254
v -0.001121 0.005641 -0.005206
v -0.001238 0.005411 -0.005397
v -0.001492 0.005441 -0.005114
v -0.002856 0.002847 -0.006017
v -0.002831 0.003102 -0.005969
v -0.002425 0.003137 -0.006269
v -0.003521 0.002912 -0.005458
v -0.000955 0.006215 -0.004711
v -0.002878 0.002567 -0.006016
v 0.000299 0.001935 -0.007549
v -0.001761 0.005942 -0.004361
v -0.002088 0.005674 -0.004385
v -0.001849 0.003339 -0.006590
v -0.000668 0.006915 -0.003811
v -0.002235 0.003600 -0.006236
v -0.001189 0.006881 -0.003430
v -0.000939 0.006970 -0.003463
v -0.001174 0.006837 -0.003570
v -0.003373 0.002592 -0.005651
v -0.001809 0.003673 -0.006498
v -0.001423 0.004702 -0.006006
v -0.001277 0.005028 -0.005800
v -0.001405 0.006399 -0.004107
v -0.003537 0.003168 -0.005310
v -0.002913 0.005194 -0.004118
v -0.002630 0.003696 -0.005876
v -0.003982 0.003846 -0.004447
v -0.003511 0.004179 -0.004568
v -0.002841 0.003520 -0.005784
v -0.002962 0.003378 -0.005740
v 0.000292 0.001681 -0.007440
v 0.000259 0.001461 -0.007329
v -0.000734 0.002043 -0.007195
v -0.000209 0.002178 -0.007431
v -0.001560 0.005136 -0.005419
v -0.003035 0.005948 -0.003082
v -0.003278 0.003955 -0.005016
v -0.003647 0.004377 -0.004222
v -0.001264 0.005236 -0.005567
v -0.000583 0.003288 -0.007155
v -0.000971 0.003131 -0.007067
v -0.001023 0.003476 -0.006940
v -0.002711 0.003391 -0.005961
v -0.004197 0.004310 -0.003584
v -0.004355 0.004191 -0.003474
v -0.000729 0.003732 -0.006948
v -0.000843 0.005119 -0.006010
v -0.001661 0.004805 -0.005698
v -0.000482 0.002824 -0.007300
v -0.000695 0.002432 -0.007256
v -0.000178 0.002492 -0.007440
v -0.002209 0.005395 -0.004513
v -0.002103 0.005168 -0.004808
v -0.002226 0.004972 -0.004941
v -0.003331 0.003373 -0.005405
v -0.001008 0.007033 -0.003282
v -0.000855 0.007119 -0.003196
v -0.000974 0.002777 -0.007123
v -0.001946 0.004884 -0.005319
v -0.000316 0.001358 -0.007073
v -0.000556 0.007102 -0.003515
v -0.004197 0.003966 -0.004044
v -0.001710 0.006727 -0.003294
v -0.000392 0.007264 -0.003259
v -0.004017 0.004531 -0.003545
v -0.003140 0.005219 -0.003862
v -0.000620 0.007307 -0.002999
v -0.001701 0.014289 0.000599
v -0.001914 0.014476 0.000621
v -0.001831 0.014500 0.000828
v -0.000793 0.013691 0.001587
v -0.000631 0.013498 0.001604
v -0.000686 0.013570 0.001414
v -0.001623 0.014350 0.000891
v -0.001466 0.014284 0.001116
v -0.001452 0.014161 0.000827
v -0.000874 0.013150 0.002825
v -0.000870 0.013365 0.002604
v -0.001083 0.013562 0.002696
v -0.000307 0.012633 0.002524
v -0.000114 0.012492 0.002393
v -0.000200 0.012712 0.002317
v 0.000270 0.012542 0.000972
v 0.000284 0.012545 0.001112
v 0.000450 0.012365 0.001061
v -0.000624 0.013469 0.001119
v -0.000945 0.013852 0.001391
v -0.000033 0.012537 0.002201
v 0.000135 0.012441 0.001990
v -0.000057 0.012686 0.001973
v 0.000075 0.012353 0.002251
v 0.000226 0.012116 0.002246
v 0.000267 0.012230 0.002009
v -0.000978 0.013822 0.001047
v -0.001225 0.014044 0.001104
v -0.000320 0.012729 -0.000096
v -0.000255 0.012885 0.000247
v -0.000112 0.012643 0.000078
v 0.000692 0.012004 0.000302
v 0.000787 0.011978 0.000608
v 0.000918 0.011748 0.000309
v -0.001284 0.014167 0.001403
v 0.000423 0.012193 0.000093
v 0.000165 0.012473 0.000175
v 0.000340 0.012322 0.000279
v -0.000041 0.012705 0.000322
v -0.002131 0.014291 0.000140
v -0.002216 0.014530 0.000357
v -0.001944 0.014355 0.000366
v -0.002407 0.014417 0.000108
v -0.002487 0.014683 0.000322
v -0.000035 0.012830 0.001528
v -0.000229 0.013016 0.001652
v -0.000231 0.012927 0.001854
v 0.000505 0.012226 0.000448
v 0.000293 0.012430 0.000424
v 0.001030 0.011606 0.000590
v 0.001373 0.011158 0.000159
v 0.001604 0.010868 0.000083
v 0.001385 0.011082 -0.000058
v -0.000724 0.013303 0.002488
v -0.000929 0.013588 0.002396
v 0.001812 0.010664 0.000553
v 0.001639 0.010919 0.000629
v 0.001677 0.010818 0.000795
v -0.002079 0.014563 0.000531
v -0.002074 0.014660 0.000758
v -0.000365 0.013222 0.001463
v -0.000513 0.013067 0.000168
v -0.001694 0.014480 0.001094
v -0.001229 0.013972 0.002362
v -0.001332 0.014204 0.002047
v -0.001528 0.014301 0.002387
v 0.000574 0.012139 0.001302
v 0.000365 0.012378 0.001413
v -0.002017 0.014852 0.001318
v -0.001783 0.014636 0.001329
v -0.001973 0.014750 0.001056
v -0.000486 0.013172 0.000511
v -0.000284 0.012892 0.002132
v -0.000167 0.012914 0.000535
v -0.000106 0.012934 0.000839
v 0.000098 0.012657 0.000531
v 0.000344 0.012457 0.000720
v 0.000554 0.012206 0.000750
v 0.000691 0.012060 0.000956
v -0.002633 0.014565 0.000115
v 0.000897 0.011832 0.000852
v 0.001277 0.011295 0.000430
v 0.001443 0.011099 0.000326
v -0.000382 0.013171 0.000818
v -0.000300 0.013139 0.001024
v -0.000633 0.013445 0.001803
v -0.000762 0.013618 0.001745
v -0.000783 0.013529 0.002027
v -0.000957 0.013358 0.000061
v -0.000921 0.013464 0.000306
v -0.000747 0.013237 0.000152
v 0.000806 0.011688 0.001633
v 0.001042 0.011467 0.001337
v 0.000655 0.011922 0.001533
v 0.000442 0.012099 0.001816
v 0.000401 0.012075 0.001999
v -0.000825 0.013534 0.000566
v -0.000625 0.013425 0.000785
v -0.000334 0.013141 0.001730
v 0.000184 0.012525 0.001664
v -0.001000 0.013783 0.002120
v -0.000474 0.013190 0.001982
v -0.001235 0.013764 0.002667
v -0.001332 0.013737 0.002813
v 0.001036 0.011598 0.000855
v 0.001536 0.010989 0.000429
v -0.001491 0.013969 0.002771
v -0.001319 0.013920 0.002641
v 0.001163 0.011451 0.000269
v -0.001161 0.013780 0.002547
v 0.001217 0.011378 0.000700
v 0.001378 0.011172 0.000518
v -0.000925 0.013821 0.001806
v 0.000119 0.012692 0.000871
v -0.000684 0.013290 0.000357
v -0.001442 0.014011 0.000505
v -0.001163 0.014067 0.001746
v 0.000248 0.012553 0.001332
v -0.000424 0.013042 0.002295
v -0.000321 0.012864 0.002312
v -0.001569 0.013867 0.002942
v -0.001199 0.013527 0.000022
v -0.001397 0.013777 0.000196
v -0.001129 0.013588 0.000205
v 0.001047 0.011497 -0.000018
v 0.000890 0.011786 0.001125
v 0.001677 0.010808 0.000384
v -0.000676 0.013071 0.002632
v -0.000555 0.013100 0.002465
v -0.002316 0.014786 0.000607
v -0.001162 0.013430 0.002936
v 0.001223 0.011337 0.000967
v -0.000480 0.013313 0.001716
v -0.000634 0.013307 0.002279
v 0.001429 0.011133 0.000687
v -0.001532 0.014415 0.001391
v -0.002755 0.014798 0.000269
v -0.002683 0.015033 0.000591
v -0.001144 0.013721 0.000452
v 0.000719 0.011848 0.000008
v -0.001628 0.013706 0.003175
v -0.001810 0.014123 0.003061
v -0.001839 0.013963 0.003282
v -0.000780 0.012820 0.002961
v -0.000679 0.012850 0.002875
v -0.000881 0.013671 0.000826
v -0.001186 0.013923 0.000768
v -0.000115 0.012965 0.001156
v -0.001399 0.013565 0.003042
v -0.001246 0.013327 0.003074
v 0.000144 0.012686 0.001170
v 0.000364 0.012250 0.001674
v -0.001039 0.013736 0.000671
v 0.001501 0.011022 0.000845
v -0.000361 0.013194 0.001197
v -0.001127 0.013951 0.002024
v -0.001733 0.014076 0.000233
v -0.001938 0.014203 0.000186
v 0.001261 0.011288 0.000028
v 0.000580 0.011939 0.001817
v -0.001629 0.014111 0.002827
v -0.001740 0.014358 0.002749
v 0.001529 0.010863 0.001102
v -0.001487 0.014122 0.002622
v -0.001761 0.014565 0.002449
v -0.001614 0.014504 0.002073
v -0.001869 0.014708 0.002248
v -0.000496 0.012873 0.002550
v -0.001667 0.014585 0.001655
v -0.001916 0.014804 0.001590
v -0.001857 0.014759 0.001943
v -0.001404 0.014318 0.001717
v -0.000386 0.012863 0.002430
v -0.001991 0.014044 -0.000005
v -0.002279 0.015047 0.001231
v -0.002346 0.014980 0.000937
v -0.001053 0.013073 0.003067
v -0.001378 0.013309 0.003226
v -0.002490 0.015013 0.000764
v -0.001975 0.013929 0.003367
v -0.001776 0.013699 0.003316
v -0.002959 0.015049 0.000386
v -0.002992 0.014853 0.000201
v -0.000491 0.012753 0.002688
v -0.000650 0.012928 0.002774
v -0.001916 0.013700 0.003355
v -0.001739 0.013539 0.003310
v -0.001622 0.013505 0.003285
v -0.000546 0.012716 0.002809
v -0.001729 0.013424 0.003341
v -0.000893 0.010493 0.002793
v -0.000936 0.010065 0.002628
v -0.000680 0.009993 0.002737
v -0.001168 0.010377 0.002608
v -0.000811 0.012663 0.003098
v -0.000681 0.012370 0.003082
v -0.000579 0.012436 0.003009
v 0.000890 0.010806 0.002367
v 0.000795 0.011041 0.002328
v 0.000614 0.010929 0.002530
v -0.001247 0.010733 0.002730
v -0.001548 0.010755 0.002598
v 0.000202 0.011575 0.002680
v 0.000351 0.011224 0.002648
v 0.000399 0.011416 0.002565
v 0.000565 0.011268 0.002476
v -0.000502 0.010409 0.002895
v -0.000844 0.011080 0.002988
v 0.000834 0.010649 0.002462
v -0.001585 0.011238 0.002814
v -0.001153 0.011000 0.002876
v -0.001952 0.011149 0.002594
v -0.001978 0.013335 0.003432
v -0.002071 0.013065 0.003391
v -0.001626 0.012767 0.003334
v -0.001898 0.011843 0.002999
v -0.001703 0.012130 0.003170
v -0.002261 0.012464 0.003195
v 0.001810 0.010588 0.000805
v 0.001826 0.010468 0.000958
v 0.001969 0.010363 0.000790
v -0.001264 0.012307 0.003256
v -0.001562 0.012364 0.003256
v -0.000580 0.011266 0.003043
v -0.000549 0.010918 0.002996
v 0.001828 0.010371 0.001244
v 0.002035 0.010224 0.000889
v -0.000679 0.012850 0.002875
v -0.000780 0.012820 0.002961
v -0.000563 0.012580 0.002900
v -0.002134 0.011635 0.002804
v -0.001048 0.011597 0.003091
v -0.001355 0.011528 0.003018
v 0.002556 0.009269 0.001026
v 0.002766 0.009119 0.001026
v 0.002631 0.009313 0.000880
v -0.000324 0.010864 0.002986
v 0.002357 0.009182 0.001724
v 0.002479 0.009189 0.001381
v 0.002352 0.009355 0.001436
v 0.000621 0.011693 0.002111
v 0.000347 0.011873 0.002327
v 0.000470 0.011556 0.002410
v -0.000820 0.011514 0.003099
v 0.002377 0.009416 0.001231
v 0.002435 0.009295 0.001174
v -0.000901 0.009698 0.002562
v -0.000436 0.009859 0.002812
v 0.002573 0.009180 0.001156
v 0.002667 0.009062 0.001322
v -0.001320 0.011964 0.003174
v 0.000147 0.011396 0.002800
v 0.000189 0.011126 0.002823
v -0.000046 0.011407 0.002923
v 0.002552 0.009069 0.001558
v -0.000368 0.011478 0.003031
v -0.000719 0.011777 0.003137
v -0.000026 0.010975 0.002924
v 0.002202 0.009393 0.001669
v 0.002041 0.009287 0.002068
v -0.001917 0.012622 0.003305
v -0.002384 0.012998 0.003352
v 0.001077 0.010819 0.002143
v 0.001293 0.010708 0.001875
v 0.001112 0.010912 0.001943
v -0.002335 0.012084 0.002978
v -0.001012 0.011902 0.003172
v 0.002109 0.010036 0.001028
v -0.000614 0.012067 0.003128
v 0.001071 0.010310 0.002429
v 0.001112 0.010558 0.002276
v -0.001114 0.012821 0.003212
v -0.001378 0.013309 0.003226
v -0.001479 0.013031 0.003329
v 0.002122 0.009900 0.001193
v 0.002089 0.009831 0.001424
v 0.002317 0.009731 0.001006
v 0.002078 0.010228 0.000668
v 0.002251 0.009980 0.000657
v 0.002802 0.009249 0.000662
v 0.002531 0.009469 0.000830
v 0.000798 0.010473 0.002596
v 0.000705 0.010700 0.002591
v -0.000960 0.012253 0.003208
v 0.000570 0.010649 0.002722
v 0.000406 0.010940 0.002707
v -0.000263 0.011852 0.002973
v -0.000884 0.012472 0.003163
v 0.001813 0.010164 0.001579
v 0.001999 0.010050 0.001316
v -0.002786 0.012915 0.003256
v 0.001677 0.010818 0.000795
v 0.001529 0.010863 0.001102
v -0.000092 0.010621 0.002939
v 0.000079 0.010575 0.002893
v 0.000275 0.010713 0.002833
v -0.000192 0.010328 0.002913
v -0.000596 0.009537 0.002707
v 0.002441 0.009446 0.001047
v -0.001244 0.012637 0.003284
v -0.001044 0.012562 0.003238
v 0.001765 0.009523 0.002212
v 0.001520 0.009757 0.002310
v 0.001525 0.009437 0.002545
v 0.001993 0.009613 0.001816
v -0.000276 0.012196 0.002852
v -0.000481 0.012185 0.003025
v -0.002531 0.013497 0.003507
v -0.000004 0.011605 0.002855
v -0.000036 0.011827 0.002831
v -0.000247 0.009595 0.002846
v 0.003126 0.008859 0.000978
v 0.002507 0.009605 0.000630
v 0.000932 0.010149 0.002622
v 0.000696 0.010268 0.002725
v 0.001327 0.010024 0.002355
v 0.001517 0.009998 0.002172
v -0.001729 0.013424 0.003341
v -0.001053 0.013073 0.003067
v -0.000670 0.012611 0.003007
v 0.000130 0.011925 0.002613
v -0.000082 0.012304 0.002557
v -0.000357 0.012511 0.002768
v 0.000472 0.010310 0.002799
v 0.000244 0.010272 0.002863
v 0.001093 0.009831 0.002649
v 0.001297 0.009770 0.002496
v 0.001136 0.010023 0.002495
v 0.002259 0.009554 0.001384
v -0.002115 0.013742 0.003463
v 0.001513 0.010749 0.001485
v -0.000546 0.012716 0.002809
v 0.001602 0.010455 0.001672
v 0.001268 0.010922 0.001719
v 0.001440 0.010678 0.001725
v -0.001916 0.013700 0.003355
v 0.000226 0.012116 0.002246
v 0.000166 0.012047 0.002450
v 0.000861 0.009895 0.002758
v -0.000491 0.012753 0.002688
v 0.001621 0.010165 0.001918
v 0.001704 0.009826 0.002041
v 0.001857 0.009927 0.001725
v 0.001819 0.009275 0.002363
v 0.000437 0.009925 0.002857
v 0.001257 0.009588 0.002659
v -0.000294 0.012531 0.002652
v -0.000307 0.012633 0.002524
v 0.001363 0.010492 0.002000
v -0.000061 0.009904 0.002894
v 0.000193 0.009893 0.002889
v 0.000033 0.010259 0.002899
v -0.000391 0.009288 0.002782
v -0.000161 0.009281 0.002860
v 0.001342 0.010263 0.002192
v -0.000648 0.009118 0.002670
v -0.000394 0.008987 0.002809
v 0.001935 0.009994 0.001513
v 0.000705 0.011736 0.001874
v 0.000580 0.011939 0.001817
v 0.000476 0.011918 0.002068
v 0.001064 0.009580 0.002780
v 0.000704 0.011288 0.002287
v 0.000632 0.009995 0.002810
v 0.000748 0.009563 0.002880
v 0.000408 0.009534 0.002927
v 0.000077 0.009483 0.002909
v -0.000024 0.009035 0.002953
v 0.001075 0.011091 0.001871
v 0.000916 0.011106 0.002079
v 0.001428 0.010578 0.001813
v 0.000748 0.011413 0.002116
v 0.000313 0.009192 0.002986
v 0.001122 0.009206 0.002903
v 0.000587 0.009219 0.002990
v -0.002641 0.012472 0.003072
v -0.000278 0.010028 0.002886
v 0.001976 0.010424 0.000607
v 0.000848 0.009161 0.002977
v 0.001047 0.011277 0.001733
v 0.000877 0.011533 0.001711
v 0.000821 0.011487 0.001899
v 0.001812 0.010664 0.000553
v 0.001256 0.011119 0.001475
v 0.001012 0.011422 0.001565
v 0.000952 0.011278 0.001932
v 0.000806 0.011688 0.001633
v 0.000075 0.012353 0.002251
v -0.000114 0.012492 0.002393
v 0.000401 0.012075 0.001999
v 0.001294 0.009374 0.002759
v 0.001042 0.011467 0.001337
v 0.002109 0.010228 0.000433
v 0.005435 0.006273 -0.004480
v 0.005808 0.006161 -0.004290
v 0.005691 0.006001 -0.004644
v 0.003982 0.007614 -0.003121
v 0.003950 0.007781 -0.002735
v 0.004208 0.007662 -0.002791
v 0.005385 0.006436 -0.004269
v 0.005105 0.006495 -0.004375
v 0.006790 0.005706 -0.003823
v 0.007236 0.005282 -0.003775
v 0.006921 0.005385 -0.004080
v 0.005612 0.006401 -0.004110
v 0.004541 0.005318 -0.006045
v 0.004517 0.005550 -0.005878
v 0.004738 0.005419 -0.005865
v 0.005791 0.006855 -0.003204
v 0.006058 0.006730 -0.003126
v 0.006004 0.006618 -0.003378
v 0.006635 0.003871 -0.005847
v 0.006690 0.003438 -0.006100
v 0.006176 0.003886 -0.006241
v 0.006674 0.006099 -0.003368
v 0.006708 0.005922 -0.003626
v 0.006471 0.006048 -0.003734
v 0.005575 0.006567 -0.003860
v 0.005744 0.006671 -0.003570
v 0.005788 0.006475 -0.003829
v 0.007229 0.003642 -0.005390
v 0.007523 0.003797 -0.004906
v 0.007560 0.003342 -0.005251
v 0.004938 0.006230 -0.004881
v 0.006461 0.005180 -0.004847
v 0.006415 0.004903 -0.005177
v 0.006151 0.005278 -0.005053
v 0.005249 0.005704 -0.005281
v 0.004921 0.005841 -0.005331
v 0.005242 0.005915 -0.005064
v 0.007308 0.002930 -0.005817
v 0.007337 0.003227 -0.005583
v 0.007748 0.002880 -0.005402
v 0.006163 0.006088 -0.004059
v 0.005898 0.006302 -0.004010
v 0.006046 0.006396 -0.003697
v 0.005927 0.006928 -0.002891
v 0.006116 0.006946 -0.002611
v 0.006249 0.006720 -0.002898
v 0.005593 0.005530 -0.005241
v 0.005273 0.005498 -0.005490
v 0.005344 0.006071 -0.004793
v 0.006057 0.004998 -0.005418
v 0.006411 0.004600 -0.005455
v 0.006735 0.004754 -0.004961
v 0.006644 0.004538 -0.005259
v 0.003459 0.007278 -0.004131
v 0.003574 0.007429 -0.003793
v 0.003714 0.007318 -0.003939
v 0.002795 0.007727 -0.003642
v 0.003264 0.007559 -0.003742
v 0.003040 0.007454 -0.004047
v 0.004779 0.007415 -0.002954
v 0.004775 0.007558 -0.002693
v 0.005040 0.007380 -0.002863
v 0.006321 0.006449 -0.003287
v 0.003061 0.007233 -0.004451
v 0.002298 0.008448 -0.002670
v 0.002098 0.008640 -0.002510
v 0.002384 0.008597 -0.002464
v 0.003706 0.007068 -0.004390
v 0.003940 0.007145 -0.004110
v 0.003635 0.006692 -0.005022
v 0.003412 0.006852 -0.004884
v 0.003661 0.006891 -0.004689
v 0.005117 0.006752 -0.003949
v 0.005126 0.007017 -0.003492
v 0.005414 0.006770 -0.003700
v 0.005886 0.004355 -0.006102
v 0.005530 0.004441 -0.006256
v 0.005632 0.004750 -0.005950
v 0.006869 0.005091 -0.004480
v 0.006440 0.005471 -0.004560
v 0.006529 0.005690 -0.004191
v 0.007633 0.004489 -0.004134
v 0.007282 0.004869 -0.004207
v 0.007495 0.004873 -0.003920
v 0.005958 0.007205 -0.002223
v 0.005840 0.007155 -0.002524
v 0.005774 0.007355 -0.002118
v 0.006158 0.007038 -0.002283
v 0.006493 0.006860 -0.002155
v 0.006416 0.006779 -0.002513
v 0.007151 0.005122 -0.004099
v 0.007301 0.005068 -0.003959
v 0.003964 0.006536 -0.005082
v 0.003743 0.006451 -0.005313
v 0.006073 0.007227 -0.002030
v 0.006654 0.006381 -0.002904
v 0.006108 0.005818 -0.004494
v 0.004468 0.006170 -0.005255
v 0.003271 0.006981 -0.004728
v 0.003437 0.007096 -0.004471
v 0.005653 0.005095 -0.005617
v 0.005318 0.005111 -0.005824
v 0.007207 0.006390 -0.001863
v 0.007314 0.006082 -0.002321
v 0.006827 0.006545 -0.002278
v 0.003160 0.008310 -0.002309
v 0.003149 0.008176 -0.002580
v 0.002940 0.008339 -0.002490
v 0.003974 0.007367 -0.003659
v 0.006964 0.005737 -0.003524
v 0.004005 0.006720 -0.004837
v 0.004377 0.006486 -0.004935
v 0.007341 0.005822 -0.002771
v 0.007027 0.006163 -0.002698
v 0.004943 0.005505 -0.005671
v 0.006996 0.004220 -0.005161
v 0.004528 0.007852 -0.002080
v 0.004785 0.007693 -0.002367
v 0.004476 0.007714 -0.002510
v 0.005391 0.006573 -0.004033
v 0.005624 0.007095 -0.002927
v 0.003618 0.007605 -0.003423
v 0.003219 0.007831 -0.003220
v 0.003657 0.007774 -0.002963
v 0.006272 0.004387 -0.005788
v 0.007072 0.005888 -0.003129
v 0.007009 0.004604 -0.004772
v 0.003434 0.007958 -0.002757
v 0.007916 0.003261 -0.004924
v 0.007286 0.004594 -0.004487
v 0.004301 0.007483 -0.003196
v 0.005888 0.005666 -0.004873
v 0.006208 0.005503 -0.004772
v 0.004805 0.006730 -0.004264
v 0.007617 0.004147 -0.004487
v 0.007268 0.004261 -0.004762
v 0.002692 0.007432 -0.004237
v 0.007792 0.005539 -0.002465
v 0.007626 0.005403 -0.003021
v 0.007082 0.003185 -0.005871
v 0.004552 0.006776 -0.004410
v 0.004483 0.006884 -0.004270
v 0.004558 0.006909 -0.004158
v 0.004972 0.007717 -0.002073
v 0.005098 0.007529 -0.002492
v 0.002904 0.007900 -0.003238
v 0.002949 0.008027 -0.002997
v 0.005545 0.005849 -0.004918
v 0.007295 0.005490 -0.003382
v 0.007617 0.004930 -0.003692
v 0.004494 0.007526 -0.002899
v 0.004760 0.006523 -0.004611
v 0.005917 0.005385 -0.005149
v 0.007684 0.005057 -0.003434
v 0.004111 0.006358 -0.005245
v 0.008010 0.004479 -0.003670
v 0.004290 0.007561 -0.002956
v 0.003444 0.008104 -0.002419
v 0.003296 0.008081 -0.002652
v 0.005467 0.007336 -0.002581
v 0.005392 0.007550 -0.002104
v 0.004545 0.005858 -0.005546
v 0.003990 0.006136 -0.005563
v 0.004671 0.006662 -0.004510
v 0.005220 0.007374 -0.002733
v 0.005264 0.007204 -0.003018
v 0.006977 0.003540 -0.005741
v 0.004774 0.006993 -0.003831
v 0.004475 0.007242 -0.003536
v 0.004802 0.007182 -0.003444
v 0.004318 0.006925 -0.004293
v 0.002004 0.008391 -0.002786
v 0.005492 0.006945 -0.003334
v 0.004339 0.007109 -0.003928
v 0.004951 0.007246 -0.003164
v 0.004308 0.006738 -0.004596
v 0.007304 0.004998 -0.004056
v 0.004119 0.007875 -0.002363
v 0.003996 0.006898 -0.004479
v 0.004529 0.006630 -0.004639
v 0.008054 0.003605 -0.004463
v 0.008080 0.003967 -0.004090
v 0.001699 0.008608 -0.002609
v 0.002337 0.008263 -0.002872
v 0.002620 0.008408 -0.002582
v 0.002061 0.008181 -0.003013
v 0.002673 0.008131 -0.002943
v 0.002399 0.008070 -0.003117
v 0.006911 0.003900 -0.005527
v 0.006645 0.004260 -0.005521
v 0.002133 0.007986 -0.003254
v 0.002664 0.007953 -0.003226
v 0.002425 0.007905 -0.003405
v 0.004629 0.005630 -0.005741
v 0.003726 0.007916 -0.002560
v 0.004642 0.007361 -0.003223
v 0.002911 0.008187 -0.002751
v 0.003174 0.008041 -0.002819
v 0.004192 0.007580 -0.003008
v 0.004293 0.005787 -0.005780
v 0.004986 0.004368 -0.006584
v 0.004632 0.004673 -0.006469
v 0.004971 0.004761 -0.006295
v 0.005688 0.004063 -0.006447
v 0.005332 0.004275 -0.006494
v 0.005228 0.004540 -0.006352
v 0.005924 0.004693 -0.005794
v 0.004949 0.005143 -0.005983
v 0.004610 0.005000 -0.006246
v 0.002812 0.008001 -0.003096
v 0.005293 0.004795 -0.006117
v 0.007537 0.006114 -0.001828
v 0.004038 0.005568 -0.006091
v 0.003766 0.008064 -0.002175
v -0.006292 0.018772 0.003405
v -0.006072 0.018502 0.003563
v -0.006053 0.018586 0.003323
v -0.006730 0.019159 0.003073
v -0.006661 0.019097 0.003213
v -0.006493 0.018972 0.002904
v -0.006325 0.018820 0.003088
v -0.006540 0.019004 0.003373
v -0.007276 0.019611 0.003213
v -0.006946 0.019326 0.003270
v -0.006863 0.019255 0.002885
v -0.005391 0.017975 0.003344
v -0.005723 0.018200 0.003563
v -0.005519 0.017994 0.003594
v -0.005849 0.018378 0.003338
v -0.005900 0.018471 0.003104
v -0.006832 0.019189 0.003578
v -0.007312 0.019559 0.003574
v -0.005249 0.017687 0.002032
v -0.005007 0.017562 0.002137
v -0.005030 0.017511 0.001970
v -0.002854 0.015703 0.001839
v -0.002699 0.015558 0.002020
v -0.002500 0.015364 0.001749
v -0.006110 0.018661 0.003159
v -0.006009 0.018575 0.002916
v -0.007322 0.019616 0.002888
v -0.006099 0.018518 0.002428
v -0.006138 0.018653 0.002705
v -0.005931 0.018428 0.002586
v -0.005370 0.017859 0.003624
v -0.004081 0.016122 0.003789
v -0.004236 0.015995 0.003931
v -0.003935 0.015925 0.003806
v -0.003345 0.015231 0.003714
v -0.003362 0.015421 0.003633
v -0.003535 0.015509 0.003733
v -0.003740 0.015326 0.003830
v -0.003836 0.015653 0.003832
v -0.004085 0.015623 0.003928
v -0.007591 0.019873 0.003353
v -0.007448 0.019728 0.003441
v -0.007602 0.019879 0.003087
v -0.003823 0.016056 0.003643
v -0.004053 0.016335 0.003614
v -0.005551 0.018171 0.003121
v -0.005622 0.018205 0.003296
v -0.005121 0.017656 0.003488
v -0.005724 0.018310 0.003133
v -0.006779 0.019057 0.002411
v -0.006418 0.018729 0.002311
v -0.006720 0.018889 0.002142
v -0.005357 0.018000 0.002970
v -0.003950 0.015289 0.003937
v -0.003860 0.014988 0.003910
v -0.003525 0.014937 0.003824
v -0.003976 0.016670 0.001873
v -0.004273 0.016896 0.001876
v -0.004046 0.016781 0.002161
v -0.002415 0.015289 0.002125
v -0.002094 0.014978 0.002259
v -0.002149 0.015044 0.001862
v -0.003864 0.016412 0.001408
v -0.003850 0.016491 0.001661
v -0.003451 0.016157 0.001580
v -0.002183 0.014034 0.003441
v -0.002115 0.013742 0.003463
v -0.001916 0.013700 0.003355
v -0.003741 0.016206 0.003360
v -0.003776 0.016351 0.003171
v -0.003918 0.016428 0.003224
v -0.005714 0.018296 0.002802
v -0.004547 0.016819 0.003759
v -0.004420 0.016589 0.003776
v -0.004357 0.016721 0.003612
v -0.004731 0.017197 0.003558
v -0.004628 0.017272 0.003312
v -0.004856 0.017409 0.003445
v -0.003476 0.015872 0.000935
v -0.003811 0.015926 0.000752
v -0.003880 0.016245 0.001076
v -0.004919 0.017556 0.002325
v -0.004764 0.017375 0.002137
v -0.004380 0.017106 0.002836
v -0.004226 0.016912 0.003004
v -0.004235 0.016969 0.002668
v -0.002235 0.014984 0.002675
v -0.002484 0.015319 0.002480
v -0.002645 0.015358 0.002804
v -0.004367 0.017078 0.002346
v -0.004719 0.017403 0.002580
v -0.004435 0.017170 0.002648
v -0.004018 0.016795 0.002481
v -0.003839 0.016475 0.003061
v -0.003671 0.016428 0.002757
v -0.003963 0.016667 0.002945
v -0.002760 0.014919 0.003478
v -0.002683 0.014729 0.003552
v -0.002494 0.014679 0.003420
v -0.003632 0.016281 0.003054
v -0.004994 0.017390 0.003713
v -0.005075 0.017752 0.003135
v -0.003985 0.016741 0.002724
v -0.003839 0.016612 0.002588
v -0.002875 0.014909 0.003586
v -0.003993 0.016440 0.003376
v -0.005043 0.017364 0.001592
v -0.004869 0.017325 0.001815
v -0.004637 0.017014 0.001516
v -0.002502 0.015087 0.002945
v -0.003599 0.015389 0.003790
v -0.003181 0.015705 0.001025
v -0.003509 0.016053 0.001226
v -0.003133 0.015789 0.001287
v -0.004244 0.016462 0.001080
v -0.004592 0.016687 0.001095
v -0.004213 0.016597 0.001306
v -0.004636 0.017330 0.003096
v -0.004470 0.017179 0.003062
v -0.004322 0.016339 0.003842
v -0.003566 0.016041 0.003317
v -0.003505 0.015871 0.003443
v -0.003411 0.016007 0.003156
v -0.005485 0.017980 0.002202
v -0.005790 0.018263 0.002429
v -0.005418 0.018039 0.002605
v -0.005941 0.018491 0.002721
v -0.003695 0.015783 0.003695
v -0.003197 0.015463 0.003436
v -0.003127 0.015696 0.003151
v -0.003467 0.015629 0.003599
v -0.001761 0.014565 0.002449
v -0.001988 0.014765 0.002486
v -0.002000 0.014657 0.002722
v -0.002903 0.015669 0.002657
v -0.002932 0.015610 0.002881
v -0.003474 0.015130 0.003753
v -0.003189 0.015264 0.003617
v -0.003521 0.015299 0.000402
v -0.003203 0.015231 0.000445
v -0.003250 0.015034 0.000245
v -0.004506 0.016985 0.003536
v -0.004667 0.017027 0.003723
v -0.004774 0.017413 0.003240
v -0.004744 0.017466 0.003011
v -0.003072 0.015011 0.003640
v -0.003171 0.014872 0.003707
v -0.004164 0.016598 0.003500
v -0.004569 0.017277 0.002876
v -0.002954 0.015267 0.003339
v -0.002953 0.015414 0.003169
v -0.004156 0.016684 0.001608
v -0.003440 0.016206 0.001918
v -0.003408 0.016219 0.002186
v -0.003053 0.015891 0.002072
v -0.003708 0.016494 0.002385
v -0.003246 0.016073 0.002458
v -0.005073 0.017724 0.002518
v -0.004046 0.016643 0.003208
v -0.004285 0.016846 0.003347
v -0.006815 0.019162 0.002640
v -0.006594 0.018994 0.002602
v -0.004249 0.016518 0.003687
v -0.005765 0.017882 0.001627
v -0.005490 0.017827 0.001837
v -0.005393 0.017606 0.001532
v -0.003133 0.015830 0.002939
v -0.003311 0.016064 0.002836
v -0.001740 0.014358 0.002749
v -0.002034 0.014481 0.003002
v -0.001810 0.014123 0.003061
v -0.002997 0.015148 0.003522
v -0.002209 0.015056 0.001520
v -0.002514 0.015330 0.001451
v -0.006050 0.018359 0.002117
v -0.006482 0.018614 0.001970
v -0.002734 0.015148 0.003177
v -0.004436 0.017075 0.003278
v -0.002494 0.014444 0.003529
v -0.002324 0.014685 0.003203
v -0.002252 0.014780 0.002955
v -0.002484 0.014908 0.003104
v -0.003139 0.015935 0.001786
v -0.002890 0.015690 0.001552
v -0.005146 0.017821 0.002804
v -0.004927 0.017621 0.002858
v -0.006543 0.018997 0.002739
v -0.006365 0.018793 0.002596
v -0.005124 0.017272 0.001372
v -0.004947 0.016993 0.001203
v -0.002674 0.015385 0.001205
v -0.004568 0.017145 0.003426
v -0.004534 0.017123 0.001959
v -0.004309 0.016988 0.002087
v -0.002846 0.014705 0.003606
v -0.002811 0.015101 0.003369
v -0.005167 0.017705 0.002227
v -0.002770 0.015612 0.002301
v -0.005843 0.018109 0.001868
v -0.003218 0.013375 0.003395
v -0.002814 0.013337 0.003444
v -0.003153 0.013777 0.003580
v -0.002869 0.015487 0.002990
v -0.005179 0.017591 0.001777
v -0.002130 0.014294 0.003318
v -0.002719 0.015309 0.003009
v -0.004914 0.017539 0.003236
v -0.003716 0.016480 0.002067
v -0.002610 0.014901 0.003296
v -0.004908 0.017589 0.003072
v -0.001916 0.014804 0.001590
v -0.002668 0.015219 0.000907
v -0.002683 0.015033 0.000591
v -0.002928 0.015410 0.000847
v -0.003702 0.016424 0.001821
v -0.004132 0.016259 0.000913
v -0.002925 0.014032 0.003653
v -0.003354 0.014234 0.003720
v -0.003373 0.015627 0.000683
v -0.003610 0.015605 0.000551
v -0.002509 0.014200 0.003586
v -0.002466 0.013845 0.003559
v -0.003188 0.015597 0.000813
v -0.003323 0.015412 0.000539
v -0.003068 0.015321 0.000612
v -0.002959 0.015049 0.000386
v -0.001839 0.013963 0.003282
v -0.002841 0.014520 0.003667
v -0.001975 0.013929 0.003367
v -0.002932 0.015519 0.001072
v -0.002648 0.014453 0.003604
v -0.003114 0.014617 0.003752
v -0.003596 0.014749 0.003829
v -0.001869 0.014708 0.002248
v -0.002531 0.013497 0.003507
v -0.002846 0.014286 0.003683
v -0.001857 0.014759 0.001943
v -0.003732 0.014624 0.003824
v -0.003273 0.014485 0.003765
v -0.002279 0.015047 0.001231
v -0.002490 0.015013 0.000764
v -0.002017 0.014852 0.001318
v -0.003762 0.014259 0.003714
v -0.002346 0.014980 0.000937
v -0.001978 0.013335 0.003432
v -0.002992 0.014853 0.000201
v -0.003626 0.013760 0.003507
v -0.002384 0.012998 0.003352
v -0.002786 0.012915 0.003256
v -0.005632 0.017976 0.003802
v -0.005519 0.017994 0.003594
v -0.005723 0.018200 0.003563
v -0.009679 0.018852 0.005033
v -0.009755 0.018937 0.005008
v -0.009786 0.018954 0.005149
v -0.005804 0.017862 0.004038
v -0.005502 0.017665 0.003963
v -0.010251 0.020775 0.002336
v -0.010228 0.020447 0.002213
v -0.010245 0.020658 0.002446
v -0.005337 0.017241 0.004115
v -0.005466 0.017478 0.004067
v -0.005631 0.017398 0.004194
v -0.007134 0.018135 0.004634
v -0.007403 0.018080 0.004678
v -0.007177 0.017683 0.004571
v -0.005473 0.017181 0.004213
v -0.005269 0.016985 0.004179
v -0.005656 0.017631 0.004095
v -0.006000 0.018149 0.003993
v -0.006373 0.018536 0.003964
v -0.006225 0.018296 0.004076
v -0.006154 0.018368 0.003935
v -0.009859 0.020483 0.004942
v -0.009668 0.020210 0.005011
v -0.009668 0.020467 0.004903
v -0.009216 0.019539 0.004921
v -0.009194 0.019795 0.004916
v -0.009478 0.019880 0.004967
v -0.009220 0.020446 0.004726
v -0.009182 0.020610 0.004538
v -0.009418 0.020733 0.004602
v -0.007928 0.019953 0.003957
v -0.008361 0.020180 0.004180
v -0.008099 0.019900 0.004234
v -0.008548 0.020153 0.004390
v -0.008371 0.019916 0.004484
v -0.007897 0.019731 0.004133
v -0.007659 0.019571 0.004103
v -0.007584 0.019627 0.003910
v -0.007199 0.019357 0.003827
v -0.007312 0.019559 0.003574
v -0.005933 0.017715 0.004195
v -0.006832 0.019189 0.003578
v -0.006629 0.018890 0.003847
v -0.006542 0.018954 0.003587
v -0.009833 0.018862 0.004795
v -0.009789 0.018993 0.004949
v -0.009855 0.019089 0.004870
v -0.004936 0.016805 0.004052
v -0.004793 0.016955 0.003899
v -0.005089 0.017082 0.004015
v -0.008704 0.019982 0.004681
v -0.008615 0.020093 0.004545
v -0.008791 0.020151 0.004620
v -0.009495 0.020417 0.004845
v -0.009510 0.020288 0.004941
v -0.009278 0.020230 0.004853
v -0.004547 0.016819 0.003759
v -0.004667 0.017027 0.003723
v -0.009523 0.021348 0.003768
v -0.009297 0.021152 0.004028
v -0.009192 0.021138 0.003764
v -0.009000 0.020149 0.004725
v -0.009235 0.020783 0.004413
v -0.006364 0.018727 0.003707
v -0.006208 0.018505 0.003803
v -0.010273 0.020910 0.002589
v -0.010160 0.021132 0.002621
v -0.010233 0.020970 0.002442
v -0.006165 0.018030 0.004184
v -0.006429 0.018342 0.004185
v -0.008036 0.019733 0.004344
v -0.008007 0.019793 0.004249
v -0.006663 0.018403 0.004281
v -0.006571 0.018098 0.004391
v -0.007830 0.019373 0.004427
v -0.007586 0.019271 0.004293
v -0.007659 0.019458 0.004234
v -0.005220 0.017396 0.003944
v -0.005288 0.017665 0.003768
v -0.007210 0.019201 0.004030
v -0.007365 0.019066 0.004280
v -0.007045 0.018949 0.004141
v -0.006943 0.019083 0.003902
v -0.008679 0.020584 0.004086
v -0.008747 0.020730 0.003936
v -0.008911 0.020827 0.003983
v -0.009380 0.020059 0.004935
v -0.005370 0.017859 0.003624
v -0.009781 0.020717 0.004806
v -0.009559 0.020630 0.004777
v -0.009648 0.020901 0.004604
v -0.009011 0.019917 0.004831
v -0.007434 0.019292 0.004166
v -0.007421 0.019422 0.004035
v -0.009559 0.021282 0.004039
v -0.009435 0.021177 0.004150
v -0.006863 0.018384 0.004411
v -0.010253 0.019302 0.003801
v -0.010268 0.019253 0.003461
v -0.010248 0.018939 0.003476
v -0.008056 0.020260 0.003595
v -0.008280 0.020365 0.003821
v -0.007919 0.020088 0.003718
v -0.010013 0.019076 0.004627
v -0.010131 0.019305 0.004477
v -0.010121 0.018957 0.004240
v -0.010246 0.020420 0.002432
v -0.010266 0.020227 0.002610
v -0.010274 0.020660 0.002752
v -0.007838 0.019601 0.004240
v -0.007908 0.019548 0.004367
v -0.008624 0.020682 0.003813
v -0.008440 0.020548 0.003685
v -0.008598 0.020692 0.003560
v -0.006626 0.018621 0.004120
v -0.007792 0.019935 0.003773
v -0.007655 0.019773 0.003757
v -0.009935 0.020176 0.004936
v -0.009731 0.019936 0.005005
v -0.008149 0.019553 0.004585
v -0.008576 0.019703 0.004744
v -0.010188 0.018668 0.003587
v -0.010118 0.018628 0.003894
v -0.010197 0.018948 0.003872
v -0.009891 0.019752 0.004936
v -0.010268 0.019635 0.003660
v -0.010276 0.019526 0.003276
v -0.009897 0.019477 0.004901
v -0.009687 0.019308 0.004918
v -0.009787 0.019544 0.004957
v -0.004994 0.017390 0.003713
v -0.004843 0.017146 0.003760
v -0.004731 0.017197 0.003558
v -0.010271 0.020422 0.003005
v -0.010239 0.019988 0.002847
v -0.006811 0.018840 0.004044
v -0.005955 0.018296 0.003796
v -0.006072 0.018502 0.003563
v -0.010266 0.019898 0.003505
v -0.007650 0.017954 0.004648
v -0.007992 0.018222 0.004737
v -0.008177 0.017982 0.004647
v -0.010022 0.021090 0.002346
v -0.009837 0.020959 0.002169
v -0.010016 0.020879 0.002136
v -0.009095 0.018400 0.004761
v -0.008794 0.018427 0.004777
v -0.009297 0.018770 0.004879
v -0.006045 0.017555 0.004349
v -0.005680 0.017109 0.004305
v -0.006292 0.018772 0.003405
v -0.007721 0.018326 0.004755
v -0.009878 0.020950 0.004612
v -0.009958 0.020704 0.004737
v -0.008951 0.020303 0.004633
v -0.007640 0.019859 0.003592
v -0.009610 0.019627 0.004973
v -0.006878 0.018658 0.004247
v -0.006921 0.018235 0.004525
v -0.007002 0.018396 0.004502
v -0.007591 0.019873 0.003353
v -0.007827 0.020093 0.003488
v -0.009105 0.020881 0.004165
v -0.009351 0.020960 0.004320
v -0.010259 0.019954 0.003750
v -0.010256 0.019766 0.004008
v -0.008385 0.019214 0.004833
v -0.008742 0.019351 0.004864
v -0.008708 0.019036 0.004864
v -0.008939 0.020585 0.004370
v -0.006367 0.017789 0.004413
v -0.006205 0.017837 0.004321
v -0.006823 0.018020 0.004541
v -0.007448 0.019728 0.003441
v -0.008884 0.019630 0.004861
v -0.007926 0.019263 0.004644
v -0.007873 0.019120 0.004757
v -0.007709 0.019002 0.004672
v -0.006335 0.017631 0.004445
v -0.006144 0.017391 0.004422
v -0.009379 0.019361 0.004923
v -0.009260 0.019075 0.004926
v -0.009055 0.019275 0.004899
v -0.010282 0.019802 0.003091
v -0.010268 0.020165 0.003194
v -0.010034 0.019501 0.004734
v -0.008209 0.018963 0.004854
v -0.006696 0.017416 0.004514
v -0.006474 0.017537 0.004487
v -0.006822 0.017778 0.004559
v -0.010232 0.019578 0.002771
v -0.010253 0.019278 0.002742
v -0.010272 0.019422 0.002969
v -0.009464 0.020904 0.004444
v -0.010155 0.020909 0.002271
v -0.007440 0.018343 0.004717
v -0.007634 0.018679 0.004766
v -0.008965 0.020946 0.003862
v -0.009097 0.020994 0.003965
v -0.010114 0.020841 0.004213
v -0.010040 0.020633 0.004567
v -0.010010 0.020911 0.004462
v -0.008391 0.019493 0.004753
v -0.010245 0.020676 0.003822
v -0.010154 0.020474 0.004350
v -0.004983 0.017181 0.003873
v -0.008801 0.020842 0.003871
v -0.009001 0.020464 0.004554
v -0.007128 0.018825 0.004326
v -0.007329 0.018799 0.004474
v -0.007098 0.018565 0.004460
v -0.008602 0.019489 0.004820
v -0.007105 0.018376 0.004567
v -0.008212 0.019349 0.004762
v -0.006587 0.017826 0.004505
v -0.007681 0.019146 0.004439
v -0.010286 0.019019 0.002995
v -0.009327 0.021090 0.004211
v -0.009614 0.019031 0.004937
v -0.007326 0.018543 0.004631
v -0.008296 0.020481 0.003519
v -0.008456 0.019368 0.004805
v -0.008362 0.018733 0.004831
v -0.008069 0.018457 0.004801
v -0.007985 0.018673 0.004835
v -0.007525 0.018972 0.004490
v -0.009652 0.018813 0.004981
v -0.009645 0.018842 0.005047
v -0.009439 0.018598 0.004889
v -0.009496 0.018556 0.004836
v -0.009981 0.020462 0.004802
v -0.009606 0.018399 0.004583
v -0.009723 0.018864 0.004946
v -0.008760 0.020289 0.004480
v -0.008635 0.020371 0.004296
v -0.010231 0.020186 0.004191
v -0.007892 0.018957 0.004838
v -0.010055 0.020301 0.004684
v -0.008067 0.019157 0.004816
v -0.005121 0.017656 0.003488
v -0.010238 0.019671 0.002452
v -0.010136 0.020136 0.004517
v -0.009967 0.018550 0.004298
v -0.007507 0.018819 0.004632
v -0.010259 0.020231 0.003776
v -0.009817 0.021146 0.004380
v -0.008815 0.018743 0.004841
v -0.010008 0.021198 0.004146
v -0.009938 0.021452 0.003852
v -0.010072 0.021333 0.003781
v -0.010051 0.019937 0.004740
v -0.010169 0.019751 0.004438
v -0.008385 0.018398 0.004757
v -0.010109 0.018391 0.003487
v -0.008036 0.020269 0.003413
v -0.010201 0.019344 0.004176
v -0.010007 0.018284 0.003816
v -0.010247 0.020086 0.002260
v -0.008675 0.018145 0.004684
v -0.009926 0.019276 0.004832
v -0.010154 0.021100 0.003807
v -0.010273 0.019992 0.003313
v -0.010269 0.020182 0.003487
v -0.009667 0.018887 0.004946
v -0.009513 0.018732 0.004899
v -0.009054 0.018197 0.004685
v -0.009244 0.018280 0.004695
v -0.009538 0.021121 0.004296
v -0.006540 0.019004 0.003373
v -0.008872 0.020925 0.003677
v -0.010266 0.019811 0.003312
v -0.009981 0.021255 0.002587
v -0.009884 0.021183 0.002388
v -0.009779 0.021317 0.004130
v -0.009717 0.021402 0.003884
v -0.009953 0.021073 0.004421
v -0.010213 0.020641 0.002133
v -0.000350 0.006012 -0.005479
v -0.000704 0.005918 -0.005273
v -0.000337 0.006268 -0.005156
v 0.000085 0.006453 -0.005273
v -0.000033 0.006414 -0.005199
v 0.000097 0.006597 -0.005124
v -0.000073 0.005506 -0.006104
v -0.000555 0.005387 -0.005926
v -0.000280 0.005692 -0.005828
v 0.002756 0.004750 -0.006986
v 0.002578 0.005054 -0.006847
v 0.002939 0.005092 -0.006780
v 0.000183 0.007259 -0.003810
v 0.000538 0.007328 -0.004003
v 0.000128 0.007063 -0.004285
v 0.002776 0.006546 -0.005517
v 0.003081 0.006805 -0.005083
v 0.003333 0.006572 -0.005308
v -0.000131 0.007124 -0.003882
v -0.000287 0.006964 -0.004097
v -0.000349 0.007066 -0.003804
v 0.003295 0.003254 -0.007611
v 0.002929 0.003565 -0.007566
v 0.003406 0.003579 -0.007464
v 0.001994 0.004770 -0.007003
v 0.001922 0.004346 -0.007239
v 0.001585 0.004613 -0.007048
v 0.000798 0.006989 -0.004942
v 0.000936 0.007286 -0.004476
v 0.001212 0.007128 -0.004866
v -0.000712 0.006125 -0.004996
v -0.001040 0.005908 -0.004981
v 0.000156 0.004523 -0.006773
v -0.000279 0.004374 -0.006744
v -0.000124 0.004785 -0.006546
v 0.000314 0.007522 -0.003221
v 0.000426 0.007695 -0.002985
v 0.000615 0.007629 -0.003235
v 0.000808 0.007787 -0.003126
v 0.001615 0.002690 -0.007815
v 0.001340 0.002547 -0.007795
v 0.001413 0.002952 -0.007755
v 0.001275 0.004900 -0.006822
v 0.001690 0.005004 -0.006824
v 0.002641 0.006266 -0.005873
v 0.002444 0.006407 -0.005745
v 0.002742 0.006915 -0.005074
v 0.002597 0.006788 -0.005269
v 0.002424 0.006954 -0.005079
v 0.000942 0.006628 -0.005463
v 0.000599 0.006661 -0.005304
v 0.000924 0.006831 -0.005215
v 0.003430 0.006382 -0.005547
v 0.003990 0.006136 -0.005563
v 0.003478 0.006121 -0.005789
v 0.002432 0.004456 -0.007179
v 0.001518 0.007673 -0.003717
v 0.001190 0.007631 -0.003704
v 0.001239 0.007719 -0.003499
v 0.000020 0.007556 -0.002960
v -0.000013 0.005173 -0.006342
v 0.000244 0.005376 -0.006285
v 0.000417 0.005079 -0.006529
v -0.000100 0.005953 -0.005684
v -0.000407 0.005813 -0.005622
v -0.000823 0.004508 -0.006477
v -0.000819 0.004837 -0.006252
v -0.000486 0.004800 -0.006421
v -0.000435 0.005151 -0.006187
v 0.000008 0.006279 -0.005429
v 0.000755 0.007345 -0.004203
v 0.000937 0.007487 -0.003971
v 0.001442 0.002157 -0.007792
v 0.001709 0.002399 -0.007830
v 0.000803 0.004890 -0.006713
v 0.001045 0.005170 -0.006600
v -0.000026 0.007089 -0.004028
v 0.001017 0.004762 -0.006830
v 0.001007 0.004938 -0.006701
v 0.001109 0.007986 -0.003027
v 0.001103 0.007800 -0.003267
v 0.000132 0.003145 -0.007408
v 0.000128 0.002734 -0.007497
v -0.000185 0.003079 -0.007337
v 0.002355 0.006041 -0.006148
v 0.001974 0.006073 -0.006125
v 0.002157 0.006265 -0.005920
v 0.003731 0.004360 -0.007007
v 0.003718 0.003899 -0.007254
v 0.003387 0.004230 -0.007164
v 0.002705 0.003987 -0.007391
v 0.003186 0.003918 -0.007351
v -0.000603 0.006442 -0.004713
v -0.000576 0.006324 -0.004888
v -0.000955 0.006215 -0.004711
v -0.000092 0.006508 -0.005061
v 0.000029 0.006676 -0.004935
v 0.004259 0.005215 -0.006273
v 0.004278 0.004915 -0.006459
v 0.003972 0.005108 -0.006469
v 0.000520 0.004673 -0.006781
v 0.000453 0.004266 -0.006999
v 0.004122 0.004368 -0.006882
v 0.003970 0.004144 -0.007067
v -0.000772 0.006557 -0.004462
v 0.000658 0.003541 -0.007405
v 0.001027 0.003958 -0.007293
v 0.001111 0.003354 -0.007586
v 0.002129 0.002882 -0.007811
v 0.001788 0.002963 -0.007788
v 0.002051 0.003164 -0.007759
v 0.000971 0.002819 -0.007694
v 0.000726 0.003181 -0.007566
v 0.002092 0.007624 -0.003905
v 0.002079 0.007763 -0.003649
v 0.002355 0.007741 -0.003680
v 0.000974 0.008175 -0.002838
v 0.001282 0.008251 -0.002843
v 0.000625 0.007914 -0.002865
v 0.000183 0.007824 -0.002750
v 0.000772 0.008230 -0.002693
v 0.000786 0.008071 -0.002803
v 0.000453 0.008082 -0.002635
v -0.000300 0.006576 -0.004837
v 0.001302 0.007563 -0.004004
v -0.000082 0.003989 -0.007004
v 0.001234 0.006140 -0.005983
v 0.001291 0.005880 -0.006188
v 0.000872 0.005998 -0.006035
v 0.000988 0.008292 -0.002730
v 0.001420 0.007817 -0.003330
v 0.001433 0.005193 -0.006681
v 0.001694 0.003373 -0.007665
v 0.001104 0.008450 -0.002640
v 0.002417 0.003100 -0.007771
v 0.002195 0.003416 -0.007677
v 0.000855 0.008399 -0.002630
v -0.000659 0.006757 -0.004167
v -0.000333 0.006768 -0.004475
v 0.000514 0.002928 -0.007557
v 0.002242 0.004033 -0.007394
v 0.003743 0.006451 -0.005313
v -0.000583 0.003288 -0.007155
v -0.000166 0.003436 -0.007224
v 0.001933 0.002646 -0.007840
v 0.003296 0.004667 -0.006939
v 0.001355 0.003641 -0.007504
v 0.001576 0.003819 -0.007464
v 0.004539 0.004272 -0.006790
v 0.004304 0.004606 -0.006632
v 0.002395 0.004846 -0.006976
v 0.000476 0.005435 -0.006300
v 0.001216 0.006891 -0.005219
v 0.001605 0.006531 -0.005658
v 0.001126 0.006355 -0.005768
v 0.001304 0.006652 -0.005509
v 0.001036 0.006959 -0.005050
v -0.000772 0.005589 -0.005568
v 0.000648 0.006314 -0.005699
v 0.003148 0.005726 -0.006267
v 0.003058 0.005453 -0.006524
v 0.002716 0.005813 -0.006294
v 0.000508 0.007460 -0.003563
v 0.000352 0.006809 -0.004963
v 0.000610 0.007075 -0.004687
v -0.000148 0.007255 -0.003590
v 0.001637 0.006829 -0.005323
v 0.001556 0.007047 -0.005020
v 0.001817 0.007000 -0.005090
v 0.001333 0.007349 -0.004521
v 0.002023 0.007401 -0.004394
v 0.002359 0.007341 -0.004464
v 0.002007 0.007256 -0.004685
v 0.000799 0.005564 -0.006323
v 0.002087 0.007049 -0.005013
v 0.002152 0.006895 -0.005174
v 0.003635 0.006692 -0.005022
v -0.000665 0.004159 -0.006753
v -0.000487 0.004511 -0.006609
v 0.000220 0.003578 -0.007265
v 0.001174 0.007449 -0.004244
v -0.000556 0.007102 -0.003515
v 0.001164 0.004510 -0.007017
v 0.000144 0.003369 -0.007339
v -0.000412 0.007454 -0.002845
v -0.000258 0.007392 -0.003070
v -0.000488 0.006582 -0.004645
v 0.001817 0.007110 -0.004905
v 0.001588 0.007252 -0.004737
v 0.000922 0.007654 -0.003444
v 0.000405 0.003283 -0.007425
v 0.000245 0.006134 -0.005710
v 0.000446 0.003870 -0.007196
v 0.000124 0.005825 -0.005916
v 0.001827 0.007845 -0.003422
v 0.001558 0.007946 -0.003175
v 0.001823 0.008050 -0.003134
v 0.000578 0.007199 -0.004390
v 0.000345 0.007014 -0.004596
v 0.002821 0.007056 -0.004845
v 0.000312 0.007372 -0.003584
v 0.002555 0.005588 -0.006499
v 0.001971 0.006907 -0.005191
v 0.003357 0.005075 -0.006694
v 0.001697 0.005874 -0.006267
v 0.001680 0.006200 -0.005983
v -0.000668 0.006915 -0.003811
v 0.002967 0.004353 -0.007177
v 0.001426 0.005535 -0.006467
v 0.003071 0.006110 -0.005944
v 0.002751 0.006051 -0.006069
v 0.001903 0.005672 -0.006466
v 0.002173 0.005482 -0.006612
v 0.001788 0.005362 -0.006647
v 0.002458 0.003697 -0.007554
v 0.002028 0.003736 -0.007534
v 0.001206 0.008753 -0.002504
v 0.001495 0.008928 -0.002371
v 0.001699 0.008608 -0.002609
v 0.001011 0.002329 -0.007758
v 0.001026 0.001921 -0.007686
v -0.001121 0.005641 -0.005206
v 0.001455 0.008457 -0.002724
v -0.000982 0.005305 -0.005730
v 0.003887 0.005340 -0.006332
v 0.004038 0.005568 -0.006091
v -0.000258 0.004994 -0.006366
v -0.000594 0.005242 -0.006029
v -0.000843 0.005119 -0.006010
v 0.003092 0.006276 -0.005732
v 0.000241 0.006557 -0.005274
v 0.002223 0.005088 -0.006840
v 0.000390 0.005630 -0.006143
v 0.002022 0.005890 -0.006279
v 0.003271 0.006981 -0.004728
v 0.002107 0.006756 -0.005358
v 0.000338 0.006383 -0.005494
v 0.002139 0.006486 -0.005679
v 0.000262 0.002317 -0.007583
v 0.000600 0.002538 -0.007632
v 0.003900 0.005905 -0.005844
v 0.003469 0.005847 -0.006074
v 0.000633 0.005797 -0.006121
v -0.000392 0.007264 -0.003259
v 0.001386 0.006296 -0.005877
v -0.000209 0.002178 -0.007431
v -0.000178 0.002492 -0.007440
v 0.001965 0.005025 -0.006860
v 0.001993 0.005217 -0.006743
v 0.002291 0.005780 -0.006378
v 0.001788 0.007611 -0.003926
v 0.001893 0.007506 -0.004151
v 0.001583 0.007525 -0.004080
v 0.000658 0.002193 -0.007677
v -0.000729 0.003732 -0.006948
v 0.001700 0.008255 -0.002908
v 0.002061 0.008181 -0.003013
v 0.000464 0.005954 -0.005953
v 0.002439 0.007477 -0.004229
v 0.002223 0.007483 -0.004219
v 0.004293 0.005787 -0.005780
v 0.004194 0.003981 -0.007091
v 0.000299 0.001935 -0.007549
v 0.001516 0.004206 -0.007246
v 0.001861 0.004018 -0.007390
v 0.000049 0.006833 -0.004694
v 0.001730 0.008419 -0.002779
v 0.002004 0.008391 -0.002786
v -0.000482 0.002824 -0.007300
v 0.002536 0.005321 -0.006682
v 0.002407 0.007148 -0.004795
v 0.001501 0.008116 -0.003008
v 0.002441 0.007581 -0.003998
v 0.002692 0.007432 -0.004237
v 0.003849 0.004793 -0.006681
v 0.003603 0.005222 -0.006522
v 0.002183 0.007858 -0.003488
v 0.001407 0.007467 -0.004262
v -0.000559 0.005820 -0.005509
v 0.002239 0.005295 -0.006708
v 0.003061 0.007233 -0.004451
v 0.000817 0.004542 -0.006929
v 0.002589 0.003383 -0.007667
v 0.001686 0.007404 -0.004421
v 0.002675 0.007243 -0.004566
v 0.001871 0.007716 -0.003732
v 0.002795 0.007727 -0.003642
v 0.002425 0.007905 -0.003405
v 0.002133 0.007986 -0.003254
v 0.002837 0.003164 -0.007712
v 0.000200 0.007389 -0.003473
v 0.004632 0.004673 -0.006469
v 0.004986 0.004368 -0.006584
v 0.002402 0.006638 -0.005450
v 0.003547 0.005522 -0.006293
v -0.000022 0.007401 -0.003252
v -0.000620 0.007307 -0.002999
v 0.004610 0.005000 -0.006246
v 0.003033 0.005919 -0.006135
v 0.004541 0.005318 -0.006045
v 0.003412 0.006852 -0.004884
v -0.002046 0.009596 -0.001080
v -0.002172 0.009565 -0.000910
v -0.002211 0.010019 -0.000990
v 0.000739 0.008653 -0.002479
v 0.000855 0.008399 -0.002630
v 0.000582 0.008356 -0.002555
v -0.001658 0.012235 -0.001117
v -0.001384 0.012018 -0.001211
v -0.001653 0.011851 -0.001266
v 0.000009 0.008104 -0.002473
v -0.000304 0.008165 -0.002327
v 0.000042 0.008291 -0.002392
v -0.000539 0.007916 -0.002347
v -0.000717 0.008126 -0.002227
v -0.000832 0.007918 -0.002269
v -0.000679 0.007801 -0.002383
v 0.000155 0.008197 -0.002467
v 0.000206 0.008134 -0.002539
v 0.000301 0.008266 -0.002498
v 0.000470 0.009277 -0.002164
v 0.000164 0.009543 -0.002049
v 0.000543 0.009480 -0.002088
v -0.001676 0.009421 -0.001435
v -0.001903 0.009388 -0.001208
v -0.001924 0.009893 -0.001248
v -0.000860 0.007701 -0.002381
v -0.000183 0.007897 -0.002519
v -0.000512 0.007727 -0.002492
v 0.000130 0.008012 -0.002596
v -0.001647 0.010047 -0.001464
v -0.001451 0.009549 -0.001599
v -0.000352 0.008944 -0.002122
v -0.000447 0.009319 -0.002020
v -0.000069 0.008984 -0.002181
v -0.001142 0.007629 -0.002281
v -0.001026 0.007470 -0.002486
v 0.000453 0.008082 -0.002635
v -0.002340 0.006560 -0.002954
v -0.002025 0.006585 -0.003287
v -0.002341 0.006441 -0.003245
v -0.000633 0.007545 -0.002610
v 0.000183 0.007824 -0.002750
v 0.000387 0.009118 -0.002202
v -0.001410 0.012284 -0.001049
v -0.001181 0.012273 -0.001052
v -0.001307 0.012153 -0.001141
v -0.000251 0.007651 -0.002706
v -0.000827 0.007350 -0.002734
v -0.001310 0.011030 -0.001520
v -0.000997 0.010624 -0.001626
v -0.001206 0.010402 -0.001623
v -0.003121 0.012164 -0.000637
v -0.003420 0.012697 -0.000532
v -0.002921 0.012367 -0.000810
v -0.003390 0.013062 -0.000580
v -0.003479 0.013577 -0.000483
v -0.003194 0.013223 -0.000642
v -0.001291 0.007228 -0.002588
v -0.003472 0.012451 -0.000426
v -0.000412 0.007454 -0.002845
v -0.001528 0.007004 -0.002786
v -0.001722 0.007066 -0.002496
v -0.001246 0.007071 -0.002935
v 0.000020 0.007556 -0.002960
v -0.004040 0.014182 -0.000223
v -0.003930 0.014369 -0.000202
v -0.003797 0.014119 -0.000283
v -0.002653 0.006619 -0.002235
v -0.002351 0.006705 -0.002541
v -0.002625 0.006477 -0.002717
v 0.000285 0.008834 -0.002312
v 0.000159 0.009058 -0.002200
v -0.002683 0.013952 -0.000353
v -0.002815 0.013757 -0.000482
v -0.002910 0.014088 -0.000334
v -0.001020 0.011263 -0.001471
v -0.000887 0.010865 -0.001583
v -0.002641 0.006200 -0.003275
v -0.002572 0.006391 -0.003036
v -0.002339 0.013045 -0.000805
v -0.002531 0.012959 -0.000814
v -0.002684 0.013336 -0.000680
v -0.000984 0.007207 -0.002874
v -0.002476 0.013623 -0.000508
v -0.000620 0.007307 -0.002999
v -0.001803 0.006850 -0.002879
v -0.001498 0.006913 -0.003107
v -0.004133 0.013316 -0.000103
v -0.004724 0.013845 0.000235
v -0.004267 0.013714 -0.000080
v -0.001366 0.011431 -0.001407
v -0.001139 0.011502 -0.001365
v -0.002115 0.012811 -0.000904
v -0.001979 0.012918 -0.000827
v -0.001889 0.012597 -0.000981
v -0.003189 0.014514 -0.000118
v -0.003421 0.014373 -0.000226
v -0.003489 0.014710 -0.000018
v -0.001584 0.007608 -0.001965
v -0.001443 0.007922 -0.001926
v -0.001347 0.007679 -0.002115
v -0.001388 0.007456 -0.002248
v -0.003192 0.014784 0.000074
v -0.002243 0.012711 -0.000916
v -0.003636 0.014234 -0.000278
v -0.003337 0.014029 -0.000374
v -0.001249 0.008318 -0.001919
v -0.001283 0.008843 -0.001787
v -0.000993 0.008779 -0.001946
v -0.002481 0.013980 -0.000310
v -0.001374 0.011679 -0.001314
v -0.001542 0.011622 -0.001335
v -0.001452 0.009114 -0.001631
v -0.001174 0.009284 -0.001773
v -0.004200 0.012866 0.000168
v -0.004563 0.013333 0.000346
v -0.004244 0.013164 0.000069
v -0.001152 0.012520 -0.000890
v -0.001380 0.012483 -0.000960
v -0.001741 0.007898 -0.001701
v -0.001261 0.012786 -0.000762
v -0.001420 0.012741 -0.000856
v -0.001543 0.008200 -0.001760
v -0.001537 0.010458 -0.001526
v -0.001372 0.010124 -0.001606
v -0.002960 0.011744 -0.000634
v -0.003344 0.012066 -0.000394
v 0.001104 0.008450 -0.002640
v -0.002882 0.006199 -0.002929
v -0.000855 0.007119 -0.003196
v -0.003823 0.012594 -0.000141
v -0.001710 0.006727 -0.003294
v 0.000737 0.009059 -0.002299
v -0.001873 0.013091 -0.000720
v -0.001775 0.012896 -0.000816
v -0.003798 0.013880 -0.000319
v -0.003728 0.013555 -0.000378
v -0.004052 0.012299 0.000438
v -0.004388 0.012879 0.000409
v -0.003946 0.012414 0.000153
v -0.001695 0.008284 -0.001608
v -0.003768 0.012872 -0.000293
v -0.002160 0.013804 -0.000301
v -0.002028 0.012185 -0.001133
v -0.002163 0.010477 -0.001121
v -0.001914 0.010308 -0.001312
v -0.002205 0.007727 -0.001138
v -0.001991 0.007796 -0.001447
v -0.002130 0.007516 -0.001420
v -0.002752 0.012955 -0.000768
v -0.002479 0.012714 -0.000855
v -0.002591 0.012605 -0.000891
v -0.001715 0.007349 -0.002047
v -0.001594 0.010848 -0.001471
v -0.000899 0.008379 -0.002081
v -0.000682 0.008592 -0.002105
v -0.004358 0.012503 0.000874
v -0.004668 0.013003 0.000750
v -0.001916 0.010719 -0.001327
v -0.002005 0.012414 -0.001057
v -0.001301 0.011843 -0.001246
v -0.003989 0.012989 -0.000128
v 0.000203 0.009778 -0.001937
v 0.000083 0.010081 -0.001809
v 0.000399 0.009887 -0.001847
v -0.001543 0.013070 -0.000649
v -0.002203 0.008248 -0.000876
v -0.002086 0.008120 -0.001128
v -0.002282 0.007974 -0.000806
v -0.002979 0.013011 -0.000733
v -0.002830 0.012772 -0.000831
v -0.000805 0.010240 -0.001744
v -0.000678 0.010478 -0.001698
v -0.000384 0.009863 -0.001898
v -0.001647 0.012710 -0.000892
v -0.000843 0.009383 -0.001891
v -0.000641 0.008924 -0.002045
v 0.000313 0.008507 -0.002440
v -0.001637 0.012911 -0.000784
v -0.002084 0.006757 -0.002787
v -0.002666 0.014261 -0.000142
v -0.001332 0.009787 -0.001642
v -0.003568 0.013940 -0.000373
v -0.001719 0.011465 -0.001348
v -0.001630 0.011151 -0.001433
v -0.000912 0.009097 -0.001917
v 0.000586 0.008899 -0.002329
v -0.001575 0.012429 -0.000983
v -0.002414 0.006940 -0.001778
v -0.002187 0.006962 -0.002130
v -0.000229 0.008618 -0.002245
v -0.001842 0.011164 -0.001357
v -0.000595 0.008357 -0.002210
v -0.002300 0.012460 -0.000971
v -0.002190 0.007243 -0.001593
v -0.002196 0.007098 -0.001837
v -0.004818 0.013391 0.000608
v -0.000400 0.010817 -0.001527
v -0.000077 0.010491 -0.001661
v -0.000396 0.010594 -0.001653
v -0.001972 0.006983 -0.002326
v -0.002113 0.006852 -0.002444
v -0.002332 0.010971 -0.001052
v -0.003747 0.014536 -0.000124
v -0.003392 0.014909 0.000110
v -0.002045 0.011474 -0.001238
v -0.002022 0.013413 -0.000549
v -0.002149 0.011854 -0.001183
v -0.001130 0.007888 -0.002135
v 0.001034 0.009232 -0.002214
v -0.001862 0.007133 -0.002174
v -0.002755 0.011866 -0.000858
v -0.001907 0.007496 -0.001718
v -0.003831 0.013298 -0.000324
v -0.004068 0.013861 -0.000201
v 0.000749 0.009683 -0.001985
v -0.003045 0.006217 -0.002530
v -0.001954 0.006902 -0.002579
v -0.001184 0.006965 -0.003256
v -0.002381 0.011614 -0.001091
v -0.002530 0.011951 -0.001017
v -0.000593 0.010735 -0.001592
v 0.001206 0.008753 -0.002504
v -0.002199 0.011238 -0.001180
v -0.003250 0.015034 0.000245
v -0.000449 0.011393 -0.001348
v -0.000203 0.011163 -0.001400
v -0.000490 0.011151 -0.001436
v -0.003359 0.013765 -0.000453
v -0.000790 0.011413 -0.001370
v -0.000739 0.011223 -0.001459
v -0.002374 0.012253 -0.001030
v -0.002461 0.007076 -0.001392
v -0.002330 0.007408 -0.001181
v -0.000647 0.011642 -0.001262
v -0.001057 0.011676 -0.001261
v -0.000973 0.011991 -0.001156
v 0.000772 0.008230 -0.002693
v -0.001113 0.009817 -0.001740
v -0.000805 0.009833 -0.001823
v -0.000119 0.010211 -0.001792
v -0.003151 0.014217 -0.000301
v -0.002213 0.013236 -0.000673
v -0.000204 0.010914 -0.001492
v -0.003207 0.013538 -0.000562
v -0.000507 0.010536 -0.001690
v -0.002006 0.007217 -0.001904
v -0.002964 0.014354 -0.000191
v -0.003070 0.013932 -0.000447
v -0.002984 0.013289 -0.000646
v -0.002724 0.012480 -0.000899
v -0.001918 0.008475 -0.001281
v -0.001873 0.008180 -0.001448
v -0.002910 0.014582 0.000009
v -0.003187 0.013778 -0.000486
v 0.000119 0.010896 -0.001456
v -0.001598 0.007245 -0.002303
v -0.000316 0.010314 -0.001766
v -0.002614 0.011416 -0.000889
v -0.003001 0.013606 -0.000554
v -0.003035 0.005948 -0.003082
v -0.002335 0.009849 -0.000759
v -0.002265 0.009388 -0.000689
v -0.002545 0.012166 -0.000987
v -0.002879 0.011291 -0.000611
v -0.002657 0.011016 -0.000763
v -0.002457 0.009593 -0.000181
v -0.002440 0.009751 -0.000481
v -0.002348 0.009320 -0.000432
v -0.002510 0.010191 -0.000598
v -0.002412 0.010234 -0.000802
v -0.000708 0.011031 -0.001516
v -0.002365 0.010451 -0.000902
v -0.002557 0.009955 -0.000265
v -0.002590 0.010617 -0.000694
v -0.002905 0.011502 -0.000605
v -0.003186 0.011605 -0.000315
v -0.002585 0.010144 -0.000404
v -0.002227 0.008603 -0.000710
v -0.002295 0.008949 -0.000504
v -0.002078 0.009111 -0.000945
v -0.003404 0.011512 0.000186
v -0.003862 0.011887 0.000652
v -0.002411 0.010748 -0.000924
v -0.002610 0.009971 -0.000062
v -0.003567 0.012071 -0.000139
v -0.002685 0.010467 -0.000435
v -0.002771 0.010373 -0.000163
v 0.000322 0.010426 -0.001645
v 0.000223 0.010195 -0.001746
v -0.003628 0.011937 0.000068
v -0.002775 0.010257 0.000218
v 0.000424 0.010162 -0.001762
v 0.000689 0.010038 -0.001783
v -0.000088 0.009955 -0.001883
v -0.002919 0.010964 -0.000360
v -0.000039 0.009302 -0.002100
v -0.003047 0.010812 0.000149
v -0.003373 0.011229 0.000586
v 0.001495 0.008928 -0.002371
v -0.002072 0.008568 -0.001015
v -0.000984 0.008125 -0.002119
v -0.003037 0.012826 -0.000758
v -0.000971 0.012267 -0.000986
v -0.002204 0.008420 -0.000813
v -0.001754 0.008579 -0.001470
v -0.001520 0.008616 -0.001669
v -0.001862 0.008928 -0.001280
v -0.001649 0.008944 -0.001504
v -0.002460 0.013325 -0.000673
v -0.003277 0.005898 -0.002797
v -0.007827 0.020093 0.003488
v -0.007591 0.019873 0.003353
v -0.007836 0.020124 0.003254
v -0.008192 0.020377 0.003193
v -0.007890 0.020131 0.003052
v -0.008169 0.020301 0.002895
v -0.008512 0.020644 0.003327
v -0.008296 0.020481 0.003519
v -0.008036 0.020269 0.003413
v -0.008865 0.020921 0.003325
v -0.008598 0.020692 0.003560
v -0.007602 0.019879 0.003087
v -0.007322 0.019616 0.002888
v -0.007748 0.019931 0.002769
v -0.009154 0.021153 0.003480
v -0.008872 0.020925 0.003677
v -0.009192 0.021138 0.003764
v -0.009404 0.021298 0.003547
v -0.009523 0.021348 0.003768
v -0.008623 0.020681 0.003024
v -0.006192 0.018124 0.001595
v -0.006001 0.018101 0.001675
v -0.006002 0.017992 0.001567
v -0.005843 0.018109 0.001868
v -0.006315 0.018333 0.001760
v -0.006050 0.018359 0.002117
v -0.005662 0.016590 0.000666
v -0.006080 0.016860 0.000736
v -0.005721 0.016874 0.000804
v -0.005394 0.016682 0.000773
v -0.005932 0.017213 0.000964
v -0.005842 0.017446 0.001175
v -0.005531 0.017210 0.001090
v -0.005738 0.017646 0.001383
v -0.005472 0.017396 0.001278
v -0.005576 0.016375 0.000572
v -0.005331 0.016383 0.000605
v -0.005168 0.016767 0.000892
v -0.005496 0.016963 0.000913
v -0.005882 0.016394 0.000566
v -0.005471 0.016168 0.000501
v -0.005089 0.016513 0.000728
v -0.005393 0.017606 0.001532
v -0.005124 0.017272 0.001372
v -0.005115 0.016106 0.000498
v -0.005004 0.016291 0.000611
v -0.004801 0.016131 0.000563
v -0.005266 0.017174 0.001190
v -0.004848 0.016602 0.000874
v -0.004797 0.016368 0.000720
v -0.004947 0.016993 0.001203
v -0.004953 0.016799 0.001032
v -0.005228 0.016967 0.001059
v -0.005295 0.015868 0.000368
v -0.004886 0.015893 0.000426
v -0.005611 0.015797 0.000372
v -0.005323 0.015545 0.000277
v -0.004965 0.015623 0.000289
v -0.004678 0.015694 0.000362
v -0.005765 0.017882 0.001627
v -0.004533 0.016215 0.000702
v -0.004232 0.016059 0.000706
v -0.004539 0.015963 0.000523
v -0.004681 0.015484 0.000233
v -0.004475 0.015521 0.000303
v -0.004271 0.015875 0.000542
v -0.004213 0.015540 0.000334
v -0.004289 0.015418 0.000250
v -0.004055 0.015864 0.000622
v -0.004361 0.015285 0.000155
v -0.003811 0.015926 0.000752
v -0.004117 0.015718 0.000482
v -0.003871 0.015503 0.000422
v -0.004082 0.015382 0.000260
v -0.006429 0.018209 0.001564
v -0.003876 0.015731 0.000551
v -0.003801 0.015295 0.000278
v -0.003983 0.015203 0.000177
v -0.003610 0.015605 0.000551
v -0.003650 0.015055 0.000154
v -0.003521 0.015299 0.000402
v -0.004371 0.016294 0.000846
v -0.004132 0.016259 0.000913
v -0.003250 0.015034 0.000245
v -0.004390 0.015720 0.000412
v -0.003392 0.014909 0.000110
v -0.004579 0.016443 0.000872
v -0.004592 0.016687 0.001095
v -0.005979 0.017845 0.001433
v -0.006140 0.017987 0.001472
v -0.005700 0.016030 0.000448
v -0.004367 0.016429 0.000970
v -0.004244 0.016462 0.001080
v -0.006490 0.017063 0.000780
v -0.006753 0.017024 0.000756
v -0.006728 0.017298 0.000834
v -0.010185 0.021248 0.003267
v -0.010117 0.021361 0.003185
v -0.010195 0.021236 0.003104
v -0.009007 0.020543 0.002177
v -0.008839 0.020580 0.002384
v -0.008715 0.020359 0.002172
v -0.008561 0.018853 0.001273
v -0.008921 0.018990 0.001315
v -0.008754 0.019133 0.001358
v -0.006387 0.017276 0.000871
v -0.008256 0.018499 0.001170
v -0.008097 0.018223 0.001117
v -0.008292 0.018257 0.001146
v -0.007619 0.019455 0.002040
v -0.007539 0.019515 0.002216
v -0.007302 0.019290 0.002075
v -0.010170 0.021245 0.002931
v -0.006441 0.016808 0.000693
v -0.009716 0.020198 0.001693
v -0.009605 0.020437 0.001799
v -0.009546 0.020241 0.001699
v -0.007688 0.019583 0.002173
v -0.006482 0.018614 0.001970
v -0.006636 0.018577 0.001773
v -0.006890 0.018822 0.001866
v -0.007552 0.016857 0.000889
v -0.008021 0.017520 0.001020
v -0.007582 0.017214 0.000876
v -0.007052 0.019224 0.002310
v -0.007349 0.019479 0.002371
v -0.007079 0.019356 0.002618
v -0.008020 0.017950 0.001036
v -0.007878 0.018107 0.001057
v -0.009643 0.021296 0.002699
v -0.009348 0.021168 0.002912
v -0.009449 0.021118 0.002656
v -0.007724 0.018852 0.001436
v -0.007812 0.019051 0.001546
v -0.007597 0.019019 0.001621
v -0.006324 0.018069 0.001491
v -0.009921 0.020392 0.001776
v -0.009788 0.020502 0.001811
v -0.009858 0.019901 0.001610
v -0.010051 0.020255 0.001798
v -0.008661 0.018576 0.001223
v -0.010092 0.019983 0.001780
v -0.009960 0.019467 0.001657
v -0.007967 0.019226 0.001599
v -0.007801 0.019338 0.001736
v -0.007752 0.019205 0.001654
v -0.010213 0.020641 0.002133
v -0.010161 0.020338 0.001956
v -0.010228 0.020447 0.002213
v -0.009163 0.020926 0.002597
v -0.009476 0.021028 0.002447
v -0.008174 0.018757 0.001273
v -0.007988 0.018824 0.001359
v -0.007786 0.018645 0.001299
v -0.007761 0.019457 0.001883
v -0.007992 0.019491 0.001784
v -0.008079 0.017194 0.001079
v -0.008485 0.017629 0.001200
v -0.008447 0.017850 0.001166
v -0.008801 0.018118 0.001268
v -0.008459 0.018105 0.001166
v -0.009283 0.019483 0.001420
v -0.009466 0.019670 0.001453
v -0.009290 0.019691 0.001412
v -0.007853 0.019628 0.002041
v -0.008075 0.019888 0.002143
v -0.007742 0.019789 0.002371
v -0.009112 0.019601 0.001422
v -0.009014 0.019334 0.001399
v -0.010084 0.020610 0.001993
v -0.006863 0.019255 0.002885
v -0.006815 0.019162 0.002640
v -0.009638 0.019633 0.001497
v -0.009603 0.019897 0.001545
v -0.008861 0.020032 0.001758
v -0.008603 0.020129 0.001969
v -0.008460 0.019802 0.001803
v -0.010117 0.019740 0.001848
v -0.010189 0.020052 0.001996
v -0.010072 0.021333 0.003781
v -0.009938 0.021452 0.003852
v -0.010010 0.021476 0.003487
v -0.007833 0.018430 0.001181
v -0.007956 0.018285 0.001128
v -0.009265 0.018286 0.001427
v -0.008882 0.017876 0.001348
v -0.010266 0.019898 0.003505
v -0.010259 0.019954 0.003750
v -0.010248 0.020086 0.003644
v -0.007062 0.017278 0.000825
v -0.007330 0.017537 0.000879
v -0.007021 0.017521 0.000911
v -0.009707 0.019425 0.001496
v -0.009715 0.019042 0.001506
v -0.006728 0.016734 0.000666
v -0.006464 0.016582 0.000637
v -0.006566 0.016426 0.000605
v -0.010016 0.020879 0.002136
v -0.009909 0.020696 0.001953
v -0.009545 0.020071 0.001598
v -0.007587 0.019263 0.001821
v -0.009444 0.019013 0.001393
v -0.008382 0.020152 0.002213
v -0.008481 0.019437 0.001534
v -0.008232 0.019396 0.001586
v -0.008406 0.019281 0.001454
v -0.006818 0.017980 0.001168
v -0.007229 0.018130 0.001144
v -0.007174 0.018323 0.001311
v -0.008731 0.019663 0.001591
v -0.006237 0.016374 0.000564
v -0.006291 0.016141 0.000529
v -0.009177 0.018572 0.001347
v -0.007343 0.017243 0.000831
v -0.007300 0.016960 0.000804
v -0.008588 0.020358 0.002316
v -0.009389 0.020533 0.001915
v -0.009389 0.020296 0.001745
v -0.009198 0.020095 0.001721
v -0.009238 0.019940 0.001602
v -0.009395 0.020111 0.001630
v -0.009075 0.018800 0.001318
v -0.009033 0.019857 0.001617
v -0.009892 0.021409 0.002791
v -0.009823 0.021293 0.002558
v -0.009981 0.021255 0.002587
v -0.010045 0.021331 0.002871
v -0.009474 0.019382 0.001431
v -0.009602 0.021388 0.003007
v -0.008143 0.019720 0.001913
v -0.006087 0.017487 0.001101
v -0.009476 0.018711 0.001431
v -0.008851 0.018434 0.001264
v -0.009393 0.019884 0.001519
v -0.009176 0.019801 0.001491
v -0.009234 0.019188 0.001374
v -0.010247 0.020086 0.002260
v -0.007990 0.018999 0.001454
v -0.006704 0.018363 0.001526
v -0.006852 0.018608 0.001648
v -0.006627 0.018468 0.001666
v -0.008320 0.019941 0.002006
v -0.009020 0.020994 0.003066
v -0.009180 0.021149 0.003207
v -0.006779 0.019057 0.002411
v -0.006867 0.019066 0.002250
v -0.008682 0.019348 0.001452
v -0.008095 0.020141 0.002615
v -0.010259 0.020231 0.003776
v -0.010281 0.020438 0.003429
v -0.010269 0.020182 0.003487
v -0.007254 0.017748 0.000976
v -0.010223 0.021072 0.003413
v -0.010270 0.020753 0.003224
v -0.010245 0.020676 0.003822
v -0.007602 0.017858 0.000998
v -0.007296 0.019014 0.001782
v -0.007117 0.018768 0.001638
v -0.006467 0.017826 0.001190
v -0.006595 0.017994 0.001288
v -0.006299 0.017902 0.001330
v -0.008434 0.020368 0.002474
v -0.008149 0.020054 0.002352
v -0.006991 0.016619 0.000704
v -0.009683 0.021476 0.003202
v -0.009788 0.021497 0.003004
v -0.009832 0.021526 0.003315
v -0.007439 0.019638 0.002613
v -0.007674 0.017560 0.000928
v -0.006642 0.016184 0.000625
v -0.007037 0.016968 0.000746
v -0.007707 0.018168 0.001076
v -0.006743 0.018155 0.001376
v -0.010268 0.020165 0.003194
v -0.010271 0.020422 0.003005
v -0.010155 0.020909 0.002271
v -0.009171 0.020282 0.001822
v -0.009971 0.021464 0.003103
v -0.010249 0.021051 0.002966
v -0.010273 0.020910 0.002589
v -0.010274 0.020660 0.002752
v -0.006526 0.018120 0.001429
v -0.009692 0.020686 0.001949
v -0.008907 0.019519 0.001465
v -0.008442 0.019078 0.001351
v -0.009837 0.020959 0.002169
v -0.007492 0.018385 0.001235
v -0.007520 0.018233 0.001131
v -0.010160 0.021132 0.002621
v -0.007129 0.019037 0.001948
v -0.006022 0.016162 0.000507
v -0.005942 0.015930 0.000434
v -0.007376 0.017999 0.001062
v -0.008987 0.019684 0.001512
v -0.008173 0.018970 0.001357
v -0.009709 0.021128 0.002384
v -0.009884 0.021183 0.002388
v -0.006926 0.018272 0.001367
v -0.010154 0.021100 0.003807
v -0.009226 0.020782 0.002287
v -0.009519 0.020838 0.002167
v -0.009457 0.021331 0.003245
v -0.009717 0.021402 0.003884
v -0.009789 0.021487 0.003635
v -0.009631 0.021444 0.003464
v -0.010216 0.021170 0.003181
v -0.006244 0.016597 0.000639
v -0.009237 0.020620 0.002093
v -0.008983 0.020380 0.001965
v -0.006221 0.017655 0.001176
v -0.007384 0.018806 0.001535
v -0.007095 0.018539 0.001484
v -0.007443 0.018589 0.001360
v -0.010151 0.021297 0.003490
v -0.008198 0.019164 0.001437
v -0.007013 0.017678 0.000960
v -0.007061 0.017854 0.001040
v -0.009014 0.020920 0.002840
v -0.008760 0.020669 0.002677
v -0.008409 0.020451 0.002718
v -0.010245 0.020658 0.002446
v -0.008413 0.019577 0.001630
v -0.006770 0.017602 0.000970
v -0.008237 0.019598 0.001737
v -0.006389 0.017573 0.001056
v -0.006992 0.019053 0.002102
v -0.006012 0.017665 0.001276
v -0.006036 0.017572 0.001161
v -0.006720 0.018889 0.002142
v 0.005966 0.005275 0.005302
v 0.005776 0.005530 0.005227
v 0.005601 0.005404 0.005517
v 0.002878 0.007697 0.003178
v 0.003046 0.007706 0.003188
v 0.002951 0.007787 0.003091
v 0.002482 0.008271 0.002750
v 0.002829 0.008205 0.002593
v 0.002564 0.008462 0.002472
v 0.003245 0.007733 0.003109
v 0.003165 0.007888 0.002867
v 0.003092 0.007808 0.003061
v 0.002916 0.007606 0.003308
v 0.002796 0.007603 0.003414
v 0.002940 0.007575 0.003461
v 0.007247 0.006339 0.002487
v 0.007138 0.006540 0.002114
v 0.006857 0.006582 0.002493
v 0.006377 0.006038 0.004077
v 0.006059 0.006186 0.004229
v 0.006199 0.005919 0.004401
v 0.006905 0.006216 0.003241
v 0.006776 0.006115 0.003535
v 0.007083 0.005918 0.003484
v 0.001038 0.008054 0.003570
v 0.001186 0.007910 0.003648
v 0.001202 0.008054 0.003532
v 0.003114 0.007616 0.003344
v 0.005762 0.006242 0.004439
v 0.005947 0.006024 0.004503
v 0.003514 0.006821 0.005283
v 0.003775 0.006549 0.005487
v 0.003849 0.006744 0.005143
v 0.002056 0.008892 0.002498
v 0.002337 0.008703 0.002404
v 0.002331 0.008936 0.002127
v 0.006430 0.006187 0.003821
v 0.006620 0.006061 0.003793
v 0.006494 0.006304 0.003570
v 0.006689 0.006282 0.003357
v 0.006696 0.005790 0.004043
v 0.002251 0.007580 0.003977
v 0.002567 0.007620 0.003725
v 0.002285 0.007684 0.003631
v 0.006038 0.005843 0.004640
v 0.002533 0.008972 0.001798
v 0.002357 0.009182 0.001724
v 0.002552 0.009069 0.001558
v 0.003104 0.007563 0.003569
v 0.002984 0.007514 0.003889
v 0.003480 0.007494 0.003671
v 0.007019 0.006792 0.001395
v 0.007174 0.006693 0.001496
v 0.007274 0.006669 0.001241
v 0.002820 0.007590 0.003601
v 0.007254 0.005413 0.003911
v 0.007186 0.005163 0.004238
v 0.007466 0.005331 0.003784
v 0.006763 0.005212 0.004594
v 0.006696 0.005554 0.004313
v 0.006434 0.005487 0.004637
v 0.003168 0.008055 0.002583
v 0.003466 0.007958 0.002505
v 0.003256 0.008178 0.002299
v 0.006859 0.006771 0.001873
v 0.006782 0.006955 0.001422
v 0.007875 0.006001 0.001866
v 0.008038 0.005936 0.001332
v 0.007830 0.006125 0.001582
v 0.007052 0.006308 0.002870
v 0.005772 0.006989 0.002863
v 0.005679 0.007068 0.002697
v 0.005473 0.007136 0.002847
v 0.003194 0.008383 0.002021
v 0.003379 0.008390 0.001777
v 0.003057 0.008630 0.001683
v 0.006186 0.006348 0.003831
v 0.005766 0.006486 0.004076
v 0.005471 0.006099 0.004905
v 0.005172 0.006313 0.004874
v 0.005294 0.006059 0.005091
v 0.006462 0.005725 0.004323
v 0.002576 0.008639 0.002238
v 0.006953 0.004782 0.004850
v 0.003928 0.008150 0.001718
v 0.003643 0.008285 0.001634
v 0.003851 0.008135 0.001921
v 0.004201 0.007921 0.002031
v 0.002787 0.008874 0.001563
v 0.002667 0.009062 0.001322
v 0.003599 0.007641 0.003238
v 0.003483 0.007717 0.003076
v 0.003351 0.007621 0.003353
v 0.006844 0.005896 0.003758
v 0.003353 0.007371 0.004130
v 0.003392 0.007850 0.002816
v 0.003700 0.007787 0.002791
v 0.002870 0.008949 0.001251
v 0.002766 0.009119 0.001026
v 0.006239 0.005700 0.004594
v 0.001846 0.007913 0.003511
v 0.002086 0.007917 0.003376
v 0.001881 0.008128 0.003269
v 0.003652 0.007950 0.002444
v 0.003513 0.008118 0.002199
v 0.005499 0.006286 0.004655
v 0.005478 0.006511 0.004369
v 0.006574 0.006989 0.001713
v 0.006517 0.006841 0.002238
v 0.006621 0.006461 0.003115
v 0.002721 0.007832 0.003081
v 0.003724 0.007317 0.004035
v 0.003612 0.007226 0.004331
v 0.007473 0.006527 0.001050
v 0.007448 0.006533 0.001347
v 0.002741 0.007677 0.003268
v 0.002921 0.008367 0.002299
v 0.007374 0.006348 0.002179
v 0.007380 0.006483 0.001865
v 0.006279 0.006498 0.003452
v 0.006059 0.007025 0.002211
v 0.006168 0.007066 0.002001
v 0.005959 0.007126 0.002099
v 0.002034 0.007741 0.003660
v 0.004969 0.005531 0.005893
v 0.005163 0.005801 0.005483
v 0.004802 0.005799 0.005704
v 0.004123 0.007262 0.003920
v 0.003857 0.007393 0.003700
v 0.004023 0.007103 0.004355
v 0.004837 0.007692 0.001921
v 0.005235 0.007422 0.002140
v 0.005157 0.007662 0.001663
v 0.005604 0.007343 0.002003
v 0.005518 0.007525 0.001599
v 0.004073 0.007734 0.002707
v 0.003854 0.007961 0.002306
v 0.002763 0.008686 0.001960
v 0.006378 0.007006 0.001940
v 0.006297 0.007139 0.001641
v 0.003931 0.007567 0.003255
v 0.004130 0.007391 0.003557
v 0.003635 0.006991 0.004878
v 0.005107 0.006750 0.004290
v 0.004800 0.006742 0.004540
v 0.005189 0.006527 0.004589
v 0.004620 0.006132 0.005464
v 0.007307 0.006612 0.001571
v 0.007142 0.006658 0.001729
v 0.003736 0.007084 0.004584
v 0.004886 0.006529 0.004784
v 0.005758 0.007199 0.002224
v 0.005836 0.007280 0.001871
v 0.004280 0.007451 0.003294
v 0.003295 0.008895 0.000447
v 0.003126 0.008859 0.000978
v 0.003363 0.008732 0.000758
v 0.001375 0.008760 0.003023
v 0.001593 0.008343 0.003212
v 0.001782 0.008548 0.002976
v 0.003353 0.007239 0.004555
v 0.004613 0.007032 0.004115
v 0.003607 0.008453 0.001206
v 0.003904 0.008263 0.001358
v 0.003801 0.008430 0.000930
v 0.004392 0.006867 0.004561
v 0.007003 0.005569 0.003992
v 0.004054 0.006855 0.004801
v 0.005345 0.005287 0.005844
v 0.001717 0.007767 0.003745
v 0.001863 0.007597 0.004007
v 0.004501 0.006661 0.004835
v 0.001457 0.007847 0.003678
v 0.001672 0.007870 0.003606
v 0.004226 0.006523 0.005225
v 0.002383 0.007883 0.003232
v 0.002438 0.007739 0.003448
v 0.002587 0.007773 0.003283
v 0.006507 0.007165 0.001253
v 0.005775 0.005986 0.004748
v 0.006001 0.005602 0.004930
v 0.001261 0.008396 0.003284
v 0.004771 0.006404 0.005036
v 0.002111 0.008304 0.002980
v 0.002433 0.008057 0.002995
v 0.004073 0.006199 0.005702
v 0.007479 0.006195 0.002363
v 0.004990 0.006162 0.005183
v 0.001196 0.008190 0.003451
v 0.000978 0.008280 0.003399
v 0.007855 0.005760 0.002646
v 0.007729 0.005993 0.002324
v 0.007487 0.006052 0.002751
v 0.004449 0.005814 0.005909
v 0.005907 0.006665 0.003576
v 0.006200 0.006669 0.003126
v 0.005855 0.006849 0.003139
v 0.001745 0.009104 0.002575
v 0.001761 0.008847 0.002763
v 0.003039 0.008770 0.001392
v 0.006256 0.004952 0.005341
v 0.005901 0.004999 0.005605
v 0.004690 0.005392 0.006207
v 0.004733 0.005654 0.005912
v 0.005571 0.005797 0.005148
v 0.003455 0.008615 0.000993
v 0.003346 0.008537 0.001381
v 0.005682 0.004999 0.005822
v 0.002642 0.007672 0.003447
v 0.006341 0.005233 0.004964
v 0.005845 0.004856 0.005799
v 0.002183 0.008056 0.003168
v 0.006133 0.004769 0.005571
v 0.006577 0.004965 0.005012
v 0.004622 0.007459 0.002833
v 0.004541 0.007401 0.003138
v 0.004974 0.007249 0.003093
v 0.005976 0.004760 0.005743
v 0.006600 0.004753 0.005215
v 0.002954 0.007889 0.002941
v 0.006472 0.006692 0.002753
v 0.007196 0.006082 0.003111
v 0.002236 0.007786 0.003444
v 0.001636 0.008019 0.003443
v 0.007537 0.006114 -0.001828
v 0.007412 0.006365 -0.001517
v 0.007750 0.006104 -0.001359
v 0.006651 0.006843 -0.001918
v 0.006634 0.006962 -0.001628
v 0.006912 0.006719 -0.001680
v 0.006354 0.007089 -0.001852
v 0.006158 0.007038 -0.002283
v 0.006073 0.007227 -0.002030
v 0.006493 0.006860 -0.002155
v 0.006827 0.006545 -0.002278
v 0.007207 0.006390 -0.001863
v 0.007197 0.006556 -0.001459
v 0.004983 0.007052 0.003686
v 0.005162 0.006943 0.003761
v 0.005158 0.007071 0.003469
v 0.006151 0.006862 0.002714
v 0.006208 0.006952 0.002277
v -0.000673 0.006147 0.005289
v -0.000983 0.006079 0.005106
v -0.000725 0.005815 0.005499
v 0.000982 0.006321 0.005931
v 0.000451 0.006409 0.005722
v 0.000567 0.006175 0.005921
v 0.007421 0.005845 0.003200
v 0.000029 0.005204 0.006238
v 0.000201 0.005482 0.006183
v -0.000137 0.005471 0.006026
v 0.000206 0.007559 0.003947
v 0.000112 0.007399 0.004117
v 0.000383 0.007429 0.004236
v -0.000960 0.007439 0.003266
v -0.001110 0.007163 0.003462
v -0.000705 0.007347 0.003581
v -0.000242 0.008124 0.003218
v -0.000713 0.007985 0.002993
v -0.000412 0.007919 0.003258
v -0.000557 0.006625 0.004913
v -0.000587 0.006395 0.005153
v -0.000143 0.006674 0.005200
v -0.000321 0.007019 0.004448
v -0.000364 0.006848 0.004770
v -0.000035 0.007053 0.004687
v -0.000303 0.006028 0.005642
v -0.000162 0.006267 0.005563
v -0.000440 0.006207 0.005424
v -0.000181 0.005792 0.005842
v 0.000128 0.006105 0.005830
v -0.001483 0.006280 0.004389
v -0.001389 0.006098 0.004717
v -0.001010 0.006456 0.004712
v 0.000480 0.005924 0.006046
v 0.000848 0.005957 0.006122
v -0.000889 0.007106 0.003753
v 0.000471 0.007764 0.003829
v 0.000204 0.007912 0.003569
v 0.000253 0.007719 0.003772
v 0.003593 0.008382 0.001394
v 0.000042 0.005748 0.005985
v 0.000060 0.006449 0.005530
v -0.000029 0.007225 0.004313
v 0.000193 0.007194 0.004540
v -0.000469 0.007244 0.003829
v -0.000124 0.007390 0.003948
v -0.000313 0.007537 0.003649
v -0.000022 0.008423 0.003143
v 0.000000 0.008220 0.003255
v 0.000270 0.008272 0.003301
v -0.002128 0.005465 0.004507
v -0.001747 0.005395 0.004968
v -0.001667 0.005770 0.004730
v -0.000341 0.008346 0.003043
v -0.000945 0.006982 0.003883
v -0.000714 0.007049 0.003959
v -0.002353 0.004978 0.004712
v -0.002280 0.004719 0.005011
v -0.001976 0.004921 0.005115
v -0.000713 0.006864 0.004356
v -0.001278 0.006624 0.004155
v -0.000929 0.006657 0.004488
v -0.000246 0.006429 0.005376
v -0.000378 0.007132 0.004157
v -0.000361 0.005556 0.005833
v -0.001860 0.005922 0.004361
v -0.000681 0.007190 0.003781
v -0.000597 0.007682 0.003338
v 0.000479 0.008059 0.003544
v -0.000665 0.005111 0.005900
v -0.000406 0.005272 0.005943
v -0.000612 0.005449 0.005765
v -0.000974 0.006884 0.004049
v -0.001226 0.006887 0.003743
v -0.000180 0.007858 0.003446
v -0.000431 0.005750 0.005702
v 0.004317 0.007551 0.002956
v -0.001552 0.005069 0.005376
v -0.001219 0.005565 0.005300
v -0.001382 0.005809 0.004974
v 0.006044 0.007205 0.001779
v 0.000286 0.005784 0.006063
v -0.001019 0.005095 0.005727
v -0.000215 0.005089 0.006155
v -0.000716 0.006695 0.004654
v 0.004314 0.008191 0.000887
v 0.004837 0.007502 0.002462
v 0.004393 0.007674 0.002517
v 0.005497 0.006756 0.003831
v 0.005233 0.006813 0.004034
v 0.005433 0.006671 0.004125
v -0.000013 0.006908 0.004963
v 0.000333 0.006644 0.005472
v 0.000305 0.006863 0.005211
v 0.000017 0.008072 0.003365
v 0.000035 0.007649 0.003731
v 0.000291 0.007081 0.004882
v 0.000710 0.006571 0.005650
v 0.000631 0.005534 0.006308
v 0.000315 0.005164 0.006393
v -0.000024 0.009035 0.002953
v 0.000021 0.008714 0.003036
v 0.000233 0.008919 0.003029
v 0.001581 0.006656 0.005767
v 0.001455 0.006876 0.005492
v 0.001123 0.006664 0.005672
v 0.001084 0.007686 0.003959
v 0.000717 0.007651 0.004027
v 0.000831 0.007491 0.004275
v 0.002616 0.006220 0.006273
v 0.002823 0.005903 0.006519
v 0.002895 0.006206 0.006247
v 0.001062 0.005710 0.006306
v 0.002374 0.006947 0.005461
v 0.002777 0.006984 0.005338
v 0.002691 0.007104 0.005144
v 0.003112 0.007240 0.004695
v 0.003256 0.007094 0.004943
v 0.001942 0.006770 0.005680
v 0.001883 0.006519 0.005955
v 0.000841 0.008059 0.003584
v 0.000850 0.007863 0.003774
v 0.000652 0.007986 0.003642
v 0.003165 0.006066 0.006299
v 0.002282 0.006627 0.005870
v 0.000509 0.007247 0.004617
v 0.001631 0.007151 0.005051
v 0.001600 0.007284 0.004783
v 0.001428 0.007155 0.005022
v 0.001025 0.006877 0.005400
v 0.002917 0.005425 0.006833
v 0.002597 0.005661 0.006707
v 0.000323 0.008672 0.003121
v 0.000459 0.008987 0.003045
v 0.001000 0.008905 0.003054
v 0.001048 0.008596 0.003198
v 0.001739 0.005574 0.006621
v 0.002266 0.005563 0.006744
v 0.002016 0.005852 0.006515
v 0.004280 0.005583 0.006244
v 0.004326 0.005202 0.006559
v 0.000848 0.007229 0.004816
v 0.000756 0.007356 0.004529
v 0.000598 0.007380 0.004411
v 0.003948 0.005845 0.006138
v 0.003965 0.005524 0.006451
v 0.003671 0.006329 0.005794
v 0.003706 0.006118 0.005993
v 0.001844 0.006161 0.006248
v 0.001765 0.005899 0.006413
v 0.000663 0.006778 0.005427
v 0.000669 0.007013 0.005128
v 0.001141 0.007390 0.004560
v 0.001593 0.007475 0.004344
v 0.003615 0.008620 0.000662
v 0.002387 0.007470 0.004253
v 0.002542 0.007393 0.004474
v 0.002666 0.007485 0.004185
v 0.003390 0.006549 0.005700
v 0.003425 0.006244 0.006011
v 0.002041 0.007297 0.004747
v 0.002391 0.007326 0.004693
v 0.002112 0.007412 0.004377
v 0.003222 0.006942 0.005248
v 0.003231 0.006786 0.005481
v 0.002812 0.007239 0.004837
v 0.002928 0.007351 0.004498
v 0.001878 0.006953 0.005417
v 0.001217 0.007237 0.004866
v 0.001219 0.007530 0.004214
v 0.001939 0.007126 0.005117
v 0.001589 0.007054 0.005231
v 0.001376 0.005951 0.006257
v 0.001314 0.005624 0.006434
v 0.002385 0.007190 0.004990
v 0.000675 0.008888 0.003083
v 0.000588 0.008552 0.003218
v 0.000830 0.008700 0.003160
v 0.002340 0.005977 0.006477
v 0.002253 0.006335 0.006160
v 0.001172 0.007061 0.005158
v -0.000394 0.008987 0.002809
v -0.000343 0.008647 0.002920
v 0.002797 0.006428 0.006041
v 0.000548 0.008305 0.003354
v 0.000779 0.008443 0.003295
v 0.005562 0.007198 0.002464
v 0.002998 0.006658 0.005731
v 0.003004 0.006893 0.005418
v -0.000183 0.008539 0.003033
v 0.001294 0.009374 0.002759
v 0.001122 0.009206 0.002903
v 0.001481 0.009130 0.002787
v 0.001414 0.006236 0.006084
v 0.001465 0.006448 0.005939
v 0.002521 0.006450 0.006050
v 0.000848 0.009161 0.002977
v 0.003531 0.005945 0.006249
v 0.003115 0.006359 0.006029
v 0.001356 0.005386 0.006599
v 0.003281 0.005687 0.006576
v 0.003041 0.007411 0.004260
v 0.003653 0.005663 0.006444
v 0.003747 0.005476 0.006569
v 0.002984 0.007064 0.005141
v 0.003563 0.005467 0.006634
v 0.007359 0.006655 0.000948
v 0.007185 0.006799 0.000884
v 0.005467 0.007027 0.003148
v 0.000587 0.009219 0.002990
v 0.001064 0.005473 0.006458
v 0.000707 0.008192 0.003469
v 0.002626 0.006668 0.005800
v 0.002772 0.006845 0.005554
v 0.001497 0.007638 0.003994
v 0.000557 0.007137 0.004876
v 0.001836 0.007365 0.004567
v 0.007579 0.006196 0.002033
v 0.005225 0.007287 0.002621
v 0.004700 0.007658 0.002180
v 0.000313 0.009192 0.002986
v 0.001525 0.009437 0.002545
v 0.003968 0.008428 0.000571
v 0.005998 0.007361 0.001453
v 0.007689 0.006302 0.001327
v 0.005521 0.006888 0.003494
v 0.007334 0.005624 0.003600
v 0.004981 0.006925 0.004020
v 0.004781 0.007955 0.001054
v 0.004754 0.008036 0.000651
v 0.004887 0.007015 0.003881
v 0.005895 0.007042 0.002470
v 0.002041 0.009287 0.002068
v 0.001819 0.009275 0.002363
v 0.001998 0.009094 0.002344
v 0.007472 0.006464 0.001585
v 0.004095 0.008105 0.001626
v 0.004433 0.007979 0.001537
v 0.005726 0.007393 0.001731
v 0.005239 0.007759 0.001211
v 0.005736 0.007573 0.001077
v 0.005509 0.007742 0.000758
v 0.004830 0.007136 0.003634
v 0.004548 0.007799 0.001988
v 0.003424 0.008283 0.001986
v 0.003624 0.008209 0.001976
v 0.004130 0.007826 0.002383
v 0.007684 0.005754 0.002954
v 0.004880 0.007822 0.001477
v 0.004499 0.007285 0.003566
v 0.005128 0.007878 0.000751
v 0.006858 0.007002 0.001056
v 0.004548 0.007707 0.002245
v 0.007559 0.006337 0.001700
v 0.007700 0.005483 0.003334
v 0.007691 0.006213 0.001718
v 0.006705 0.007162 -0.000050
v 0.007152 0.006836 -0.000215
v 0.006844 0.007030 -0.000351
v 0.007276 0.006755 0.000310
v 0.007471 0.006584 -0.000118
v 0.006808 0.007109 0.000279
v 0.006939 0.007012 0.000617
v 0.007044 0.006942 0.000257
v 0.006991 0.006898 -0.000687
v 0.006646 0.007137 -0.000575
v 0.006619 0.007173 -0.000280
v 0.006492 0.007244 -0.000339
v 0.007635 0.006399 -0.000506
v 0.007687 0.006369 -0.000239
v 0.004896 0.007959 -0.000910
v 0.005237 0.007803 -0.001219
v 0.004818 0.007939 -0.001360
v 0.006236 0.007392 0.000816
v 0.005273 0.007865 0.000062
v 0.005546 0.007736 -0.000260
v 0.005084 0.007923 -0.000384
v 0.007672 0.006401 0.000120
v 0.003839 0.008591 -0.000132
v 0.003738 0.008626 0.000279
v 0.004127 0.008393 0.000159
v 0.007490 0.006545 0.000631
v 0.006507 0.007329 0.000328
v 0.006631 0.007222 0.000578
v 0.007976 0.006064 -0.000286
v 0.007366 0.006543 -0.000986
v 0.007778 0.006186 -0.000942
v 0.008026 0.006009 0.000307
v 0.007747 0.006298 0.000496
v 0.006371 0.007362 -0.000068
v 0.006650 0.007176 0.000859
v 0.007667 0.006364 0.000836
v 0.004632 0.008086 -0.000524
v 0.005953 0.007582 -0.000070
v 0.005727 0.007679 0.000399
v 0.006094 0.007513 0.000360
v 0.006033 0.007460 -0.000998
v 0.005795 0.007613 -0.000873
v 0.005918 0.007561 -0.000586
v 0.005655 0.007632 -0.001182
v 0.005400 0.007693 -0.001461
v 0.004723 0.008052 -0.000201
v 0.004645 0.008105 0.000047
v 0.004935 0.008001 0.000034
v 0.007077 0.006778 -0.000982
v 0.004190 0.008314 -0.000639
v 0.004512 0.008127 -0.000884
v 0.004250 0.008249 -0.001023
v 0.006364 0.007292 -0.000821
v 0.007043 0.006758 -0.001263
v 0.006770 0.006926 -0.001374
v 0.006788 0.006993 -0.000991
v 0.005571 0.007748 0.000123
v 0.006024 0.007379 -0.001499
v 0.005702 0.007519 -0.001645
v 0.005974 0.007446 -0.001324
v 0.005865 0.007588 0.000686
v 0.006342 0.007222 -0.001357
v 0.005484 0.007754 -0.000754
v 0.007891 0.006143 0.000802
v 0.006073 0.007313 -0.001746
v 0.006306 0.007380 -0.000396
v 0.005069 0.007832 -0.001569
v 0.005249 0.007694 -0.001785
v 0.004963 0.007817 -0.001813
v 0.004742 0.008081 0.000314
v 0.005032 0.007947 0.000369
v 0.005385 0.007824 0.000416
v 0.004083 0.008403 -0.000226
v 0.003914 0.008505 -0.000452
v 0.004404 0.008205 -0.000177
v 0.004511 0.008157 0.000508
v 0.004455 0.008207 0.000237
v 0.005774 0.007355 -0.002118
v 0.005392 0.007550 -0.002104
v 0.004515 0.008091 -0.001186
v 0.004972 0.007717 -0.002073
v 0.004703 0.007910 -0.001717
v 0.004283 0.008270 0.000478
v 0.002142 0.008581 0.002694
v 0.001820 0.008338 0.003116
v 0.002759 0.008042 0.002837
v 0.001365 0.008100 0.003472
v 0.005140 0.005121 0.006145
v 0.002994 0.008006 0.002757
vt 0.682681 0.977031
vt 0.677799 0.968627
vt 0.685296 0.968405
vt 0.024178 0.681252
vt 0.076646 0.577192
vt 0.093033 0.638679
vt 0.023038 0.524105
vt 0.675332 0.983124
vt 0.679450 0.997285
vt 0.670770 0.986163
vt 0.665571 0.980168
vt 0.667165 0.992336
vt 0.669823 0.974787
vt 0.663438 0.969390
vt 0.657374 0.980611
vt 0.661693 0.998864
vt 0.650973 0.993373
vt 0.662859 0.991617
vt 0.686329 0.988258
vt 0.102616 0.940152
vt 0.095513 0.962207
vt 0.087516 0.951905
vt 0.136687 0.968284
vt 0.139666 0.975456
vt 0.131841 0.979736
vt 0.120248 0.980716
vt 0.125065 0.968617
vt 0.108333 0.972961
vt 0.119131 0.963121
vt 0.116441 0.951451
vt 0.126552 0.942259
vt 0.127517 0.953951
vt 0.106799 0.954255
vt 0.114622 0.958247
vt 0.105136 0.965206
vt 0.116818 0.944177
vt 0.138255 0.949493
vt 0.139393 0.957886
vt 0.135067 0.983726
vt 0.139113 0.938893
vt 0.319954 0.744718
vt 0.278936 0.773913
vt 0.263967 0.768932
vt 0.251266 0.725016
vt 0.230416 0.708554
vt 0.248021 0.696427
vt 0.298646 0.815003
vt 0.291516 0.805670
vt 0.278506 0.784127
vt 0.248249 0.744032
vt 0.228949 0.727197
vt 0.260356 0.758368
vt 0.274444 0.648229
vt 0.236235 0.668191
vt 0.237950 0.638475
vt 0.227442 0.653248
vt 0.284678 0.793830
vt 0.363071 0.604354
vt 0.296909 0.582815
vt 0.257696 0.609862
vt 0.234591 0.684222
vt 0.228555 0.694238
vt 0.470971 0.642301
vt 0.468000 0.767942
vt 0.230653 0.684418
vt 0.523570 0.985010
vt 0.537021 0.992403
vt 0.527871 0.993826
vt 0.564518 0.975686
vt 0.561372 0.983369
vt 0.549285 0.977201
vt 0.519738 0.976149
vt 0.535029 0.979449
vt 0.550589 0.993760
vt 0.548722 0.985663
vt 0.498552 0.983737
vt 0.483358 0.981819
vt 0.489358 0.973760
vt 0.536696 0.972077
vt 0.548823 0.969467
vt 0.511188 0.983457
vt 0.517140 0.989276
vt 0.507842 0.987297
vt 0.505184 0.973926
vt 0.504239 0.979370
vt 0.513073 0.979359
vt 0.526606 0.972219
vt 0.568229 0.993826
vt 0.483749 0.987239
vt 0.492787 0.989842
vt 0.032354 0.202704
vt 0.013314 0.199150
vt 0.022160 0.191923
vt 0.040727 0.212256
vt 0.025240 0.206055
vt 0.055206 0.224929
vt 0.036723 0.219861
vt 0.079701 0.220317
vt 0.075226 0.224144
vt 0.061074 0.214172
vt 0.048777 0.211080
vt 0.062827 0.219461
vt 0.023445 0.211873
vt 0.041832 0.203374
vt 0.019184 0.219134
vt 0.010894 0.210144
vt 0.009273 0.200628
vt 0.033118 0.225780
vt 0.021149 0.228549
vt 0.012963 0.224795
vt 0.089893 0.215218
vt 0.076269 0.196869
vt 0.098862 0.207294
vt 0.045580 0.192204
vt 0.024195 0.163898
vt 0.013268 0.233919
vt 0.945908 0.605497
vt 0.911862 0.612260
vt 0.924173 0.604808
vt 0.945537 0.550041
vt 0.958268 0.553656
vt 0.942150 0.562617
vt 0.931079 0.571169
vt 0.938957 0.572754
vt 0.930387 0.579755
vt 0.940608 0.596212
vt 0.952781 0.566660
vt 0.935304 0.581927
vt 0.946578 0.540120
vt 0.959137 0.545160
vt 0.925677 0.588738
vt 0.914007 0.597159
vt 0.920684 0.586255
vt 0.923802 0.598438
vt 0.969146 0.576939
vt 0.945811 0.585416
vt 0.961255 0.571178
vt 0.946617 0.576757
vt 0.961695 0.591068
vt 0.973058 0.614535
vt 0.969592 0.597017
vt 0.966351 0.559945
vt 0.932936 0.633491
vt 0.927569 0.036961
vt 0.931563 0.026165
vt 0.943598 0.028187
vt 0.943906 0.050049
vt 0.937624 0.042860
vt 0.954500 0.036980
vt 0.912899 0.041495
vt 0.918146 0.033154
vt 0.959967 0.044703
vt 0.922270 0.046076
vt 0.925449 0.056067
vt 0.948180 0.061104
vt 0.937022 0.089607
vt 0.917081 0.074838
vt 0.927866 0.021732
vt 0.943842 0.104308
vt 0.952224 0.109222
vt 0.944854 0.115566
vt 0.961062 0.094363
vt 0.962101 0.018829
vt 0.953571 0.030611
vt 0.954012 0.012316
vt 0.923627 0.003255
vt 0.929839 0.007460
vt 0.920975 0.012503
vt 0.952277 0.118769
vt 0.939889 0.018339
vt 0.942918 0.022176
vt 0.958032 0.080121
vt 0.931725 0.014489
vt 0.917543 0.021890
vt 0.060001 0.955162
vt 0.064863 0.961863
vt 0.056552 0.964095
vt 0.081021 0.943005
vt 0.078861 0.951731
vt 0.074130 0.940998
vt 0.071935 0.952290
vt 0.036620 0.972229
vt 0.035050 0.954286
vt 0.045722 0.957692
vt 0.079359 0.961571
vt 0.073212 0.961107
vt 0.060104 0.938563
vt 0.052520 0.948202
vt 0.046735 0.943414
vt 0.041907 0.980087
vt 0.049888 0.964886
vt 0.051320 0.972244
vt 0.058327 0.948760
vt 0.065383 0.945431
vt 0.054154 0.955982
vt 0.079596 0.970380
vt 0.069904 0.963568
vt 0.070471 0.968221
vt 0.071561 0.978347
vt 0.062391 0.979134
vt 0.078379 0.978803
vt 0.056224 0.976688
vt 0.365034 0.930809
vt 0.376048 0.915663
vt 0.379520 0.922997
vt 0.411433 0.930470
vt 0.398769 0.929677
vt 0.411418 0.919847
vt 0.388823 0.917421
vt 0.387170 0.927157
vt 0.398267 0.917135
vt 0.386379 0.951812
vt 0.377109 0.947629
vt 0.386911 0.938549
vt 0.371044 0.938657
vt 0.406830 0.939048
vt 0.396321 0.942137
vt 0.365730 0.916924
vt 0.353037 0.932159
vt 0.360956 0.906508
vt 0.397047 0.959140
vt 0.403028 0.952117
vt 0.331938 0.914952
vt 0.340277 0.901843
vt 0.340928 0.916830
vt 0.384485 0.913413
vt 0.393925 0.908891
vt 0.414290 0.947575
vt 0.417413 0.940115
vt 0.427513 0.940649
vt 0.425181 0.949824
vt 0.375093 0.899895
vt 0.384180 0.904076
vt 0.372682 0.908533
vt 0.421174 0.933016
vt 0.330423 0.898003
vt 0.344068 0.925467
vt 0.349798 0.898125
vt 0.348287 0.909944
vt 0.165294 0.970770
vt 0.156705 0.965227
vt 0.159466 0.956057
vt 0.160458 0.973961
vt 0.160615 0.941361
vt 0.154254 0.943769
vt 0.153180 0.956840
vt 0.148685 0.959998
vt 0.193478 0.984557
vt 0.193486 0.993979
vt 0.185551 0.986178
vt 0.146276 0.944772
vt 0.183298 0.951549
vt 0.178999 0.943376
vt 0.193828 0.956377
vt 0.204832 0.995935
vt 0.149851 0.970625
vt 0.195821 0.970678
vt 0.183537 0.959740
vt 0.172136 0.960561
vt 0.172278 0.947234
vt 0.185491 0.972295
vt 0.197805 0.979213
vt 0.183605 0.978670
vt 0.177072 0.971689
vt 0.158916 0.981979
vt 0.168586 0.982557
vt 0.169934 0.967937
vt 0.181449 0.995240
vt 0.175738 0.978445
vt 0.152094 0.987946
vt 0.146954 0.978215
vt 0.167028 0.993019
vt 0.158314 0.991118
vt 0.208883 0.983234
vt 0.204121 0.987652
vt 0.207371 0.973072
vt 0.184924 0.938588
vt 0.198517 0.946847
vt 0.011965 0.877820
vt 0.072023 0.867215
vt 0.001158 0.932211
vt 0.021647 0.833729
vt 0.026203 0.842237
vt 0.019062 0.840768
vt 0.058512 0.848433
vt 0.043994 0.847818
vt 0.049081 0.842739
vt 0.028376 0.851077
vt 0.067211 0.833159
vt 0.081873 0.837969
vt 0.066136 0.840370
vt 0.018652 0.862723
vt 0.007675 0.855753
vt 0.037434 0.823730
vt 0.033216 0.832518
vt 0.020835 0.824126
vt 0.026151 0.817744
vt 0.019508 0.818615
vt 0.035696 0.842145
vt 0.016009 0.834293
vt 0.013756 0.827653
vt 0.075407 0.847142
vt 0.083240 0.832370
vt 0.094921 0.848617
vt 0.045144 0.853202
vt 0.008707 0.834246
vt 0.021199 0.844443
vt 0.045672 0.835668
vt 0.046135 0.828261
vt 0.092849 0.837831
vt 0.099739 0.858331
vt 0.109351 0.860925
vt 0.014606 0.825332
vt 0.017364 0.817327
vt 0.074452 0.829316
vt 0.066102 0.823756
vt 0.015330 0.839733
vt 0.097217 0.856391
vt 0.110803 0.851798
vt 0.006784 0.806876
vt 0.008146 0.816880
vt 0.009146 0.846238
vt 0.132770 0.921863
vt 0.123015 0.872346
vt 0.755112 0.924057
vt 0.751166 0.942374
vt 0.735223 0.922580
vt 0.720698 0.950909
vt 0.719552 0.933128
vt 0.730653 0.940751
vt 0.749723 0.865395
vt 0.731269 0.871380
vt 0.739675 0.853901
vt 0.729491 0.953566
vt 0.757959 0.961387
vt 0.739818 0.962071
vt 0.701862 0.910389
vt 0.688549 0.914723
vt 0.684047 0.899278
vt 0.771907 0.866063
vt 0.759071 0.857035
vt 0.727652 0.903117
vt 0.748535 0.907333
vt 0.739252 0.884980
vt 0.724399 0.886221
vt 0.795005 0.961823
vt 0.787477 0.948462
vt 0.802777 0.951099
vt 0.804156 0.937189
vt 0.776663 0.930617
vt 0.753527 0.853405
vt 0.693565 0.956099
vt 0.678221 0.953350
vt 0.688151 0.932670
vt 0.675010 0.931435
vt 0.804156 0.920144
vt 0.775262 0.961623
vt 0.769437 0.948233
vt 0.783740 0.911803
vt 0.751804 0.893338
vt 0.765249 0.888910
vt 0.766610 0.901750
vt 0.758587 0.948970
vt 0.790674 0.894407
vt 0.766392 0.915467
vt 0.773671 0.893333
vt 0.787792 0.878690
vt 0.799367 0.906274
vt 0.704116 0.891656
vt 0.697795 0.867101
vt 0.754116 0.878673
vt 0.709815 0.953126
vt 0.703452 0.928115
vt 0.755140 0.870320
vt 0.716436 0.914024
vt 0.724840 0.855561
vt 0.736683 0.895235
vt 0.679539 0.920726
vt 0.768766 0.855204
vt 0.283922 0.923504
vt 0.261539 0.931641
vt 0.279109 0.917101
vt 0.279263 0.933524
vt 0.287661 0.936597
vt 0.277487 0.940365
vt 0.238079 0.946318
vt 0.233873 0.950395
vt 0.222246 0.950065
vt 0.244950 0.950273
vt 0.276960 0.947368
vt 0.268973 0.953297
vt 0.267121 0.943728
vt 0.298047 0.931722
vt 0.291282 0.928079
vt 0.309880 0.944786
vt 0.297130 0.950417
vt 0.308997 0.939524
vt 0.212476 0.946015
vt 0.213390 0.942182
vt 0.225228 0.938856
vt 0.292198 0.879851
vt 0.286594 0.894998
vt 0.276634 0.894675
vt 0.244114 0.929652
vt 0.235987 0.928117
vt 0.248637 0.917429
vt 0.285922 0.945903
vt 0.281730 0.955443
vt 0.269457 0.938393
vt 0.263607 0.937135
vt 0.259992 0.949517
vt 0.267601 0.877219
vt 0.309170 0.845280
vt 0.308041 0.866638
vt 0.301372 0.885640
vt 0.296190 0.939125
vt 0.293685 0.902556
vt 0.308334 0.891244
vt 0.304481 0.904082
vt 0.257401 0.942058
vt 0.268509 0.913487
vt 0.258967 0.906682
vt 0.297548 0.958643
vt 0.286657 0.962259
vt 0.292055 0.913408
vt 0.299525 0.918030
vt 0.279408 0.884442
vt 0.219432 0.936077
vt 0.229728 0.913820
vt 0.225270 0.946921
vt 0.234657 0.939126
vt 0.211381 0.931997
vt 0.220181 0.945301
vt 0.205505 0.945165
vt 0.310368 0.953859
vt 0.308500 0.928556
vt 0.256505 0.955838
vt 0.303276 0.923585
vt 0.859598 0.876062
vt 0.847725 0.883053
vt 0.851719 0.875284
vt 0.887443 0.872473
vt 0.897308 0.861606
vt 0.894560 0.876444
vt 0.863099 0.857901
vt 0.863307 0.868983
vt 0.855846 0.868222
vt 0.906234 0.863417
vt 0.901710 0.877424
vt 0.816252 0.872050
vt 0.829723 0.870582
vt 0.819493 0.880311
vt 0.887148 0.861625
vt 0.913453 0.874719
vt 0.921375 0.851179
vt 0.935304 0.867000
vt 0.875035 0.869783
vt 0.880984 0.857292
vt 0.909641 0.852471
vt 0.900773 0.851457
vt 0.862194 0.884376
vt 0.905763 0.842109
vt 0.905337 0.834941
vt 0.899092 0.842548
vt 0.846460 0.893347
vt 0.824223 0.887614
vt 0.817350 0.891464
vt 0.811107 0.889953
vt 0.836353 0.880759
vt 0.832075 0.890307
vt 0.844013 0.871384
vt 0.870888 0.860918
vt 0.895811 0.836197
vt 0.886514 0.845727
vt 0.887385 0.832719
vt 0.881124 0.881409
vt 0.893369 0.815234
vt 0.897083 0.824255
vt 0.893344 0.844520
vt 0.819567 0.899099
vt 0.836552 0.903454
vt 0.803141 0.877743
vt 0.928664 0.879895
vt 0.893461 0.852874
vt 0.764100 0.840330
vt 0.822205 0.853729
vt 0.801447 0.867869
vt 0.903216 0.882459
vt 0.839765 0.861466
vt 0.874040 0.851178
vt 0.852519 0.858857
vt 0.878086 0.840598
vt 0.846357 0.845509
vt 0.847878 0.792975
vt 0.864321 0.843076
vt 0.878216 0.823543
vt 0.885754 0.799725
vt 0.927710 0.760894
vt 0.928688 0.767756
vt 0.923098 0.762090
vt 0.913339 0.789165
vt 0.900809 0.789130
vt 0.902428 0.779897
vt 0.943690 0.832372
vt 0.947492 0.840313
vt 0.945233 0.845586
vt 0.920055 0.808178
vt 0.912522 0.807639
vt 0.916057 0.801962
vt 0.925651 0.755274
vt 0.933072 0.754234
vt 0.939740 0.845855
vt 0.940456 0.857134
vt 0.944729 0.756961
vt 0.949486 0.748600
vt 0.951851 0.758219
vt 0.916588 0.794620
vt 0.921991 0.798615
vt 0.905003 0.793461
vt 0.909588 0.799965
vt 0.935402 0.790466
vt 0.940163 0.798510
vt 0.933284 0.797653
vt 0.950650 0.848606
vt 0.952328 0.832990
vt 0.925953 0.791391
vt 0.932911 0.809235
vt 0.895443 0.782293
vt 0.943227 0.783482
vt 0.948099 0.766105
vt 0.957050 0.783731
vt 0.951402 0.780205
vt 0.955336 0.768672
vt 0.938725 0.812352
vt 0.952846 0.821832
vt 0.927097 0.803352
vt 0.900361 0.797435
vt 0.934796 0.845771
vt 0.931863 0.826901
vt 0.934971 0.834701
vt 0.909942 0.779032
vt 0.958207 0.809161
vt 0.943304 0.816405
vt 0.945812 0.804978
vt 0.890505 0.791610
vt 0.914643 0.766098
vt 0.901502 0.774959
vt 0.904433 0.770620
vt 0.938577 0.767758
vt 0.942821 0.774331
vt 0.933008 0.781070
vt 0.916758 0.779486
vt 0.956389 0.794944
vt 0.949737 0.793100
vt 0.931531 0.774546
vt 0.924437 0.775244
vt 0.924263 0.819807
vt 0.940048 0.823862
vt 0.922944 0.783818
vt 0.940700 0.746218
vt 0.883062 0.779609
vt 0.948352 0.774554
vt 0.945248 0.865885
vt 0.051512 0.791710
vt 0.048195 0.787834
vt 0.051401 0.788126
vt 0.085304 0.766744
vt 0.065735 0.775683
vt 0.065269 0.763280
vt 0.075203 0.683233
vt 0.087944 0.671374
vt 0.083141 0.684598
vt 0.052443 0.783108
vt 0.062416 0.786552
vt 0.088040 0.700297
vt 0.074438 0.710214
vt 0.077674 0.700431
vt 0.080788 0.728499
vt 0.070267 0.738817
vt 0.068813 0.729447
vt 0.042603 0.778493
vt 0.037057 0.763726
vt 0.061310 0.715744
vt 0.050659 0.723367
vt 0.051165 0.714252
vt 0.058045 0.734442
vt 0.053688 0.727978
vt 0.061767 0.724131
vt 0.082218 0.670182
vt 0.088888 0.744962
vt 0.068636 0.750430
vt 0.040696 0.728440
vt 0.045810 0.734993
vt 0.058544 0.690565
vt 0.040781 0.700481
vt 0.033751 0.690420
vt 0.080646 0.692579
vt 0.084592 0.693267
vt 0.072147 0.694189
vt 0.063140 0.705440
vt 0.059733 0.699145
vt 0.031217 0.747375
vt 0.033898 0.735951
vt 0.030917 0.708269
vt 0.084838 0.709933
vt 0.041657 0.721290
vt 0.087297 0.685557
vt 0.057172 0.746719
vt 0.030843 0.729361
vt 0.043614 0.713524
vt 0.065564 0.692142
vt 0.069600 0.718010
vt 0.078883 0.717790
vt 0.072069 0.723106
vt 0.073078 0.676454
vt 0.060833 0.670324
vt 0.076819 0.664715
vt 0.048061 0.704110
vt 0.052652 0.707373
vt 0.035117 0.713655
vt 0.083014 0.756385
vt 0.089534 0.717033
vt 0.046703 0.746008
vt 0.032568 0.721626
vt 0.058900 0.797767
vt 0.080215 0.790793
vt 0.084104 0.802402
vt 0.083854 0.779745
vt 0.096142 0.728674
vt 0.063982 0.806774
vt 0.076573 0.813460
vt 0.959547 0.241768
vt 0.963144 0.251803
vt 0.954948 0.249795
vt 0.913452 0.260428
vt 0.913073 0.249203
vt 0.918810 0.249724
vt 0.948521 0.253845
vt 0.948698 0.263928
vt 0.939102 0.258462
vt 0.917503 0.227872
vt 0.925250 0.227532
vt 0.923449 0.239682
vt 0.910909 0.223693
vt 0.906743 0.218627
vt 0.912801 0.214586
vt 0.931712 0.259301
vt 0.932579 0.249653
vt 0.945804 0.211493
vt 0.959460 0.201767
vt 0.956632 0.209927
vt 0.964188 0.206610
vt 0.963219 0.217701
vt 0.908547 0.230386
vt 0.906367 0.208895
vt 0.915313 0.203558
vt 0.947064 0.238124
vt 0.948620 0.245691
vt 0.940354 0.245124
vt 0.918212 0.197987
vt 0.922030 0.199358
vt 0.922972 0.212057
vt 0.939356 0.229021
vt 0.950620 0.229912
vt 0.918014 0.241491
vt 0.959762 0.230843
vt 0.967279 0.242076
vt 0.929752 0.200451
vt 0.957252 0.220669
vt 0.906945 0.251920
vt 0.925416 0.264010
vt 0.931451 0.268091
vt 0.923852 0.275352
vt 0.947786 0.185351
vt 0.966551 0.186929
vt 0.953097 0.239571
vt 0.915652 0.176772
vt 0.913363 0.188029
vt 0.910513 0.176999
vt 0.913080 0.240196
vt 0.918892 0.187014
vt 0.908880 0.186782
vt 0.930400 0.221318
vt 0.912289 0.192943
vt 0.905325 0.197535
vt 0.931360 0.237442
vt 0.936080 0.216218
vt 0.970029 0.198658
vt 0.957909 0.258637
vt 0.964710 0.261540
vt 0.926280 0.251521
vt 0.920251 0.259455
vt 0.903273 0.263514
vt 0.918911 0.269980
vt 0.931681 0.276601
vt 0.970958 0.257886
vt 0.942086 0.268157
vt 0.953766 0.263718
vt 0.972719 0.266788
vt 0.964022 0.270305
vt 0.939191 0.270249
vt 0.636605 0.973845
vt 0.643634 0.964777
vt 0.646127 0.980394
vt 0.618535 0.937717
vt 0.614421 0.931538
vt 0.621127 0.925772
vt 0.650253 0.952093
vt 0.668240 0.942468
vt 0.658467 0.959397
vt 0.636152 0.998047
vt 0.631426 0.985067
vt 0.637278 0.980979
vt 0.632173 0.964382
vt 0.609768 0.996582
vt 0.618074 0.981468
vt 0.622396 0.999989
vt 0.637591 0.934175
vt 0.635217 0.944572
vt 0.626450 0.940812
vt 0.645383 0.943602
vt 0.585114 0.965384
vt 0.587948 0.959002
vt 0.591079 0.963840
vt 0.600625 0.994664
vt 0.610496 0.974715
vt 0.611304 0.982463
vt 0.625145 0.931463
vt 0.626797 0.976464
vt 0.637470 0.953607
vt 0.627349 0.953788
vt 0.607409 0.929763
vt 0.603297 0.914774
vt 0.611161 0.904231
vt 0.621199 0.965407
vt 0.652360 0.969974
vt 0.593529 0.953769
vt 0.598249 0.941802
vt 0.600300 0.951393
vt 0.604900 0.967097
vt 0.598554 0.960437
vt 0.607113 0.954363
vt 0.645378 0.925932
vt 0.658858 0.929729
vt 0.628925 0.932100
vt 0.617664 0.951073
vt 0.610988 0.941973
vt 0.643459 0.903643
vt 0.657956 0.912953
vt 0.634635 0.919696
vt 0.604713 0.944059
vt 0.621797 0.912776
vt 0.620292 0.899877
vt 0.632427 0.900656
vt 0.612327 0.962897
vt 0.601422 0.978374
vt 0.591398 0.941771
vt 0.584921 0.954166
vt 0.597967 0.929088
vt 0.595814 0.971576
vt 0.591314 0.985224
vt 0.588822 0.972568
vt 0.571839 0.969433
vt 0.579307 0.963343
vt 0.581323 0.977570
vt 0.583228 0.992288
vt 0.615120 0.920817
vt 0.576134 0.989054
vt 0.573136 0.983598
vt 0.624796 0.892868
vt 0.931474 0.922703
vt 0.927921 0.912946
vt 0.938514 0.911943
vt 0.952749 0.919013
vt 0.957889 0.922157
vt 0.949888 0.923006
vt 0.876925 0.962068
vt 0.866335 0.947462
vt 0.879687 0.948435
vt 0.911233 0.898165
vt 0.905086 0.899775
vt 0.905517 0.889993
vt 0.918430 0.901349
vt 0.911916 0.907571
vt 0.839667 0.931047
vt 0.852883 0.938177
vt 0.835773 0.953675
vt 0.896561 0.894842
vt 0.926918 0.902703
vt 0.921427 0.908320
vt 0.935238 0.935080
vt 0.940680 0.934189
vt 0.938288 0.941052
vt 0.918443 0.913765
vt 0.902127 0.907209
vt 0.910242 0.915968
vt 0.897711 0.913580
vt 0.946899 0.937341
vt 0.944986 0.929144
vt 0.920116 0.920865
vt 0.961622 0.938746
vt 0.952133 0.930521
vt 0.963830 0.929980
vt 0.897520 0.940943
vt 0.892110 0.956268
vt 0.884275 0.934593
vt 0.943460 0.920474
vt 0.907089 0.944857
vt 0.860095 0.959899
vt 0.927677 0.939706
vt 0.932159 0.946765
vt 0.925217 0.948310
vt 0.961699 0.948221
vt 0.953940 0.952547
vt 0.946905 0.947361
vt 0.907062 0.925959
vt 0.923523 0.896834
vt 0.915981 0.892414
vt 0.893420 0.902842
vt 0.938040 0.948019
vt 0.938236 0.928258
vt 0.883961 0.890104
vt 0.886771 0.905098
vt 0.931418 0.931616
vt 0.870943 0.891984
vt 0.879053 0.908548
vt 0.867675 0.902654
vt 0.934755 0.904420
vt 0.890733 0.917493
vt 0.904902 0.935753
vt 0.894768 0.929229
vt 0.915804 0.937125
vt 0.917304 0.946488
vt 0.869512 0.935220
vt 0.880647 0.919300
vt 0.905783 0.962190
vt 0.922669 0.929884
vt 0.869396 0.920329
vt 0.961067 0.951804
vt 0.918032 0.955708
vt 0.855199 0.920937
vt 0.842897 0.912726
vt 0.856849 0.902990
vt 0.849626 0.903453
vt 0.510741 0.927968
vt 0.522796 0.936084
vt 0.504437 0.947805
vt 0.474320 0.879151
vt 0.481803 0.888281
vt 0.468350 0.886888
vt 0.442175 0.917086
vt 0.457992 0.929974
vt 0.434199 0.926541
vt 0.568303 0.955598
vt 0.553974 0.963245
vt 0.556271 0.950559
vt 0.543376 0.940773
vt 0.518243 0.858729
vt 0.504016 0.863508
vt 0.506839 0.851239
vt 0.558163 0.937914
vt 0.557404 0.942690
vt 0.547052 0.929817
vt 0.497957 0.873792
vt 0.508129 0.873311
vt 0.533610 0.944730
vt 0.472573 0.895986
vt 0.466448 0.903038
vt 0.457777 0.894190
vt 0.518227 0.874723
vt 0.493888 0.854217
vt 0.537639 0.897786
vt 0.532542 0.905211
vt 0.522767 0.893816
vt 0.548179 0.910046
vt 0.498049 0.923452
vt 0.482099 0.922442
vt 0.489753 0.915586
vt 0.506862 0.919796
vt 0.436801 0.950551
vt 0.522163 0.927250
vt 0.520687 0.900506
vt 0.524298 0.909901
vt 0.491536 0.861259
vt 0.535811 0.919325
vt 0.529602 0.920789
vt 0.447004 0.908243
vt 0.443645 0.911538
vt 0.431671 0.910899
vt 0.513776 0.901999
vt 0.508164 0.894117
vt 0.550297 0.927048
vt 0.484439 0.861039
vt 0.499474 0.929703
vt 0.520086 0.922242
vt 0.488871 0.868188
vt 0.531279 0.936549
vt 0.527117 0.885396
vt 0.509376 0.883333
vt 0.497702 0.897922
vt 0.512630 0.911098
vt 0.495164 0.907976
vt 0.567531 0.949380
vt 0.485639 0.900713
vt 0.473950 0.913684
vt 0.480433 0.905804
vt 0.533695 0.929377
vt 0.494835 0.883094
vt 0.482313 0.877069
vt 0.476794 0.866903
vt 0.451914 0.902251
vt 0.458853 0.910429
vt 0.459449 0.916372
vt 0.572346 0.949472
vt 0.431191 0.914169
vt 0.428646 0.917957
vt 0.440595 0.897396
vt 0.443318 0.902368
vt 0.045993 0.268522
vt 0.052705 0.275975
vt 0.039435 0.280119
vt 0.067011 0.357703
vt 0.067562 0.362203
vt 0.062678 0.367121
vt 0.016282 0.354342
vt 0.025479 0.352819
vt 0.025695 0.369887
vt 0.026720 0.394141
vt 0.033839 0.378895
vt 0.027739 0.327766
vt 0.032176 0.333283
vt 0.026482 0.336157
vt 0.063941 0.308535
vt 0.059528 0.323297
vt 0.054612 0.310831
vt 0.066342 0.337237
vt 0.055947 0.347845
vt 0.052479 0.337786
vt 0.054244 0.267071
vt 0.052721 0.258557
vt 0.037047 0.239692
vt 0.039655 0.232629
vt 0.044283 0.238937
vt 0.039747 0.366178
vt 0.041086 0.376624
vt 0.076155 0.351173
vt 0.075835 0.364077
vt 0.030824 0.343496
vt 0.059360 0.397579
vt 0.042119 0.405597
vt 0.057530 0.387581
vt 0.043788 0.304484
vt 0.053821 0.297300
vt 0.031532 0.308308
vt 0.039574 0.318818
vt 0.035650 0.318611
vt 0.036287 0.271129
vt 0.063796 0.379259
vt 0.066371 0.386188
vt 0.075620 0.390772
vt 0.041553 0.340962
vt 0.046527 0.352561
vt 0.034946 0.354614
vt 0.036978 0.297691
vt 0.031634 0.290861
vt 0.038064 0.331393
vt 0.070034 0.407252
vt 0.073523 0.399777
vt 0.076155 0.404651
vt 0.063647 0.403736
vt 0.033196 0.320473
vt 0.041366 0.380673
vt 0.045226 0.382299
vt 0.036787 0.389386
vt 0.048498 0.287810
vt 0.064762 0.348862
vt 0.039834 0.290720
vt 0.075562 0.377936
vt 0.046615 0.362137
vt 0.069840 0.343919
vt 0.049284 0.370167
vt 0.016754 0.339176
vt 0.025149 0.346569
vt 0.035570 0.261351
vt 0.036256 0.250406
vt 0.047712 0.253062
vt 0.034968 0.325590
vt 0.056099 0.288809
vt 0.064780 0.293388
vt 0.058189 0.303072
vt 0.054066 0.379743
vt 0.066104 0.316873
vt 0.073851 0.325632
vt 0.053803 0.283304
vt 0.047356 0.324076
vt 0.052750 0.358947
vt 0.059024 0.280164
vt 0.060175 0.355798
vt 0.015115 0.373727
vt 0.015877 0.364559
vt 0.044964 0.246081
vt 0.015115 0.398636
vt 0.223141 0.415943
vt 0.243958 0.423559
vt 0.228144 0.429649
vt 0.271148 0.333379
vt 0.254136 0.331204
vt 0.269058 0.326545
vt 0.267765 0.340640
vt 0.257061 0.337393
vt 0.204579 0.306406
vt 0.214648 0.318027
vt 0.205039 0.317342
vt 0.241325 0.337061
vt 0.229727 0.337087
vt 0.234195 0.326778
vt 0.211610 0.424185
vt 0.209363 0.434584
vt 0.212935 0.330031
vt 0.233839 0.344554
vt 0.234986 0.340728
vt 0.254893 0.352913
vt 0.268307 0.356658
vt 0.258391 0.359808
vt 0.257536 0.378958
vt 0.256306 0.367501
vt 0.272333 0.369926
vt 0.252099 0.344253
vt 0.248726 0.361021
vt 0.243818 0.354792
vt 0.243340 0.350119
vt 0.213547 0.340924
vt 0.210245 0.369871
vt 0.197676 0.374891
vt 0.192693 0.365469
vt 0.242428 0.364639
vt 0.247738 0.369735
vt 0.230912 0.354041
vt 0.237466 0.359910
vt 0.239168 0.370504
vt 0.234983 0.365900
vt 0.218806 0.348315
vt 0.208756 0.348715
vt 0.241362 0.379298
vt 0.213039 0.357429
vt 0.227770 0.372440
vt 0.201229 0.337563
vt 0.201273 0.345283
vt 0.243050 0.393322
vt 0.286474 0.394733
vt 0.226399 0.362843
vt 0.197654 0.352123
vt 0.226546 0.384703
vt 0.216015 0.379032
vt 0.223109 0.391623
vt 0.216574 0.400285
vt 0.213008 0.388245
vt 0.198858 0.390132
vt 0.203591 0.380440
vt 0.233203 0.302206
vt 0.194196 0.397457
vt 0.254405 0.321195
vt 0.195923 0.412339
vt 0.258886 0.401914
vt 0.265398 0.410060
vt 0.243876 0.409636
vt 0.223828 0.450834
vt 0.207686 0.427310
vt 0.281016 0.313856
vt 0.195960 0.424620
vt 0.267427 0.348060
vt 0.198032 0.285519
vt 0.200754 0.243359
vt 0.236681 0.438489
vt 0.252385 0.454802
vt 0.241341 0.460014
vt 0.241949 0.446760
vt 0.254932 0.418144
vt 0.243895 0.433379
vt 0.257673 0.433801
vt 0.252861 0.442981
vt 0.209478 0.444044
vt 0.256041 0.424362
vt 0.099079 0.069978
vt 0.103605 0.058944
vt 0.110162 0.064731
vt 0.114360 0.009266
vt 0.119727 0.010344
vt 0.109507 0.017736
vt 0.123279 0.022029
vt 0.106876 0.004385
vt 0.111555 0.029987
vt 0.119611 0.034720
vt 0.109544 0.038849
vt 0.120826 0.043983
vt 0.115316 0.040223
vt 0.082622 0.115091
vt 0.069994 0.112043
vt 0.081171 0.105225
vt 0.081839 0.014270
vt 0.080815 0.000218
vt 0.093820 0.010138
vt 0.097050 0.034743
vt 0.113080 0.044873
vt 0.055545 0.109082
vt 0.053105 0.098305
vt 0.067076 0.102541
vt 0.104600 0.048905
vt 0.081396 0.028834
vt 0.092726 0.055964
vt 0.110201 0.106227
vt 0.095105 0.110373
vt 0.093848 0.102773
vt 0.115268 0.054138
vt 0.079818 0.050861
vt 0.071891 0.120200
vt 0.108500 0.115665
vt 0.085892 0.096336
vt 0.098801 0.095110
vt 0.089632 0.087837
vt 0.062655 0.042181
vt 0.062911 0.061917
vt 0.085139 0.058130
vt 0.082346 0.067298
vt 0.095898 0.119230
vt 0.062745 0.126923
vt 0.075128 0.127839
vt 0.069533 0.135075
vt 0.120636 0.062221
vt 0.082106 0.080210
vt 0.091244 0.078252
vt 0.085296 0.123412
vt 0.116197 0.076034
vt 0.077071 0.088849
vt 0.075612 0.097543
vt 0.066441 0.093227
vt 0.055550 0.086132
vt 0.101118 0.083481
vt 0.069069 0.078202
vt 0.051522 0.074236
vt 0.056544 0.117724
vt 0.113519 0.094067
vt 0.123614 0.087837
vt 0.068377 0.086892
vt 0.069094 0.020234
vt 0.023210 0.011415
vt 0.030518 0.012488
vt 0.018456 0.021158
vt 0.044996 0.064942
vt 0.027739 0.081362
vt 0.037073 0.089916
vt 0.010391 0.088866
vt 0.086699 0.133107
vt 0.034713 0.038702
vt 0.023914 0.029312
vt 0.046514 0.020707
vt 0.016242 0.073529
vt 0.035651 0.072001
vt 0.037701 0.130856
vt 0.053050 0.134306
vt 0.040373 0.138685
vt 0.004029 0.042933
vt 0.053689 0.031370
vt 0.039060 0.101349
vt 0.024591 0.097396
vt 0.030459 0.056608
vt 0.056001 0.146254
vt 0.041304 0.080710
vt 0.049936 0.126354
vt 0.022563 0.135628
vt 0.023004 0.126185
vt 0.037912 0.120153
vt 0.017103 0.118676
vt 0.009206 0.132682
vt 0.048578 0.114338
vt 0.028049 0.113457
vt 0.007356 0.057762
vt 0.004363 0.066164
vt 0.040951 0.109664
vt 0.003498 0.075297
vt 0.007074 0.082475
vt 0.064265 0.003469
vt 0.051290 0.000161
vt 0.001419 0.020740
vt 0.003570 0.031007
vt 0.026730 0.147561
vt 0.045678 0.046104
vt 0.048927 0.055234
vt 0.012378 0.014382
vt 0.013632 0.110729
vt 0.041280 0.008889
vt 0.033427 0.018122
vt 0.026802 0.105458
vt 0.005113 0.101248
vt 0.011393 0.082053
vt 0.048975 0.105201
vt 0.058745 0.018241
vt 0.034665 0.010856
vt 0.016077 0.004206
vt 0.001386 0.011623
vt 0.043650 0.165514
vt 0.551815 0.837891
vt 0.532241 0.856131
vt 0.532241 0.838721
vt 0.549677 0.854554
vt 0.542076 0.868298
vt 0.650826 0.859946
vt 0.666232 0.847653
vt 0.662155 0.867563
vt 0.560001 0.805358
vt 0.535875 0.796028
vt 0.555560 0.793222
vt 0.562583 0.820433
vt 0.546461 0.821060
vt 0.650143 0.786555
vt 0.650226 0.794707
vt 0.642774 0.786321
vt 0.663076 0.812958
vt 0.649679 0.822050
vt 0.643997 0.811851
vt 0.627365 0.789843
vt 0.624582 0.784450
vt 0.634146 0.781099
vt 0.673052 0.887298
vt 0.689982 0.868353
vt 0.689982 0.884585
vt 0.636685 0.855004
vt 0.651217 0.845414
vt 0.633322 0.844119
vt 0.641543 0.840228
vt 0.610657 0.786765
vt 0.612569 0.793950
vt 0.603189 0.794705
vt 0.625801 0.799755
vt 0.634329 0.793222
vt 0.675457 0.865511
vt 0.638032 0.801748
vt 0.631798 0.809155
vt 0.666640 0.876336
vt 0.565173 0.887552
vt 0.583150 0.869175
vt 0.585906 0.887284
vt 0.607436 0.800919
vt 0.619924 0.792839
vt 0.689982 0.844843
vt 0.624744 0.859426
vt 0.627374 0.850441
vt 0.636211 0.820782
vt 0.601544 0.802842
vt 0.613905 0.805189
vt 0.625333 0.839636
vt 0.626604 0.826449
vt 0.634187 0.833379
vt 0.586094 0.818050
vt 0.592253 0.803965
vt 0.596378 0.809777
vt 0.626667 0.816228
vt 0.622387 0.809435
vt 0.598059 0.802721
vt 0.535556 0.880590
vt 0.550401 0.883843
vt 0.574827 0.785928
vt 0.593679 0.790745
vt 0.577055 0.808113
vt 0.606323 0.819082
vt 0.617432 0.819785
vt 0.610528 0.830133
vt 0.619208 0.831142
vt 0.603218 0.809456
vt 0.563068 0.857232
vt 0.562119 0.865357
vt 0.554444 0.862624
vt 0.650857 0.833059
vt 0.648185 0.805729
vt 0.588182 0.840535
vt 0.593752 0.851872
vt 0.580647 0.851550
vt 0.657348 0.887552
vt 0.639929 0.870577
vt 0.616927 0.862716
vt 0.606863 0.856204
vt 0.617472 0.849576
vt 0.592525 0.876399
vt 0.642826 0.829629
vt 0.681195 0.826533
vt 0.565855 0.872421
vt 0.598601 0.867653
vt 0.610345 0.871980
vt 0.600640 0.886602
vt 0.596287 0.819310
vt 0.664344 0.835947
vt 0.595367 0.839634
vt 0.605456 0.842317
vt 0.618403 0.784558
vt 0.554527 0.872559
vt 0.666527 0.824141
vt 0.658781 0.836845
vt 0.617599 0.887517
vt 0.599332 0.830687
vt 0.592623 0.834400
vt 0.571096 0.861185
vt 0.571109 0.850137
vt 0.577610 0.838890
vt 0.588519 0.829838
vt 0.625728 0.874670
vt 0.562653 0.845584
vt 0.657136 0.803076
vt 0.571794 0.828373
vt 0.646830 0.783112
vt 0.634811 0.887552
vt 0.647401 0.880779
vt 0.557710 0.855105
vt 0.615371 0.838978
vt 0.532241 0.814349
vt 0.580760 0.828065
vt 0.532241 0.825556
vt 0.128014 0.786740
vt 0.121484 0.780088
vt 0.133517 0.778119
vt 0.126376 0.726413
vt 0.128420 0.712121
vt 0.130435 0.721164
vt 0.144969 0.814266
vt 0.148527 0.802496
vt 0.160655 0.806512
vt 0.168936 0.742954
vt 0.171915 0.730978
vt 0.180843 0.741659
vt 0.127050 0.771956
vt 0.154863 0.783281
vt 0.147605 0.774422
vt 0.159968 0.777112
vt 0.113858 0.739566
vt 0.114081 0.713756
vt 0.124334 0.752769
vt 0.118468 0.764034
vt 0.109798 0.755026
vt 0.139521 0.731706
vt 0.138945 0.740645
vt 0.129287 0.740226
vt 0.183604 0.781541
vt 0.197817 0.788008
vt 0.179279 0.792469
vt 0.153067 0.738490
vt 0.140964 0.748408
vt 0.161195 0.816261
vt 0.171626 0.814065
vt 0.129844 0.763270
vt 0.136622 0.757453
vt 0.137494 0.767512
vt 0.113227 0.787865
vt 0.172059 0.773589
vt 0.170014 0.782615
vt 0.163282 0.788518
vt 0.117126 0.774264
vt 0.122463 0.828900
vt 0.105697 0.842715
vt 0.106396 0.830123
vt 0.243103 0.835427
vt 0.221009 0.824196
vt 0.232378 0.815668
vt 0.139002 0.825144
vt 0.145332 0.837451
vt 0.132143 0.833331
vt 0.273388 0.852670
vt 0.255725 0.874899
vt 0.261253 0.844655
vt 0.176568 0.868378
vt 0.126928 0.845968
vt 0.173613 0.802696
vt 0.200756 0.827524
vt 0.220715 0.841404
vt 0.194067 0.814566
vt 0.197156 0.804309
vt 0.210604 0.813233
vt 0.218521 0.805414
vt 0.236712 0.807101
vt 0.134544 0.724140
vt 0.143465 0.721154
vt 0.223780 0.798402
vt 0.239253 0.799262
vt 0.125575 0.818420
vt 0.182235 0.824652
vt 0.208055 0.804596
vt 0.168800 0.828165
vt 0.155585 0.828105
vt 0.216146 0.789518
vt 0.231400 0.790508
vt 0.207521 0.798205
vt 0.140803 0.784915
vt 0.183366 0.809087
vt 0.110667 0.816404
vt 0.130820 0.806435
vt 0.185412 0.800939
vt 0.193431 0.796757
vt 0.116373 0.805188
vt 0.162898 0.797166
vt 0.125390 0.797196
vt 0.138385 0.797866
vt 0.108311 0.798446
vt 0.149834 0.793000
vt 0.196081 0.779965
vt 0.208796 0.777173
vt 0.137220 0.791225
vt 0.203716 0.765523
vt 0.189744 0.771640
vt 0.252412 0.817554
vt 0.159343 0.769807
vt 0.113098 0.779295
vt 0.108848 0.772848
vt 0.122258 0.702482
vt 0.224365 0.782696
vt 0.170708 0.762535
vt 0.189421 0.760216
vt 0.177064 0.752195
vt 0.160649 0.750639
vt 0.190614 0.750683
vt 0.149527 0.761077
vt 0.104593 0.763722
vt 0.112264 0.760167
vt 0.155270 0.726003
vt 0.133990 0.718156
vt 0.202125 0.755327
vt 0.102593 0.780830
vt 0.103403 0.810017
vt 0.261711 0.826497
vt 0.275383 0.830153
vt 0.273329 0.834320
vt 0.248958 0.823007
vt 0.259001 0.832898
vt 0.271718 0.837068
vt 0.268178 0.823622
vt 0.248775 0.806422
vt 0.125900 0.400223
vt 0.138264 0.397938
vt 0.135839 0.407408
vt 0.113381 0.403424
vt 0.121295 0.378924
vt 0.140606 0.387841
vt 0.133781 0.376435
vt 0.186293 0.398821
vt 0.173016 0.390587
vt 0.181659 0.386345
vt 0.149960 0.396609
vt 0.126291 0.363363
vt 0.152622 0.387591
vt 0.158007 0.411865
vt 0.145838 0.406648
vt 0.142966 0.362085
vt 0.150294 0.376983
vt 0.163432 0.396087
vt 0.172816 0.382933
vt 0.163450 0.385628
vt 0.166728 0.374148
vt 0.181427 0.359031
vt 0.166606 0.359575
vt 0.179961 0.349761
vt 0.156165 0.367251
vt 0.154946 0.359865
vt 0.177010 0.378336
vt 0.185153 0.377646
vt 0.153615 0.349845
vt 0.165995 0.346168
vt 0.180354 0.368258
vt 0.156995 0.332143
vt 0.173537 0.337909
vt 0.194123 0.338817
vt 0.172211 0.418123
vt 0.106842 0.376114
vt 0.097422 0.395178
vt 0.094915 0.376583
vt 0.172858 0.323209
vt 0.160407 0.315112
vt 0.098473 0.262158
vt 0.109213 0.260228
vt 0.105182 0.280452
vt 0.160076 0.237839
vt 0.159773 0.249838
vt 0.149407 0.235629
vt 0.109980 0.329947
vt 0.121445 0.326197
vt 0.121023 0.341516
vt 0.094011 0.240988
vt 0.087918 0.256942
vt 0.170907 0.239400
vt 0.108621 0.231229
vt 0.108403 0.246981
vt 0.130441 0.351003
vt 0.113098 0.381552
vt 0.105419 0.400558
vt 0.120308 0.249008
vt 0.093280 0.337421
vt 0.103981 0.338050
vt 0.101135 0.348155
vt 0.116739 0.366824
vt 0.112240 0.363334
vt 0.188695 0.419565
vt 0.175749 0.268921
vt 0.186344 0.267785
vt 0.186974 0.279926
vt 0.124076 0.263052
vt 0.140898 0.254479
vt 0.171303 0.287941
vt 0.190396 0.299238
vt 0.169167 0.304658
vt 0.117910 0.356060
vt 0.110805 0.345268
vt 0.105736 0.359934
vt 0.167645 0.275559
vt 0.111213 0.296759
vt 0.101616 0.296937
vt 0.184710 0.321128
vt 0.182573 0.311904
vt 0.122992 0.307660
vt 0.130783 0.323433
vt 0.091388 0.317063
vt 0.083140 0.323066
vt 0.082698 0.301105
vt 0.082663 0.273962
vt 0.092168 0.276606
vt 0.092052 0.298211
vt 0.119858 0.360524
vt 0.141321 0.348605
vt 0.132576 0.337575
vt 0.083620 0.344343
vt 0.119259 0.290994
vt 0.115944 0.275694
vt 0.131613 0.279204
vt 0.155451 0.304767
vt 0.157976 0.293391
vt 0.091468 0.358717
vt 0.100689 0.314944
vt 0.099815 0.328413
vt 0.110793 0.313046
vt 0.126708 0.237105
vt 0.151725 0.272884
vt 0.146086 0.300426
vt 0.145130 0.339868
vt 0.162203 0.263217
vt 0.146389 0.286810
vt 0.083773 0.381432
vt 0.111673 0.286596
vt 0.134428 0.232936
vt 0.140152 0.241794
vt 0.149309 0.315687
vt 0.088709 0.392646
vt 0.158373 0.281795
vt 0.126586 0.293687
vt 0.134965 0.296556
vt 0.141972 0.326855
vt 0.136771 0.312317
vt 0.179933 0.256815
vt 0.191747 0.241111
vt 0.178898 0.232030
vt 0.366665 0.844564
vt 0.366357 0.860880
vt 0.355922 0.854993
vt 0.417188 0.797912
vt 0.419285 0.808519
vt 0.408793 0.808491
vt 0.335857 0.852898
vt 0.340930 0.852017
vt 0.337769 0.860584
vt 0.354788 0.869916
vt 0.342338 0.869932
vt 0.347414 0.861597
vt 0.382920 0.798053
vt 0.370810 0.801915
vt 0.372061 0.795966
vt 0.414591 0.824245
vt 0.429467 0.811426
vt 0.422553 0.829791
vt 0.388110 0.805735
vt 0.401492 0.795074
vt 0.403603 0.801550
vt 0.414211 0.851040
vt 0.410923 0.838885
vt 0.382004 0.851687
vt 0.375887 0.870786
vt 0.341981 0.814211
vt 0.315470 0.808763
vt 0.323205 0.765479
vt 0.426895 0.863262
vt 0.434614 0.864711
vt 0.434099 0.872095
vt 0.386993 0.877004
vt 0.390271 0.892790
vt 0.375352 0.889056
vt 0.380848 0.834629
vt 0.382438 0.821265
vt 0.392792 0.825149
vt 0.353704 0.844326
vt 0.343268 0.844170
vt 0.352440 0.834775
vt 0.461511 0.822193
vt 0.452341 0.825780
vt 0.454702 0.815956
vt 0.354512 0.822813
vt 0.371064 0.817223
vt 0.365810 0.829542
vt 0.453029 0.835173
vt 0.390853 0.862833
vt 0.346462 0.879945
vt 0.361387 0.880780
vt 0.364809 0.871371
vt 0.333807 0.846763
vt 0.338461 0.848647
vt 0.464098 0.808680
vt 0.437860 0.832015
vt 0.445847 0.830370
vt 0.443950 0.834377
vt 0.464054 0.832831
vt 0.419371 0.777528
vt 0.413860 0.789462
vt 0.408193 0.784290
vt 0.456924 0.849934
vt 0.472190 0.838987
vt 0.373870 0.807972
vt 0.362142 0.806943
vt 0.327623 0.878697
vt 0.335753 0.877480
vt 0.335276 0.886741
vt 0.439326 0.848775
vt 0.428763 0.847019
vt 0.329115 0.868327
vt 0.318373 0.867700
vt 0.321820 0.859934
vt 0.475945 0.854420
vt 0.416589 0.768528
vt 0.395171 0.791864
vt 0.391492 0.786392
vt 0.405279 0.819638
vt 0.396257 0.814141
vt 0.338319 0.832497
vt 0.407690 0.767256
vt 0.403747 0.778792
vt 0.401539 0.870517
vt 0.408078 0.886617
vt 0.315683 0.854744
vt 0.324154 0.852280
vt 0.359554 0.837705
vt 0.463049 0.864224
vt 0.451542 0.868851
vt 0.436303 0.818631
vt 0.448346 0.803123
vt 0.446066 0.817713
vt 0.346798 0.852114
vt 0.343440 0.857191
vt 0.443346 0.797575
vt 0.458192 0.787105
vt 0.474715 0.820811
vt 0.360799 0.813873
vt 0.427050 0.787136
vt 0.432804 0.794502
vt 0.329870 0.855591
vt 0.456708 0.802177
vt 0.426566 0.838353
vt 0.360788 0.892852
vt 0.348169 0.888749
vt 0.319320 0.876238
vt 0.398416 0.837294
vt 0.393531 0.850995
vt 0.422717 0.881814
vt 0.445503 0.779929
vt 0.420788 0.855971
vt 0.414668 0.868676
vt 0.378376 0.790052
vt 0.316543 0.845841
vt 0.442842 0.863380
vt 0.401797 0.852469
vt 0.397733 0.773430
vt 0.384699 0.781663
vt 0.385444 0.770542
vt 0.369266 0.779049
vt 0.371294 0.763893
vt 0.428687 0.778068
vt 0.437448 0.777866
vt 0.357374 0.795779
vt 0.320243 0.831724
vt 0.323193 0.812474
vt 0.304809 0.824992
vt 0.443014 0.874747
vt 0.361851 0.787126
vt 0.074312 0.515804
vt 0.086484 0.519669
vt 0.076205 0.524842
vt 0.077178 0.498778
vt 0.072533 0.507141
vt 0.064384 0.502025
vt 0.072829 0.488412
vt 0.066111 0.494882
vt 0.080448 0.484248
vt 0.085093 0.489932
vt 0.083493 0.508444
vt 0.014785 0.492145
vt 0.023347 0.492121
vt 0.017402 0.497286
vt 0.147710 0.472888
vt 0.159413 0.475163
vt 0.148783 0.485392
vt 0.053060 0.440041
vt 0.046081 0.436623
vt 0.053113 0.429907
vt 0.065685 0.470396
vt 0.057353 0.467371
vt 0.060082 0.460559
vt 0.121994 0.484493
vt 0.104443 0.482380
vt 0.112825 0.475497
vt 0.028242 0.443537
vt 0.032690 0.436498
vt 0.038472 0.439631
vt 0.040320 0.517783
vt 0.042426 0.512474
vt 0.049226 0.521356
vt 0.032191 0.470662
vt 0.015150 0.470257
vt 0.017041 0.462088
vt 0.008351 0.490205
vt 0.000031 0.482722
vt 0.013410 0.483317
vt 0.088225 0.479549
vt 0.093881 0.501229
vt 0.021601 0.505297
vt 0.013389 0.514421
vt 0.012527 0.505547
vt 0.128580 0.465437
vt 0.136620 0.455630
vt 0.141504 0.463037
vt 0.036631 0.501388
vt 0.031428 0.515699
vt 0.096408 0.489433
vt 0.104630 0.475438
vt 0.044206 0.447168
vt 0.037298 0.457690
vt 0.009702 0.498887
vt 0.095677 0.519771
vt 0.092392 0.511529
vt 0.102288 0.513527
vt 0.153039 0.496937
vt 0.140003 0.495000
vt 0.067061 0.451484
vt 0.056054 0.449376
vt 0.063846 0.437613
vt 0.109675 0.495968
vt 0.069480 0.427343
vt 0.081890 0.427139
vt 0.074187 0.437294
vt 0.104893 0.467648
vt 0.099638 0.455583
vt 0.111107 0.458264
vt 0.122415 0.436767
vt 0.114550 0.450286
vt 0.109145 0.448559
vt 0.052068 0.465300
vt 0.050573 0.474385
vt 0.043878 0.465424
vt 0.104640 0.505350
vt 0.071901 0.461738
vt 0.113379 0.511464
vt 0.122563 0.503732
vt 0.082098 0.451183
vt 0.089607 0.454640
vt 0.082422 0.461249
vt 0.111107 0.424452
vt 0.134349 0.415852
vt 0.113647 0.453225
vt 0.052791 0.515077
vt 0.048168 0.508161
vt 0.166382 0.456694
vt 0.172026 0.470367
vt 0.078668 0.470272
vt 0.124295 0.451427
vt 0.041105 0.523159
vt 0.050668 0.537360
vt 0.000666 0.453469
vt 0.000031 0.510418
vt 0.122591 0.495054
vt 0.123357 0.473569
vt 0.133187 0.475413
vt 0.157829 0.439992
vt 0.158232 0.487146
vt 0.137072 0.484108
vt 0.130334 0.491353
vt 0.166940 0.483160
vt 0.152031 0.459803
vt 0.129724 0.497701
vt 0.070957 0.536467
vt 0.062693 0.523193
vt 0.171232 0.488777
vt 0.173819 0.484412
vt 0.177548 0.490808
vt 0.120317 0.519920
vt 0.112428 0.529262
vt 0.022889 0.480334
vt 0.105180 0.439402
vt 0.015817 0.501243
vt 0.075839 0.446714
vt 0.069457 0.445049
vt 0.133101 0.505334
vt 0.126113 0.514816
vt 0.093144 0.464031
vt 0.096820 0.473616
vt 0.087748 0.470120
vt 0.168513 0.498311
vt 0.084239 0.440480
vt 0.141902 0.442528
vt 0.075741 0.454841
vt 0.145892 0.508483
vt 0.073144 0.418826
vt 0.089854 0.411068
vt 0.124633 0.411068
vt 0.014324 0.476649
vt 0.000031 0.469609
vt 0.049198 0.457692
vt 0.014505 0.452854
vt 0.136088 0.515858
vt 0.026097 0.457563
vt 0.000031 0.494188
vt 0.046864 0.428764
vt 0.087289 0.448749
vt 0.144315 0.428878
vt 0.094418 0.444713
vt 0.095152 0.430493
vt 0.101783 0.447997
vt 0.084073 0.529914
vt 0.085231 0.538337
vt 0.116875 0.466498
vt 0.034126 0.486420
vt 0.101579 0.524655
vt 0.162608 0.514919
vt 0.023102 0.513244
vt 0.067248 0.483534
vt 0.073913 0.479326
vt 0.039686 0.480258
vt 0.096340 0.531974
vt 0.063308 0.478441
vt 0.024098 0.517551
vt 0.040469 0.485810
vt 0.046137 0.483678
vt 0.045480 0.491685
vt 0.061441 0.510201
vt 0.051749 0.501712
vt 0.057851 0.486650
vt 0.055507 0.411150
vt 0.056456 0.495520
vt 0.038219 0.431092
vt 0.021423 0.450150
vt 0.177929 0.670136
vt 0.189148 0.660944
vt 0.188975 0.672709
vt 0.214392 0.529961
vt 0.191742 0.532833
vt 0.196479 0.521443
vt 0.213584 0.518293
vt 0.187145 0.565952
vt 0.176413 0.550136
vt 0.194066 0.551036
vt 0.132549 0.556634
vt 0.144375 0.557974
vt 0.135519 0.579692
vt 0.135894 0.658288
vt 0.117868 0.658052
vt 0.129570 0.646231
vt 0.122036 0.618162
vt 0.132242 0.611630
vt 0.136362 0.620195
vt 0.192994 0.581881
vt 0.185598 0.589473
vt 0.179279 0.577654
vt 0.171559 0.563170
vt 0.164459 0.577023
vt 0.212917 0.582303
vt 0.199528 0.573996
vt 0.208704 0.564657
vt 0.203435 0.582140
vt 0.199941 0.581692
vt 0.151216 0.570704
vt 0.158700 0.557390
vt 0.152123 0.585844
vt 0.121214 0.633082
vt 0.172395 0.604197
vt 0.184019 0.601363
vt 0.179032 0.611538
vt 0.171556 0.682921
vt 0.180769 0.685217
vt 0.171679 0.689435
vt 0.193334 0.652039
vt 0.187263 0.652888
vt 0.191757 0.646076
vt 0.158873 0.703654
vt 0.172781 0.699047
vt 0.162272 0.711720
vt 0.196632 0.563821
vt 0.180658 0.700463
vt 0.177621 0.709345
vt 0.168246 0.553698
vt 0.162912 0.543677
vt 0.169815 0.664835
vt 0.180549 0.659424
vt 0.111054 0.652590
vt 0.153217 0.687430
vt 0.148827 0.698019
vt 0.144782 0.690537
vt 0.208322 0.700875
vt 0.195079 0.707965
vt 0.197012 0.699058
vt 0.161449 0.675777
vt 0.156154 0.668369
vt 0.160917 0.624100
vt 0.170278 0.615658
vt 0.178306 0.624285
vt 0.121661 0.568108
vt 0.158946 0.691060
vt 0.161731 0.682792
vt 0.163969 0.654116
vt 0.197502 0.688902
vt 0.188022 0.703121
vt 0.221944 0.542848
vt 0.206656 0.543056
vt 0.170335 0.694380
vt 0.193584 0.634415
vt 0.197716 0.628948
vt 0.195859 0.638706
vt 0.214623 0.549349
vt 0.208783 0.553165
vt 0.207595 0.663468
vt 0.199658 0.672452
vt 0.199790 0.666155
vt 0.225456 0.553562
vt 0.207644 0.671464
vt 0.157436 0.698187
vt 0.166134 0.692272
vt 0.226587 0.568447
vt 0.148900 0.712408
vt 0.150214 0.705196
vt 0.163506 0.638302
vt 0.174952 0.591078
vt 0.151866 0.679842
vt 0.144521 0.635194
vt 0.149960 0.619260
vt 0.119119 0.537185
vt 0.135414 0.541815
vt 0.111688 0.670764
vt 0.205524 0.657201
vt 0.196499 0.662985
vt 0.132641 0.669838
vt 0.119858 0.684669
vt 0.190385 0.679839
vt 0.185245 0.689245
vt 0.197499 0.679712
vt 0.180520 0.534195
vt 0.182914 0.541474
vt 0.173396 0.535803
vt 0.211723 0.683327
vt 0.210249 0.676069
vt 0.142033 0.674846
vt 0.148239 0.662198
vt 0.136908 0.685950
vt 0.142607 0.648093
vt 0.175143 0.654125
vt 0.209547 0.621954
vt 0.199397 0.618447
vt 0.204912 0.609555
vt 0.182146 0.651411
vt 0.196907 0.646412
vt 0.199639 0.652629
vt 0.186496 0.646611
vt 0.190737 0.611869
vt 0.196256 0.597406
vt 0.213743 0.649302
vt 0.208872 0.645351
vt 0.220150 0.646745
vt 0.214739 0.654263
vt 0.221608 0.609939
vt 0.211008 0.597908
vt 0.227313 0.596062
vt 0.217205 0.659669
vt 0.226275 0.620447
vt 0.184302 0.694624
vt 0.148130 0.539406
vt 0.169145 0.675382
vt 0.160188 0.528288
vt 0.157898 0.682028
vt 0.106410 0.588178
vt 0.150582 0.649394
vt 0.100553 0.642415
vt 0.101543 0.619599
vt 0.189330 0.639693
vt 0.187147 0.713447
vt 0.178323 0.642189
vt 0.194361 0.509738
vt 0.180570 0.517210
vt 0.203071 0.638067
vt 0.162072 0.595532
vt 0.148060 0.524397
vt 0.111952 0.560185
vt 0.101984 0.573239
vt 0.100553 0.559262
vt 0.105292 0.546369
vt 0.220752 0.639492
vt 0.169021 0.525592
vt 0.215211 0.631758
vt 0.160623 0.609997
vt 0.130074 0.524290
vt 0.173612 0.723176
vt 0.121901 0.603960
vt 0.101051 0.603542
vt 0.188191 0.631364
vt 0.227062 0.629602
vt 0.190863 0.622414
vt 0.202314 0.587215
vt 0.144042 0.603745
vt 0.213271 0.508967
vt 0.227820 0.581129
vt 0.830082 0.517100
vt 0.836851 0.504438
vt 0.841926 0.517643
vt 0.798144 0.547044
vt 0.806272 0.555407
vt 0.795407 0.563676
vt 0.808293 0.539578
vt 0.816683 0.552164
vt 0.815181 0.515091
vt 0.822286 0.501761
vt 0.816433 0.528873
vt 0.801663 0.519207
vt 0.824943 0.526128
vt 0.837473 0.529833
vt 0.855629 0.649190
vt 0.847915 0.641875
vt 0.861186 0.639845
vt 0.788218 0.598793
vt 0.791883 0.612321
vt 0.773295 0.603274
vt 0.848541 0.631499
vt 0.765093 0.542038
vt 0.764416 0.561204
vt 0.748479 0.554257
vt 0.825094 0.540804
vt 0.853104 0.528421
vt 0.793722 0.531738
vt 0.777518 0.568745
vt 0.761593 0.580763
vt 0.843396 0.548319
vt 0.781073 0.545354
vt 0.813074 0.566814
vt 0.787367 0.576170
vt 0.776740 0.583245
vt 0.788019 0.587847
vt 0.769133 0.592108
vt 0.778675 0.593100
vt 0.799435 0.602078
vt 0.824565 0.649256
vt 0.835653 0.640607
vt 0.839162 0.648129
vt 0.841257 0.568686
vt 0.850773 0.560954
vt 0.801292 0.581278
vt 0.814887 0.634488
vt 0.823772 0.627260
vt 0.828239 0.633616
vt 0.808965 0.594905
vt 0.818055 0.584127
vt 0.854140 0.569564
vt 0.818619 0.642019
vt 0.827133 0.559009
vt 0.827043 0.573129
vt 0.799444 0.634684
vt 0.802156 0.644108
vt 0.797666 0.592745
vt 0.807628 0.618226
vt 0.812281 0.626452
vt 0.796314 0.625412
vt 0.825055 0.616360
vt 0.850208 0.579919
vt 0.840561 0.655855
vt 0.783167 0.644610
vt 0.788755 0.652137
vt 0.772435 0.655477
vt 0.834781 0.626490
vt 0.846899 0.617310
vt 0.783062 0.632583
vt 0.833770 0.583707
vt 0.843329 0.592740
vt 0.859884 0.622599
vt 0.803826 0.652611
vt 0.782663 0.659814
vt 0.816000 0.655311
vt 0.827594 0.655282
vt 0.809728 0.608139
vt 0.825709 0.598025
vt 0.781820 0.623198
vt 0.836813 0.632920
vt 0.866746 0.630314
vt 0.758345 0.596376
vt 0.863694 0.613137
vt 0.840457 0.605385
vt 0.874559 0.619954
vt 0.851236 0.661901
vt 0.867615 0.650157
vt 0.869186 0.644140
vt 0.881235 0.644149
vt 0.874606 0.637204
vt 0.879170 0.628673
vt 0.890532 0.620659
vt 0.905517 0.622150
vt 0.890741 0.633335
vt 0.886669 0.610147
vt 0.903581 0.595874
vt 0.896271 0.604281
vt 0.887034 0.597225
vt 0.894441 0.582039
vt 0.906851 0.588121
vt 0.919562 0.571795
vt 0.901233 0.613192
vt 0.904665 0.540404
vt 0.907337 0.552599
vt 0.897559 0.538860
vt 0.911853 0.523882
vt 0.887771 0.537806
vt 0.849965 0.508467
vt 0.861037 0.510378
vt 0.873441 0.497178
vt 0.870933 0.524103
vt 0.901574 0.501839
vt 0.888440 0.517366
vt 0.888661 0.503920
vt 0.843886 0.495740
vt 0.893964 0.485520
vt 0.886154 0.491227
vt 0.858492 0.492551
vt 0.905664 0.606071
vt 0.880801 0.652548
vt 0.869561 0.664281
vt 0.864427 0.535007
vt 0.860392 0.546863
vt 0.873967 0.558921
vt 0.873070 0.542542
vt 0.883212 0.550878
vt 0.860060 0.561346
vt 0.865854 0.574642
vt 0.878025 0.605044
vt 0.874741 0.611343
vt 0.870574 0.606937
vt 0.890966 0.551583
vt 0.853373 0.553882
vt 0.859984 0.588655
vt 0.877285 0.585577
vt 0.853521 0.598051
vt 0.855586 0.606447
vt 0.892469 0.563825
vt 0.864588 0.606506
vt 0.868506 0.599062
vt 0.881592 0.573289
vt 0.732731 0.632359
vt 0.752164 0.645463
vt 0.727257 0.655007
vt 0.681960 0.620556
vt 0.671708 0.603818
vt 0.684285 0.590649
vt 0.770713 0.615744
vt 0.704568 0.613719
vt 0.712179 0.628480
vt 0.692587 0.635443
vt 0.765107 0.626763
vt 0.712608 0.603762
vt 0.727448 0.603801
vt 0.720464 0.615389
vt 0.748629 0.572028
vt 0.739226 0.563759
vt 0.752698 0.633581
vt 0.768116 0.639801
vt 0.699420 0.598758
vt 0.732267 0.617364
vt 0.739929 0.612836
vt 0.745545 0.623300
vt 0.753760 0.615321
vt 0.745707 0.586781
vt 0.730559 0.589713
vt 0.734872 0.576743
vt 0.760982 0.653985
vt 0.755117 0.654929
vt 0.700660 0.573434
vt 0.720204 0.576060
vt 0.715969 0.590759
vt 0.767728 0.648304
vt 0.747789 0.655915
vt 0.759598 0.607389
vt 0.744117 0.602289
vt 0.728064 0.565304
vt 0.716645 0.641128
vt 0.618528 0.112288
vt 0.612393 0.102650
vt 0.622630 0.103237
vt 0.553041 0.049300
vt 0.553400 0.060915
vt 0.546160 0.055257
vt 0.553408 0.083783
vt 0.550021 0.069994
vt 0.563859 0.081887
vt 0.559630 0.068666
vt 0.632715 0.110367
vt 0.631597 0.096773
vt 0.639125 0.068861
vt 0.624761 0.073530
vt 0.632808 0.051317
vt 0.575584 0.085063
vt 0.573944 0.092633
vt 0.560368 0.061482
vt 0.569331 0.072033
vt 0.593754 0.125528
vt 0.603180 0.133699
vt 0.596524 0.142506
vt 0.577991 0.068805
vt 0.590833 0.076790
vt 0.582336 0.082005
vt 0.582348 0.063113
vt 0.573491 0.056615
vt 0.576831 0.047508
vt 0.660943 0.048586
vt 0.655125 0.068479
vt 0.648088 0.053422
vt 0.654223 0.099423
vt 0.661610 0.108881
vt 0.654651 0.112805
vt 0.592998 0.101256
vt 0.588674 0.105521
vt 0.582118 0.099993
vt 0.566250 0.058835
vt 0.564116 0.046714
vt 0.541514 0.083350
vt 0.682548 0.073298
vt 0.692930 0.087234
vt 0.679431 0.086437
vt 0.580023 0.110353
vt 0.591016 0.112987
vt 0.540879 0.061694
vt 0.537244 0.068098
vt 0.531899 0.059492
vt 0.584135 0.093162
vt 0.560975 0.095007
vt 0.591421 0.061344
vt 0.593219 0.090775
vt 0.630775 0.083395
vt 0.617732 0.091169
vt 0.652154 0.032702
vt 0.667781 0.032627
vt 0.669278 0.077031
vt 0.671319 0.090548
vt 0.672899 0.012081
vt 0.654826 0.011731
vt 0.666913 0.100894
vt 0.669666 0.121252
vt 0.591973 0.039966
vt 0.597451 0.110219
vt 0.643144 0.104041
vt 0.605400 0.106457
vt 0.602346 0.098846
vt 0.613335 0.123850
vt 0.609313 0.127589
vt 0.607999 0.116390
vt 0.600267 0.074679
vt 0.604279 0.059317
vt 0.568790 0.103930
vt 0.698102 0.014026
vt 0.696445 0.029448
vt 0.682981 0.024805
vt 0.659549 0.086721
vt 0.619122 0.121613
vt 0.617299 0.129587
vt 0.611453 0.076877
vt 0.603752 0.088398
vt 0.600381 0.120854
vt 0.617593 0.062052
vt 0.581421 0.131258
vt 0.584502 0.149540
vt 0.582849 0.119616
vt 0.556352 0.088385
vt 0.670150 0.061165
vt 0.674151 0.044493
vt 0.609386 0.098208
vt 0.640586 0.122144
vt 0.641750 0.134302
vt 0.630323 0.121193
vt 0.691879 0.064185
vt 0.692059 0.075179
vt 0.644499 0.114984
vt 0.525276 0.064707
vt 0.616394 0.042961
vt 0.691666 0.039647
vt 0.689466 0.052247
vt 0.695482 0.055714
vt 0.706624 0.025197
vt 0.627071 0.129708
vt 0.634742 0.017989
vt 0.644378 0.086287
vt 0.746627 0.067988
vt 0.751802 0.087204
vt 0.736202 0.091596
vt 0.540630 0.038543
vt 0.551475 0.035713
vt 0.683689 0.043356
vt 0.680985 0.056877
vt 0.652119 0.126143
vt 0.703261 0.073528
vt 0.682248 0.103426
vt 0.704782 0.041153
vt 0.723135 0.038020
vt 0.702143 0.060823
vt 0.695433 0.048017
vt 0.700870 0.052625
vt 0.707351 0.052059
vt 0.715081 0.059313
vt 0.506491 0.031248
vt 0.513646 0.025336
vt 0.519171 0.036814
vt 0.710365 0.090436
vt 0.725857 0.080818
vt 0.725001 0.102775
vt 0.576196 0.030627
vt 0.566023 0.012349
vt 0.585854 0.013839
vt 0.626482 0.141868
vt 0.654197 0.147559
vt 0.717401 0.072861
vt 0.746054 0.135711
vt 0.722252 0.120924
vt 0.712917 0.110905
vt 0.728217 0.070899
vt 0.608961 0.136759
vt 0.615860 0.137031
vt 0.521910 0.054767
vt 0.509167 0.049326
vt 0.747925 0.102552
vt 0.699665 0.106761
vt 0.728084 0.064811
vt 0.724026 0.072065
vt 0.687202 0.142029
vt 0.670611 0.137578
vt 0.489270 0.065102
vt 0.506258 0.060422
vt 0.548155 0.109097
vt 0.542555 0.097710
vt 0.515454 0.060107
vt 0.510152 0.077716
vt 0.525420 0.084722
vt 0.560460 0.120590
vt 0.528546 0.097132
vt 0.522971 0.026516
vt 0.615338 0.020222
vt 0.532341 0.029038
vt 0.527599 0.015852
vt 0.529963 0.035184
vt 0.603637 0.044080
vt 0.536818 0.049597
vt 0.528522 0.046329
vt 0.551866 0.023010
vt 0.549897 0.012154
vt 0.543303 0.046650
vt 0.540428 0.025381
vt 0.713801 0.141068
vt 0.563526 0.032429
vt 0.539111 0.011174
vt 0.602122 0.019401
vt 0.730353 0.048955
vt 0.694220 0.129734
vt 0.740542 0.053326
vt 0.607820 0.038375
vt 0.611438 0.035430
vt 0.606799 0.031411
vt 0.632999 0.136746
vt 0.601962 0.035597
vt 0.767040 0.793829
vt 0.753941 0.787759
vt 0.765385 0.786456
vt 0.774684 0.739729
vt 0.783307 0.733162
vt 0.788358 0.741089
vt 0.764715 0.803150
vt 0.761420 0.796669
vt 0.762404 0.811967
vt 0.743978 0.806477
vt 0.860847 0.702751
vt 0.848840 0.717887
vt 0.844240 0.705030
vt 0.778351 0.706858
vt 0.772725 0.716392
vt 0.764229 0.702758
vt 0.893285 0.720990
vt 0.904083 0.718201
vt 0.899084 0.729956
vt 0.860919 0.673708
vt 0.862026 0.688064
vt 0.851458 0.691205
vt 0.818963 0.740253
vt 0.820580 0.754096
vt 0.804182 0.754480
vt 0.893169 0.710749
vt 0.883933 0.712389
vt 0.762266 0.775667
vt 0.756812 0.739131
vt 0.754714 0.757305
vt 0.745061 0.744255
vt 0.797820 0.742348
vt 0.793685 0.747597
vt 0.774268 0.772534
vt 0.788246 0.768798
vt 0.784296 0.782003
vt 0.807325 0.734356
vt 0.820150 0.722398
vt 0.829273 0.730767
vt 0.835315 0.717101
vt 0.742710 0.687895
vt 0.736415 0.694454
vt 0.733732 0.687771
vt 0.745508 0.771129
vt 0.739471 0.754344
vt 0.772677 0.695156
vt 0.780183 0.696250
vt 0.735837 0.767294
vt 0.733357 0.757820
vt 0.834338 0.704791
vt 0.826794 0.709849
vt 0.786418 0.751640
vt 0.742376 0.732575
vt 0.735706 0.742445
vt 0.719091 0.790861
vt 0.831877 0.746230
vt 0.840064 0.731263
vt 0.778796 0.682526
vt 0.837453 0.692087
vt 0.845840 0.675116
vt 0.724296 0.750949
vt 0.731402 0.734232
vt 0.899166 0.710633
vt 0.855294 0.761987
vt 0.861212 0.769274
vt 0.850044 0.770632
vt 0.741571 0.674900
vt 0.752438 0.673708
vt 0.735692 0.722521
vt 0.713670 0.729461
vt 0.727021 0.716322
vt 0.731649 0.697835
vt 0.726713 0.689637
vt 0.911027 0.723995
vt 0.913107 0.736173
vt 0.905778 0.729655
vt 0.892217 0.750702
vt 0.884819 0.744861
vt 0.891127 0.736211
vt 0.713817 0.699054
vt 0.723996 0.705684
vt 0.711693 0.709556
vt 0.740957 0.698426
vt 0.751855 0.693278
vt 0.723079 0.738628
vt 0.797698 0.674319
vt 0.808767 0.682648
vt 0.801909 0.689859
vt 0.793142 0.801651
vt 0.789840 0.810913
vt 0.786446 0.796144
vt 0.835391 0.788389
vt 0.828623 0.780749
vt 0.837956 0.779703
vt 0.917143 0.720849
vt 0.923326 0.711226
vt 0.923912 0.719006
vt 0.789316 0.717593
vt 0.779509 0.725552
vt 0.825621 0.794883
vt 0.818189 0.784090
vt 0.751703 0.707277
vt 0.875967 0.749642
vt 0.883054 0.757132
vt 0.880494 0.732228
vt 0.798939 0.793807
vt 0.739515 0.708773
vt 0.750592 0.721335
vt 0.825665 0.687897
vt 0.832535 0.674542
vt 0.773068 0.814907
vt 0.773720 0.787137
vt 0.899619 0.740011
vt 0.925561 0.703385
vt 0.932604 0.706012
vt 0.872735 0.706681
vt 0.864336 0.712664
vt 0.829529 0.760482
vt 0.840966 0.760717
vt 0.832969 0.771080
vt 0.787289 0.685650
vt 0.796164 0.693308
vt 0.789069 0.703369
vt 0.867738 0.759787
vt 0.860288 0.756586
vt 0.865447 0.742177
vt 0.856171 0.785805
vt 0.768735 0.674950
vt 0.877293 0.763886
vt 0.936092 0.689064
vt 0.761000 0.714320
vt 0.766864 0.726369
vt 0.868203 0.721728
vt 0.729741 0.675328
vt 0.853890 0.732185
vt 0.719505 0.698696
vt 0.718031 0.689480
vt 0.724467 0.697260
vt 0.876037 0.785534
vt 0.858578 0.717520
vt 0.826314 0.700329
vt 0.815045 0.694203
vt 0.745668 0.702803
vt 0.845368 0.782612
vt 0.771139 0.756796
vt 0.844204 0.745789
vt 0.812776 0.798480
vt 0.805022 0.778993
vt 0.847382 0.754912
vt 0.849740 0.759985
vt 0.940139 0.700048
vt 0.943035 0.702291
vt 0.916290 0.710544
vt 0.921519 0.693456
vt 0.802719 0.705330
vt 0.728736 0.765469
vt 0.819790 0.769442
vt 0.793156 0.784597
vt 0.804974 0.694504
vt 0.892225 0.675480
vt 0.887212 0.695782
vt 0.877176 0.692798
vt 0.853164 0.750095
vt 0.781285 0.807773
vt 0.782078 0.815379
vt 0.876217 0.677036
vt 0.819113 0.674715
vt 0.816249 0.708997
vt 0.906024 0.678015
vt 0.908250 0.700940
vt 0.921767 0.674806
vt 0.775673 0.731657
vt 0.787022 0.728051
vt 0.794605 0.730972
vt 0.842405 0.773125
vt 0.712027 0.693632
vt 0.706768 0.690520
vt 0.895831 0.702803
vt 0.805466 0.719983
vt 0.933850 0.713268
vt 0.717696 0.674236
vt 0.799748 0.805586
vt 0.715830 0.717463
vt 0.706943 0.673708
vt 0.775075 0.800529
vt 0.764860 0.765511
vt 0.699822 0.683439
vt 0.200825 0.156146
vt 0.199477 0.165368
vt 0.192367 0.164478
vt 0.167814 0.125170
vt 0.166885 0.117450
vt 0.172872 0.119912
vt 0.190366 0.156567
vt 0.183079 0.151888
vt 0.192804 0.148204
vt 0.128814 0.115342
vt 0.136363 0.119976
vt 0.133661 0.128448
vt 0.135224 0.093776
vt 0.139015 0.086959
vt 0.142237 0.093126
vt 0.182383 0.075670
vt 0.177975 0.075880
vt 0.177759 0.068455
vt 0.182221 0.115778
vt 0.174046 0.131628
vt 0.144842 0.085624
vt 0.150143 0.080014
vt 0.152445 0.089039
vt 0.138506 0.080038
vt 0.140483 0.072405
vt 0.147973 0.073620
vt 0.185321 0.130826
vt 0.183510 0.141219
vt 0.220534 0.089051
vt 0.209241 0.092443
vt 0.214799 0.082797
vt 0.200706 0.052134
vt 0.189831 0.051267
vt 0.198857 0.041445
vt 0.173941 0.145918
vt 0.211804 0.061087
vt 0.210691 0.072900
vt 0.205197 0.066560
vt 0.205959 0.083555
vt 0.218209 0.166580
vt 0.209591 0.173027
vt 0.208416 0.162938
vt 0.220656 0.174671
vt 0.211637 0.182457
vt 0.166727 0.090168
vt 0.163921 0.098574
vt 0.157297 0.097247
vt 0.197852 0.061916
vt 0.200498 0.070684
vt 0.186881 0.038021
vt 0.195474 0.017681
vt 0.194367 0.003336
vt 0.199201 0.011834
vt 0.139574 0.115745
vt 0.142840 0.126413
vt 0.180037 0.002009
vt 0.179473 0.012203
vt 0.174235 0.010494
vt 0.202764 0.170806
vt 0.194776 0.173542
vt 0.170745 0.105502
vt 0.214006 0.102817
vt 0.183247 0.161856
vt 0.144787 0.140589
vt 0.154166 0.148157
vt 0.143098 0.155114
vt 0.168533 0.061840
vt 0.166903 0.071762
vt 0.175083 0.179689
vt 0.174741 0.168669
vt 0.183840 0.174535
vt 0.201705 0.104684
vt 0.148605 0.098127
vt 0.199526 0.091802
vt 0.189255 0.091895
vt 0.197932 0.080365
vt 0.190180 0.071490
vt 0.187254 0.061688
vt 0.178979 0.056444
vt 0.221116 0.182336
vt 0.180103 0.047101
vt 0.188867 0.025555
vt 0.190046 0.016986
vt 0.191181 0.103044
vt 0.184222 0.101134
vt 0.160764 0.116519
vt 0.162900 0.123027
vt 0.154143 0.121661
vt 0.217799 0.118819
vt 0.209894 0.120587
vt 0.215613 0.111193
vt 0.148570 0.046322
vt 0.156588 0.036157
vt 0.159690 0.056787
vt 0.152518 0.066365
vt 0.147006 0.067765
vt 0.200988 0.120076
vt 0.193039 0.113870
vt 0.162147 0.103676
vt 0.160669 0.079652
vt 0.151633 0.131733
vt 0.154399 0.107973
vt 0.134363 0.136348
vt 0.129918 0.136606
vt 0.177395 0.038946
vt 0.186108 0.014216
vt 0.131613 0.145229
vt 0.136140 0.141087
vt 0.196471 0.030174
vt 0.138764 0.135198
vt 0.180373 0.030283
vt 0.184066 0.021610
vt 0.161243 0.131037
vt 0.186501 0.081925
vt 0.207865 0.111479
vt 0.204029 0.144288
vt 0.163179 0.141397
vt 0.170976 0.077650
vt 0.144388 0.104312
vt 0.142856 0.098509
vt 0.125898 0.143518
vt 0.220921 0.127983
vt 0.217024 0.138995
vt 0.214152 0.128304
vt 0.209971 0.029736
vt 0.170085 0.046672
vt 0.186307 0.006632
vt 0.134221 0.109825
vt 0.139824 0.108620
vt 0.201116 0.180999
vt 0.126597 0.126567
vt 0.170260 0.029501
vt 0.163142 0.110357
vt 0.146057 0.114242
vt 0.178204 0.020734
vt 0.173740 0.156967
vt 0.216124 0.190192
vt 0.201880 0.197847
vt 0.205845 0.131651
vt 0.212116 0.046050
vt 0.118279 0.140769
vt 0.122283 0.152301
vt 0.115527 0.148870
vt 0.123204 0.107281
vt 0.126837 0.105720
vt 0.192647 0.124976
vt 0.194744 0.136929
vt 0.179107 0.093749
vt 0.121986 0.133613
vt 0.120714 0.126749
vt 0.176873 0.082153
vt 0.158037 0.070018
vt 0.198630 0.129297
vt 0.171588 0.017474
vt 0.178995 0.104151
vt 0.154688 0.138126
vt 0.215675 0.151450
vt 0.214848 0.160219
vt 0.202352 0.023318
vt 0.151377 0.060441
vt 0.129749 0.150297
vt 0.127957 0.164262
vt 0.150816 0.007260
vt 0.136666 0.148797
vt 0.138167 0.168599
vt 0.152956 0.160932
vt 0.147388 0.169943
vt 0.135727 0.102526
vt 0.164864 0.166113
vt 0.165779 0.180577
vt 0.154816 0.179642
vt 0.164175 0.152107
vt 0.139254 0.099925
vt 0.221225 0.159733
vt 0.179722 0.190980
vt 0.189334 0.190066
vt 0.120832 0.118063
vt 0.111090 0.125024
vt 0.196823 0.190202
vt 0.111039 0.150145
vt 0.113182 0.142966
vt 0.212022 0.200372
vt 0.219315 0.196653
vt 0.131560 0.099976
vt 0.130094 0.106317
vt 0.109520 0.145103
vt 0.110739 0.140205
vt 0.113316 0.137963
vt 0.128398 0.100949
vt 0.109132 0.137596
vt 0.863326 0.415879
vt 0.850753 0.415963
vt 0.851685 0.408311
vt 0.857623 0.422225
vt 0.923827 0.428409
vt 0.916928 0.425207
vt 0.920717 0.420274
vt 0.895746 0.364519
vt 0.902657 0.369523
vt 0.894157 0.374706
vt 0.865801 0.426667
vt 0.862944 0.434214
vt 0.905859 0.392471
vt 0.898789 0.386328
vt 0.904521 0.385688
vt 0.904020 0.379512
vt 0.864909 0.404747
vt 0.881117 0.420110
vt 0.889320 0.364788
vt 0.877308 0.439935
vt 0.876165 0.427479
vt 0.870477 0.446550
vt 0.929317 0.466695
vt 0.920519 0.467179
vt 0.917550 0.454800
vt 0.889023 0.452908
vt 0.899411 0.450398
vt 0.901969 0.467867
vt 0.925802 0.313936
vt 0.919489 0.314178
vt 0.921856 0.305768
vt 0.909132 0.440677
vt 0.907980 0.448759
vt 0.888192 0.415534
vt 0.879730 0.410871
vt 0.910302 0.318096
vt 0.914622 0.304130
vt 0.931029 0.426012
vt 0.929793 0.427650
vt 0.925153 0.419948
vt 0.880911 0.455590
vt 0.891587 0.431008
vt 0.886778 0.437223
vt 0.887592 0.282762
vt 0.880372 0.274462
vt 0.890941 0.279617
vt 0.880199 0.404464
vt 0.863578 0.295160
vt 0.877300 0.289616
vt 0.878864 0.295848
vt 0.917420 0.378562
vt 0.917536 0.388492
vt 0.909809 0.383083
vt 0.891556 0.424511
vt 0.886402 0.293145
vt 0.885868 0.288788
vt 0.835435 0.416258
vt 0.850878 0.399929
vt 0.883748 0.283673
vt 0.875779 0.281626
vt 0.898442 0.440498
vt 0.899984 0.394460
vt 0.892232 0.391105
vt 0.898138 0.401027
vt 0.870848 0.288082
vt 0.896500 0.411120
vt 0.899557 0.423514
vt 0.885564 0.396394
vt 0.873646 0.303139
vt 0.857664 0.308236
vt 0.910781 0.460061
vt 0.915816 0.475414
vt 0.900821 0.356978
vt 0.905139 0.346525
vt 0.907488 0.354353
vt 0.890543 0.464960
vt 0.899893 0.432104
vt 0.906131 0.303194
vt 0.909390 0.420907
vt 0.881653 0.354544
vt 0.891633 0.354539
vt 0.924438 0.438702
vt 0.935215 0.449339
vt 0.926889 0.450678
vt 0.899017 0.304891
vt 0.891933 0.309058
vt 0.898384 0.294363
vt 0.919933 0.299259
vt 0.914192 0.288210
vt 0.896153 0.270320
vt 0.896313 0.282293
vt 0.881513 0.365460
vt 0.887821 0.370283
vt 0.910548 0.431887
vt 0.882998 0.374710
vt 0.890073 0.382179
vt 0.907739 0.408342
vt 0.917854 0.431854
vt 0.897545 0.322415
vt 0.900048 0.311874
vt 0.908228 0.484701
vt 0.931527 0.320656
vt 0.928182 0.330497
vt 0.874925 0.395115
vt 0.875143 0.389368
vt 0.881081 0.384550
vt 0.865523 0.395260
vt 0.837946 0.404438
vt 0.890790 0.288926
vt 0.917742 0.443279
vt 0.917641 0.435212
vt 0.866759 0.323582
vt 0.870237 0.334235
vt 0.853648 0.331284
vt 0.876507 0.313492
vt 0.916411 0.409754
vt 0.914606 0.418019
vt 0.926732 0.484981
vt 0.904222 0.399759
vt 0.909283 0.401381
vt 0.844776 0.392126
vt 0.884644 0.262043
vt 0.906237 0.276688
vt 0.872795 0.358608
vt 0.872792 0.367434
vt 0.876627 0.343426
vt 0.880010 0.335875
vt 0.936808 0.460180
vt 0.932902 0.437751
vt 0.924795 0.423653
vt 0.914348 0.395603
vt 0.922714 0.404382
vt 0.924484 0.414795
vt 0.871325 0.374868
vt 0.867778 0.381577
vt 0.864472 0.350632
vt 0.866764 0.342082
vt 0.872776 0.349977
vt 0.885833 0.300487
vt 0.938230 0.474285
vt 0.914747 0.334907
vt 0.928837 0.421190
vt 0.903267 0.332626
vt 0.913209 0.347336
vt 0.908469 0.340115
vt 0.941170 0.468090
vt 0.923586 0.392335
vt 0.918663 0.395334
vt 0.863181 0.359212
vt 0.930316 0.418788
vt 0.890342 0.332462
vt 0.878530 0.327059
vt 0.887822 0.320173
vt 0.857607 0.320558
vt 0.858927 0.372853
vt 0.859054 0.342998
vt 0.926451 0.412140
vt 0.929184 0.413060
vt 0.897313 0.343937
vt 0.854350 0.388101
vt 0.856079 0.380384
vt 0.865510 0.387944
vt 0.835340 0.394425
vt 0.835205 0.386264
vt 0.886639 0.344204
vt 0.829149 0.400306
vt 0.826818 0.392084
vt 0.894635 0.316302
vt 0.923462 0.373647
vt 0.929056 0.377878
vt 0.923343 0.382893
vt 0.854756 0.349982
vt 0.907843 0.373976
vt 0.863382 0.367353
vt 0.851243 0.360468
vt 0.845196 0.369823
vt 0.842133 0.380095
vt 0.825695 0.379248
vt 0.912553 0.356503
vt 0.908448 0.363508
vt 0.904319 0.340789
vt 0.912480 0.373078
vt 0.830864 0.369656
vt 0.839512 0.340327
vt 0.834327 0.361263
vt 0.897651 0.476019
vt 0.856240 0.396091
vt 0.928083 0.304950
vt 0.839795 0.354562
vt 0.919081 0.357669
vt 0.923270 0.364615
vt 0.918348 0.368534
vt 0.934755 0.310895
vt 0.922735 0.346556
vt 0.925993 0.357826
vt 0.914457 0.363209
vt 0.927753 0.366627
vt 0.928672 0.398309
vt 0.928313 0.405936
vt 0.927963 0.385033
vt 0.852227 0.340958
vt 0.936095 0.356335
vt 0.926566 0.295714
vt 0.850723 0.143927
vt 0.840310 0.136759
vt 0.851083 0.132012
vt 0.840159 0.211938
vt 0.828581 0.221460
vt 0.826309 0.213524
vt 0.846430 0.150505
vt 0.853299 0.155720
vt 0.813532 0.113704
vt 0.804282 0.095701
vt 0.818630 0.102832
vt 0.838826 0.147107
vt 0.909868 0.127315
vt 0.903900 0.133706
vt 0.900234 0.126340
vt 0.812763 0.162282
vt 0.806289 0.155728
vt 0.813867 0.151608
vt 0.874551 0.055243
vt 0.887556 0.033114
vt 0.896866 0.053429
vt 0.802643 0.128231
vt 0.810196 0.121960
vt 0.816112 0.127838
vt 0.833038 0.153543
vt 0.823010 0.155376
vt 0.828856 0.148022
vt 0.850751 0.047120
vt 0.828608 0.045022
vt 0.841789 0.035029
vt 0.868622 0.147734
vt 0.846119 0.099310
vt 0.855995 0.091252
vt 0.855988 0.104937
vt 0.874963 0.127597
vt 0.881345 0.135972
vt 0.868981 0.134063
vt 0.866739 0.023272
vt 0.857655 0.034299
vt 0.847609 0.023272
vt 0.829031 0.131083
vt 0.831721 0.140757
vt 0.821400 0.143042
vt 0.802396 0.164975
vt 0.791980 0.165545
vt 0.797194 0.154674
vt 0.868814 0.118200
vt 0.880431 0.120893
vt 0.860233 0.138133
vt 0.867557 0.097191
vt 0.864261 0.081799
vt 0.845931 0.084218
vt 0.855413 0.078008
vt 0.875150 0.205675
vt 0.863808 0.209146
vt 0.865135 0.202714
vt 0.875465 0.233578
vt 0.868104 0.218702
vt 0.881573 0.219454
vt 0.821833 0.195974
vt 0.812967 0.202481
vt 0.815832 0.190936
vt 0.806324 0.143268
vt 0.894843 0.211173
vt 0.856946 0.263861
vt 0.854542 0.275956
vt 0.851435 0.266425
vt 0.877240 0.193483
vt 0.866030 0.193099
vt 0.896357 0.181025
vt 0.895150 0.188594
vt 0.885721 0.187124
vt 0.842597 0.164917
vt 0.830811 0.174534
vt 0.831421 0.162169
vt 0.891139 0.076591
vt 0.899062 0.084866
vt 0.888532 0.093650
vt 0.830532 0.093317
vt 0.838499 0.108442
vt 0.827441 0.114987
vt 0.796707 0.060283
vt 0.816491 0.082020
vt 0.800160 0.077216
vt 0.786086 0.177556
vt 0.794752 0.176218
vt 0.776295 0.190368
vt 0.782371 0.170037
vt 0.771198 0.163475
vt 0.784134 0.158169
vt 0.817062 0.093462
vt 0.811633 0.090913
vt 0.890447 0.170448
vt 0.902192 0.172543
vt 0.781524 0.177111
vt 0.790722 0.140115
vt 0.841212 0.122320
vt 0.886604 0.151421
vt 0.893546 0.195432
vt 0.884549 0.199067
vt 0.878709 0.104372
vt 0.889497 0.108954
vt 0.755084 0.150920
vt 0.765863 0.130244
vt 0.770242 0.151403
vt 0.834241 0.248779
vt 0.840352 0.243067
vt 0.842311 0.251084
vt 0.853661 0.201191
vt 0.801729 0.112706
vt 0.883238 0.175522
vt 0.879092 0.162596
vt 0.773859 0.113959
vt 0.779431 0.130988
vt 0.890944 0.125704
vt 0.847015 0.065706
vt 0.796387 0.227601
vt 0.800584 0.212274
vt 0.812150 0.214416
vt 0.840231 0.155397
vt 0.808097 0.173726
vt 0.853688 0.215152
vt 0.855219 0.229067
vt 0.840700 0.223037
vt 0.876410 0.075508
vt 0.789422 0.117418
vt 0.835654 0.076692
vt 0.839095 0.232978
vt 0.826178 0.023272
vt 0.822613 0.072116
vt 0.837041 0.202137
vt 0.854501 0.119380
vt 0.847335 0.111288
vt 0.855882 0.166965
vt 0.809931 0.050728
vt 0.829043 0.061865
vt 0.893616 0.228854
vt 0.755079 0.107339
vt 0.765935 0.089688
vt 0.871809 0.029514
vt 0.863860 0.170851
vt 0.861875 0.175770
vt 0.857417 0.176018
vt 0.786582 0.215757
vt 0.800265 0.199842
vt 0.861488 0.236614
vt 0.854499 0.240277
vt 0.860637 0.128748
vt 0.789666 0.100442
vt 0.785677 0.075442
vt 0.825502 0.204017
vt 0.864993 0.159788
vt 0.861765 0.110364
vt 0.774835 0.078569
vt 0.892360 0.162655
vt 0.755078 0.048114
vt 0.831948 0.207103
vt 0.827113 0.242752
vt 0.839978 0.238426
vt 0.799751 0.186960
vt 0.773298 0.206576
vt 0.894170 0.141966
vt 0.906531 0.160348
vt 0.864646 0.165323
vt 0.810944 0.187789
vt 0.816628 0.180613
vt 0.866719 0.044157
vt 0.845178 0.177038
vt 0.842626 0.190559
vt 0.834703 0.184347
vt 0.864794 0.179540
vt 0.866496 0.267947
vt 0.820881 0.167926
vt 0.854878 0.186402
vt 0.825215 0.186109
vt 0.872350 0.172774
vt 0.814221 0.088816
vt 0.812684 0.227963
vt 0.874738 0.183358
vt 0.869653 0.165918
vt 0.798385 0.023330
vt 0.766549 0.023272
vt 0.866044 0.278315
vt 0.860765 0.257665
vt 0.846506 0.259179
vt 0.869552 0.260195
vt 0.857277 0.248386
vt 0.866806 0.250368
vt 0.860030 0.056284
vt 0.863179 0.069490
vt 0.875469 0.252789
vt 0.865457 0.242505
vt 0.876462 0.244732
vt 0.898310 0.134317
vt 0.827685 0.230914
vt 0.831636 0.193302
vt 0.848946 0.246590
vt 0.846163 0.238142
vt 0.834794 0.208424
vt 0.906977 0.145816
vt 0.919502 0.088435
vt 0.920517 0.107157
vt 0.909729 0.104062
vt 0.910048 0.066841
vt 0.908049 0.084971
vt 0.906684 0.093794
vt 0.880449 0.088463
vt 0.900810 0.115148
vt 0.917269 0.119663
vt 0.859556 0.241520
vt 0.898458 0.099809
vt 0.755078 0.130902
vt 0.917762 0.141479
vt 0.815393 0.238552
vt 0.802343 0.286923
vt 0.802993 0.297845
vt 0.796192 0.296126
vt 0.790870 0.269604
vt 0.795187 0.272117
vt 0.786718 0.279305
vt 0.791492 0.285620
vt 0.799588 0.277531
vt 0.789546 0.248939
vt 0.796292 0.260110
vt 0.785214 0.265368
vt 0.792372 0.322545
vt 0.803591 0.311332
vt 0.800303 0.320217
vt 0.795502 0.305111
vt 0.789210 0.301567
vt 0.809169 0.266391
vt 0.808245 0.241564
vt 0.753624 0.321276
vt 0.757644 0.330801
vt 0.749791 0.327583
vt 0.725264 0.404736
vt 0.729031 0.412199
vt 0.719021 0.417981
vt 0.792127 0.293139
vt 0.784977 0.296707
vt 0.774294 0.249428
vt 0.771538 0.292624
vt 0.780683 0.292122
vt 0.774884 0.298604
vt 0.800635 0.326372
vt 0.796845 0.391822
vt 0.806745 0.392739
vt 0.795826 0.399170
vt 0.786625 0.425439
vt 0.782867 0.420080
vt 0.789815 0.415788
vt 0.798273 0.418828
vt 0.796467 0.408131
vt 0.804651 0.407105
vt 0.791403 0.235435
vt 0.794032 0.241177
vt 0.785836 0.235396
vt 0.788374 0.396785
vt 0.790151 0.385820
vt 0.787386 0.314491
vt 0.793355 0.313048
vt 0.797007 0.335216
vt 0.788988 0.308400
vt 0.774143 0.265260
vt 0.771103 0.281444
vt 0.766884 0.269873
vt 0.781814 0.320945
vt 0.805857 0.417761
vt 0.806562 0.427029
vt 0.796397 0.431435
vt 0.737227 0.363488
vt 0.739041 0.352599
vt 0.747083 0.363311
vt 0.728239 0.424470
vt 0.727224 0.438798
vt 0.716851 0.435230
vt 0.720850 0.365923
vt 0.729280 0.367306
vt 0.723506 0.381635
vt 0.762166 0.470911
vt 0.765266 0.478320
vt 0.758557 0.481579
vt 0.778884 0.392576
vt 0.773871 0.386653
vt 0.776972 0.382788
vt 0.779930 0.307246
vt 0.800551 0.367285
vt 0.799985 0.375337
vt 0.793321 0.371309
vt 0.794846 0.353462
vt 0.785535 0.351319
vt 0.791411 0.345215
vt 0.700440 0.377630
vt 0.690564 0.360980
vt 0.708192 0.364614
vt 0.761792 0.333980
vt 0.753338 0.337969
vt 0.770052 0.356648
vt 0.773616 0.364826
vt 0.763841 0.360666
vt 0.740696 0.439552
vt 0.739260 0.425293
vt 0.750070 0.425048
vt 0.755436 0.353208
vt 0.766044 0.342662
vt 0.765066 0.352922
vt 0.756509 0.366508
vt 0.771376 0.381774
vt 0.761029 0.382912
vt 0.769392 0.374310
vt 0.769839 0.441395
vt 0.771842 0.447843
vt 0.764676 0.450663
vt 0.769011 0.389758
vt 0.800486 0.344606
vt 0.784500 0.332255
vt 0.763286 0.370380
vt 0.757888 0.374490
vt 0.775525 0.440267
vt 0.782235 0.382625
vt 0.730730 0.319702
vt 0.741886 0.331775
vt 0.725164 0.334861
vt 0.751594 0.435622
vt 0.793325 0.418949
vt 0.701803 0.389583
vt 0.711649 0.378398
vt 0.710366 0.392370
vt 0.708672 0.351733
vt 0.699573 0.335678
vt 0.718295 0.351878
vt 0.779190 0.348693
vt 0.777269 0.355007
vt 0.801868 0.382784
vt 0.775901 0.399511
vt 0.778841 0.405531
vt 0.769539 0.401029
vt 0.760558 0.312472
vt 0.769061 0.303194
vt 0.772217 0.316661
vt 0.779029 0.298191
vt 0.789039 0.406156
vt 0.775028 0.420442
vt 0.765902 0.412869
vt 0.783461 0.413137
vt 0.725573 0.457535
vt 0.732036 0.448551
vt 0.737361 0.453717
vt 0.749855 0.411868
vt 0.756147 0.415194
vt 0.791880 0.426970
vt 0.781043 0.426772
vt 0.680038 0.382114
vt 0.680201 0.393072
vt 0.672243 0.392115
vt 0.792021 0.361873
vt 0.799847 0.359954
vt 0.784564 0.344864
vt 0.777967 0.343429
vt 0.780370 0.434918
vt 0.785551 0.437097
vt 0.787437 0.376670
vt 0.772703 0.349917
vt 0.768868 0.428363
vt 0.764284 0.422840
vt 0.729033 0.355614
vt 0.733938 0.384164
vt 0.741746 0.386965
vt 0.734534 0.399045
vt 0.750768 0.377539
vt 0.748061 0.395293
vt 0.768144 0.328963
vt 0.777789 0.375501
vt 0.784239 0.367676
vt 0.780494 0.267303
vt 0.779646 0.276032
vt 0.793956 0.378373
vt 0.742690 0.295620
vt 0.748839 0.311245
vt 0.726309 0.300374
vt 0.760217 0.407344
vt 0.759429 0.397984
vt 0.726678 0.471544
vt 0.744057 0.460423
vt 0.738546 0.476799
vt 0.774847 0.431985
vt 0.709721 0.428859
vt 0.709544 0.416417
vt 0.761265 0.291728
vt 0.755964 0.275059
vt 0.761157 0.432910
vt 0.783180 0.359307
vt 0.769124 0.457295
vt 0.755292 0.451138
vt 0.747678 0.447894
vt 0.755360 0.442171
vt 0.726642 0.393990
vt 0.716796 0.401776
vt 0.776119 0.327495
vt 0.775494 0.336000
vt 0.782831 0.277461
vt 0.778384 0.284692
vt 0.718219 0.313829
vt 0.709336 0.322654
vt 0.703329 0.409521
vt 0.788078 0.356068
vt 0.744039 0.344830
vt 0.746596 0.353209
vt 0.777289 0.446039
vt 0.767309 0.435335
vt 0.760314 0.324536
vt 0.738127 0.411937
vt 0.752781 0.296386
vt 0.801617 0.473444
vt 0.792992 0.477415
vt 0.796739 0.464081
vt 0.758170 0.420390
vt 0.743052 0.319370
vt 0.755442 0.464265
vt 0.756460 0.427256
vt 0.786074 0.339767
vt 0.741405 0.374830
vt 0.762504 0.442416
vt 0.780969 0.338085
vt 0.703213 0.449716
vt 0.693796 0.409793
vt 0.677981 0.414436
vt 0.693284 0.400319
vt 0.733645 0.373759
vt 0.703280 0.355333
vt 0.788305 0.460832
vt 0.798020 0.450977
vt 0.691775 0.382108
vt 0.685337 0.373027
vt 0.773582 0.463181
vt 0.777422 0.471366
vt 0.694769 0.389513
vt 0.685575 0.386585
vt 0.685682 0.396908
vt 0.674746 0.403312
vt 0.750118 0.476165
vt 0.780330 0.450361
vt 0.755705 0.476143
vt 0.701079 0.399552
vt 0.775108 0.455140
vt 0.787668 0.444247
vt 0.800685 0.435689
vt 0.723698 0.451510
vt 0.783741 0.478242
vt 0.783479 0.455532
vt 0.713500 0.454093
vt 0.805838 0.437170
vt 0.793185 0.446265
vt 0.699756 0.426611
vt 0.688542 0.416502
vt 0.698220 0.436742
vt 0.808959 0.445997
vt 0.690487 0.425996
vt 0.768659 0.489385
vt 0.668862 0.399945
vt 0.809312 0.459313
vt 0.789144 0.490794
vt 0.797979 0.487483
vt 0.502156 0.735724
vt 0.496225 0.725608
vt 0.499599 0.715660
vt 0.617418 0.748665
vt 0.621262 0.748439
vt 0.619821 0.749383
vt 0.510706 0.748523
vt 0.502348 0.753610
vt 0.702871 0.765934
vt 0.696978 0.776414
vt 0.701063 0.762398
vt 0.500711 0.774281
vt 0.504533 0.764450
vt 0.510387 0.772388
vt 0.553763 0.750711
vt 0.562078 0.753259
vt 0.562200 0.780870
vt 0.505822 0.778715
vt 0.499387 0.785000
vt 0.510880 0.761662
vt 0.514477 0.734660
vt 0.524186 0.722132
vt 0.521732 0.732062
vt 0.515675 0.721864
vt 0.641301 0.710920
vt 0.633688 0.715184
vt 0.636678 0.708488
vt 0.615153 0.725855
vt 0.617177 0.718928
vt 0.625216 0.720828
vt 0.623993 0.702051
vt 0.624356 0.695740
vt 0.632601 0.696946
vt 0.578047 0.690085
vt 0.594021 0.691992
vt 0.584854 0.697320
vt 0.600512 0.696634
vt 0.594745 0.703399
vt 0.576915 0.698156
vt 0.570241 0.701722
vt 0.565049 0.695625
vt 0.551387 0.698421
vt 0.551086 0.685934
vt 0.518035 0.758769
vt 0.537922 0.694606
vt 0.533175 0.710896
vt 0.529270 0.702868
vt 0.626035 0.749560
vt 0.622219 0.746554
vt 0.626010 0.744381
vt 0.488907 0.789210
vt 0.481316 0.779188
vt 0.491898 0.777055
vt 0.605431 0.706373
vt 0.603382 0.700410
vt 0.609097 0.701957
vt 0.631449 0.706921
vt 0.631160 0.710856
vt 0.623640 0.708937
vt 0.474597 0.776223
vt 0.478066 0.767290
vt 0.643997 0.678605
vt 0.632904 0.680950
vt 0.628710 0.675910
vt 0.614831 0.705619
vt 0.627511 0.691389
vt 0.522358 0.710376
vt 0.517640 0.717120
vt 0.709376 0.763043
vt 0.714657 0.765323
vt 0.709026 0.765776
vt 0.521655 0.745580
vt 0.528286 0.734149
vt 0.583229 0.703183
vt 0.581589 0.699163
vt 0.535538 0.734363
vt 0.535111 0.747582
vt 0.575288 0.712793
vt 0.566840 0.711099
vt 0.570315 0.706434
vt 0.495702 0.763046
vt 0.492204 0.745995
vt 0.552896 0.707167
vt 0.558375 0.715686
vt 0.547362 0.715801
vt 0.543258 0.706819
vt 0.606681 0.683769
vt 0.609429 0.677953
vt 0.615484 0.680331
vt 0.624738 0.714867
vt 0.491980 0.729168
vt 0.643020 0.703945
vt 0.635666 0.702707
vt 0.641484 0.696788
vt 0.613353 0.712903
vt 0.561893 0.707827
vt 0.560754 0.702385
vt 0.645469 0.683043
vt 0.638848 0.683516
vt 0.542114 0.737050
vt 0.653695 0.751241
vt 0.660480 0.757112
vt 0.654728 0.760549
vt 0.580917 0.675932
vt 0.590469 0.681383
vt 0.577113 0.681929
vt 0.631930 0.747635
vt 0.639220 0.745798
vt 0.639702 0.753325
vt 0.694627 0.767566
vt 0.689347 0.764627
vt 0.701342 0.753441
vt 0.576560 0.704074
vt 0.579091 0.708319
vt 0.603796 0.676727
vt 0.595778 0.676455
vt 0.600500 0.671692
vt 0.533443 0.724240
vt 0.573002 0.686139
vt 0.566620 0.689355
vt 0.639992 0.719285
vt 0.632174 0.722490
vt 0.586983 0.712919
vt 0.600267 0.713998
vt 0.640293 0.769571
vt 0.634870 0.765434
vt 0.647038 0.757079
vt 0.632845 0.729606
vt 0.661900 0.744976
vt 0.667422 0.755719
vt 0.629483 0.736668
vt 0.623105 0.737551
vt 0.628991 0.733145
vt 0.483586 0.755862
vt 0.483913 0.767345
vt 0.478878 0.762803
vt 0.694406 0.748404
vt 0.683310 0.759816
vt 0.539391 0.716622
vt 0.509091 0.721099
vt 0.507239 0.704456
vt 0.670383 0.744388
vt 0.568168 0.757170
vt 0.577207 0.751696
vt 0.579117 0.759010
vt 0.712173 0.769918
vt 0.714795 0.775457
vt 0.707954 0.772857
vt 0.601684 0.756056
vt 0.595475 0.753121
vt 0.607603 0.745894
vt 0.521897 0.767065
vt 0.514809 0.791546
vt 0.519322 0.699911
vt 0.571494 0.749070
vt 0.649544 0.697315
vt 0.648178 0.705709
vt 0.614684 0.699884
vt 0.565980 0.684249
vt 0.625790 0.729314
vt 0.541757 0.725851
vt 0.545453 0.744736
vt 0.546645 0.737527
vt 0.562150 0.677837
vt 0.571621 0.676891
vt 0.623442 0.684806
vt 0.633157 0.688429
vt 0.662100 0.736290
vt 0.655183 0.740923
vt 0.591410 0.726867
vt 0.602072 0.726361
vt 0.597335 0.733687
vt 0.616034 0.691152
vt 0.532845 0.760095
vt 0.526624 0.756699
vt 0.544612 0.752840
vt 0.558035 0.681680
vt 0.607837 0.719794
vt 0.578703 0.719456
vt 0.577153 0.724270
vt 0.570295 0.725702
vt 0.531184 0.764694
vt 0.526106 0.772747
vt 0.616862 0.732398
vt 0.610730 0.738157
vt 0.608444 0.731185
vt 0.675560 0.757330
vt 0.684926 0.748254
vt 0.635253 0.737895
vt 0.584524 0.732088
vt 0.541695 0.771057
vt 0.534719 0.769592
vt 0.546878 0.761854
vt 0.674861 0.766087
vt 0.673569 0.770570
vt 0.668330 0.766373
vt 0.635815 0.692302
vt 0.706944 0.768442
vt 0.562285 0.745273
vt 0.567259 0.736328
vt 0.618685 0.677534
vt 0.623922 0.680076
vt 0.662024 0.700081
vt 0.653159 0.708270
vt 0.655308 0.698317
vt 0.594348 0.718723
vt 0.679547 0.706637
vt 0.659558 0.713869
vt 0.488365 0.767926
vt 0.612336 0.676638
vt 0.617686 0.696587
vt 0.550565 0.722830
vt 0.557106 0.726789
vt 0.549512 0.732173
vt 0.599846 0.721349
vt 0.549718 0.739045
vt 0.588207 0.721008
vt 0.539465 0.759869
vt 0.568845 0.717479
vt 0.657223 0.782330
vt 0.634413 0.684758
vt 0.618414 0.743233
vt 0.557137 0.737323
vt 0.590027 0.671584
vt 0.595695 0.723988
vt 0.587071 0.739682
vt 0.580464 0.747365
vt 0.577007 0.738345
vt 0.563645 0.722366
vt 0.618348 0.751515
vt 0.617152 0.749531
vt 0.611037 0.755958
vt 0.612328 0.757718
vt 0.645904 0.712661
vt 0.616669 0.761490
vt 0.620390 0.750736
vt 0.608458 0.696654
vt 0.604729 0.691329
vt 0.657197 0.726929
vt 0.576175 0.729738
vt 0.648114 0.718191
vt 0.582639 0.725441
vt 0.482276 0.730453
vt 0.675046 0.782904
vt 0.649506 0.725163
vt 0.626077 0.763694
vt 0.563279 0.729931
vt 0.666421 0.725838
vt 0.649826 0.691404
vt 0.596214 0.741967
vt 0.658270 0.691511
vt 0.661880 0.682310
vt 0.666243 0.686320
vt 0.641606 0.728063
vt 0.645213 0.738414
vt 0.586697 0.750588
vt 0.639727 0.772021
vt 0.577327 0.670756
vt 0.645982 0.748084
vt 0.632972 0.769927
vt 0.687312 0.786486
vt 0.590540 0.759268
vt 0.629294 0.741211
vt 0.683120 0.692230
vt 0.676184 0.751584
vt 0.677325 0.747245
vt 0.617296 0.747012
vt 0.611990 0.748861
vt 0.602654 0.759022
vt 0.606875 0.759823
vt 0.641027 0.687961
vt 0.528859 0.695450
vt 0.613744 0.673279
vt 0.672267 0.752053
vt 0.717863 0.767006
vt 0.717274 0.770344
vt 0.652917 0.685943
vt 0.652957 0.680383
vt 0.654092 0.694564
vt 0.703640 0.770577
vt 0.374855 0.030357
vt 0.379538 0.017956
vt 0.388086 0.031305
vt 0.387811 0.046174
vt 0.388787 0.041891
vt 0.393768 0.048057
vt 0.349124 0.036765
vt 0.351509 0.019972
vt 0.359765 0.030868
vt 0.298659 0.119424
vt 0.310618 0.115399
vt 0.310819 0.126849
vt 0.439107 0.052947
vt 0.433892 0.065032
vt 0.423230 0.050684
vt 0.372711 0.132161
vt 0.386843 0.141016
vt 0.377745 0.155136
vt 0.435942 0.041914
vt 0.428446 0.035734
vt 0.438880 0.033481
vt 0.230029 0.131130
vt 0.252147 0.118199
vt 0.243724 0.139002
vt 0.304502 0.095595
vt 0.290370 0.090901
vt 0.302464 0.082065
vt 0.402883 0.071592
vt 0.419188 0.077621
vt 0.405722 0.085103
vt 0.391604 0.017280
vt 0.387757 0.005435
vt 0.312276 0.038348
vt 0.311569 0.023946
vt 0.324095 0.030945
vt 0.459864 0.058646
vt 0.468010 0.063524
vt 0.458752 0.069443
vt 0.462068 0.077530
vt 0.238715 0.072513
vt 0.237959 0.063315
vt 0.249354 0.067685
vt 0.315001 0.074155
vt 0.315202 0.087555
vt 0.359429 0.125917
vt 0.366092 0.120271
vt 0.392473 0.132222
vt 0.384883 0.126320
vt 0.393914 0.122232
vt 0.382983 0.074430
vt 0.388668 0.063849
vt 0.392793 0.074647
vt 0.367780 0.158203
vt 0.362544 0.190104
vt 0.356618 0.156504
vt 0.290283 0.107433
vt 0.443030 0.099057
vt 0.443740 0.088133
vt 0.450169 0.090490
vt 0.473270 0.048354
vt 0.336612 0.036588
vt 0.341227 0.045880
vt 0.328915 0.049432
vt 0.368024 0.038221
vt 0.367384 0.027311
vt 0.322528 0.002430
vt 0.334893 0.005093
vt 0.328769 0.018075
vt 0.340418 0.022562
vt 0.380563 0.043213
vt 0.427897 0.072266
vt 0.435481 0.078836
vt 0.225230 0.063772
vt 0.228116 0.074485
vt 0.319014 0.059622
vt 0.326532 0.068838
vt 0.430947 0.045758
vt 0.312603 0.065474
vt 0.319110 0.065631
vt 0.466757 0.089200
vt 0.457817 0.087077
vt 0.267552 0.028101
vt 0.254970 0.024270
vt 0.268811 0.015749
vt 0.349587 0.115092
vt 0.352375 0.103463
vt 0.360258 0.110269
vt 0.278376 0.148564
vt 0.251603 0.151252
vt 0.273062 0.137894
vt 0.270397 0.114029
vt 0.261669 0.130612
vt 0.404290 0.022500
vt 0.397308 0.023095
vt 0.404322 0.007023
vt 0.394153 0.040987
vt 0.400077 0.045948
vt 0.318100 0.173776
vt 0.306049 0.170419
vt 0.312857 0.161543
vt 0.313933 0.050153
vt 0.300567 0.045830
vt 0.277300 0.161382
vt 0.263473 0.158402
vt 0.416554 0.015123
vt 0.275029 0.047486
vt 0.285085 0.061230
vt 0.264871 0.060168
vt 0.237912 0.088588
vt 0.245353 0.079246
vt 0.247657 0.089101
vt 0.250470 0.052946
vt 0.263121 0.047271
vt 0.435783 0.118159
vt 0.444139 0.118511
vt 0.442702 0.130208
vt 0.475009 0.086939
vt 0.476843 0.096972
vt 0.471039 0.072647
vt 0.482857 0.054509
vt 0.480718 0.080996
vt 0.474790 0.079715
vt 0.480249 0.069252
vt 0.401397 0.034624
vt 0.434474 0.090947
vt 0.296642 0.027272
vt 0.360152 0.081099
vt 0.349869 0.081274
vt 0.357631 0.069140
vt 0.479573 0.087762
vt 0.455349 0.097247
vt 0.323751 0.080956
vt 0.259507 0.078850
vt 0.486850 0.091961
vt 0.233617 0.099446
vt 0.254060 0.094956
vt 0.485126 0.085240
vt 0.426889 0.020155
vt 0.414690 0.033631
vt 0.257862 0.038697
vt 0.276560 0.099391
vt 0.376392 0.174746
vt 0.279744 0.001364
vt 0.279657 0.020398
vt 0.233727 0.081735
vt 0.293360 0.136073
vt 0.271471 0.069443
vt 0.275383 0.076978
vt 0.272990 0.174019
vt 0.290808 0.169013
vt 0.304187 0.108515
vt 0.341273 0.053394
vt 0.392881 0.083922
vt 0.374036 0.094437
vt 0.369848 0.078927
vt 0.381128 0.085747
vt 0.398889 0.078475
vt 0.364870 0.012981
vt 0.372507 0.063842
vt 0.336713 0.139033
vt 0.324736 0.133251
vt 0.339761 0.125049
vt 0.447982 0.064577
vt 0.400735 0.056965
vt 0.411483 0.066309
vt 0.445920 0.041866
vt 0.387856 0.096805
vt 0.399459 0.095335
vt 0.396235 0.103333
vt 0.417680 0.090329
vt 0.419868 0.112867
vt 0.416527 0.124267
vt 0.410169 0.111205
vt 0.342376 0.064200
vt 0.398408 0.112309
vt 0.391085 0.112391
vt 0.388391 0.169307
vt 0.309302 0.007813
vt 0.318565 0.017383
vt 0.280463 0.034178
vt 0.426909 0.086075
vt 0.449682 0.025404
vt 0.302545 0.068755
vt 0.274328 0.030730
vt 0.469285 0.036964
vt 0.462912 0.041564
vt 0.406760 0.028384
vt 0.402702 0.104120
vt 0.409895 0.097626
vt 0.451818 0.079727
vt 0.269436 0.037865
vt 0.370169 0.050254
vt 0.287713 0.043040
vt 0.359369 0.044788
vt 0.452435 0.110784
vt 0.460941 0.102710
vt 0.462570 0.111931
vt 0.421334 0.065888
vt 0.413609 0.057568
vt 0.402121 0.137823
vt 0.446587 0.057412
vt 0.330872 0.118249
vt 0.391670 0.107583
vt 0.309614 0.140335
vt 0.346231 0.093686
vt 0.359416 0.095126
vt 0.439284 0.020089
vt 0.282144 0.124324
vt 0.335847 0.083044
vt 0.353175 0.140190
vt 0.350057 0.128321
vt 0.336710 0.098553
vt 0.327994 0.105445
vt 0.326583 0.092897
vt 0.261297 0.104451
vt 0.268210 0.091011
vt 0.498811 0.093562
vt 0.498976 0.109291
vt 0.486889 0.117128
vt 0.236990 0.050887
vt 0.226553 0.048656
vt 0.374339 0.003751
vt 0.484317 0.104040
vt 0.356869 0.004973
vt 0.322487 0.161335
vt 0.333140 0.169477
vt 0.332779 0.027578
vt 0.346202 0.017999
vt 0.345832 0.006903
vt 0.361698 0.142952
vt 0.388837 0.052116
vt 0.313906 0.104461
vt 0.349201 0.051923
vt 0.344864 0.103813
vt 0.400780 0.153151
vt 0.383915 0.110914
vt 0.379841 0.054357
vt 0.370561 0.110792
vt 0.241208 0.025813
vt 0.246353 0.038575
vt 0.348882 0.169908
vt 0.343145 0.151818
vt 0.352439 0.060525
vt 0.456378 0.034292
vt 0.365121 0.086631
vt 0.234073 0.006548
vt 0.248298 0.010942
vt 0.313607 0.095814
vt 0.320143 0.098097
vt 0.339099 0.111319
vt 0.435945 0.107330
vt 0.428429 0.109409
vt 0.431261 0.099765
vt 0.236486 0.038533
vt 0.296340 0.001401
vt 0.472599 0.108876
vt 0.467714 0.119327
vt 0.360115 0.056204
vt 0.423827 0.125249
vt 0.425537 0.119242
vt 0.340888 0.179372
vt 0.251216 0.167724
vt 0.228714 0.023953
vt 0.289262 0.077534
vt 0.279441 0.087303
vt 0.408986 0.047100
vt 0.478542 0.110919
vt 0.477205 0.119432
vt 0.261357 0.001937
vt 0.320790 0.115762
vt 0.405178 0.124504
vt 0.468581 0.102045
vt 0.432368 0.133581
vt 0.430221 0.152926
vt 0.299067 0.155108
vt 0.316376 0.149737
vt 0.449823 0.121335
vt 0.425995 0.093539
vt 0.370654 0.022419
vt 0.321282 0.105999
vt 0.420051 0.165791
vt 0.306613 0.058425
vt 0.244768 0.107184
vt 0.420135 0.101888
vt 0.414418 0.139598
vt 0.442140 0.110936
vt 0.456995 0.159218
vt 0.451849 0.128174
vt 0.459968 0.124301
vt 0.225894 0.112367
vt 0.450449 0.054218
vt 0.295500 0.180085
vt 0.274877 0.183828
vt 0.377959 0.120048
vt 0.329712 0.151126
vt 0.457958 0.048306
vt 0.463459 0.030875
vt 0.309550 0.185647
vt 0.344602 0.136904
vt 0.325474 0.185260
vt 0.394430 0.157748
vt 0.594517 0.242039
vt 0.589716 0.246053
vt 0.583875 0.235307
vt 0.689573 0.209865
vt 0.698608 0.214116
vt 0.690370 0.220914
vt 0.565231 0.172587
vt 0.575118 0.172241
vt 0.573201 0.179823
vt 0.680473 0.236394
vt 0.671809 0.240956
vt 0.676412 0.231009
vt 0.671878 0.251312
vt 0.662786 0.249229
vt 0.664128 0.256640
vt 0.670080 0.257352
vt 0.680303 0.231559
vt 0.684055 0.231758
vt 0.684726 0.227578
vt 0.669443 0.200903
vt 0.658124 0.198482
vt 0.670226 0.190697
vt 0.610667 0.237734
vt 0.603079 0.243686
vt 0.595122 0.232115
vt 0.670006 0.262773
vt 0.682741 0.244635
vt 0.678155 0.255332
vt 0.686615 0.235692
vt 0.602139 0.222426
vt 0.615861 0.230112
vt 0.655559 0.222778
vt 0.646600 0.215762
vt 0.662104 0.216635
vt 0.664728 0.269434
vt 0.674312 0.270926
vt 0.696053 0.229631
vt 0.681737 0.320561
vt 0.700162 0.317856
vt 0.692341 0.325696
vt 0.683323 0.261937
vt 0.698849 0.238705
vt 0.671012 0.205949
vt 0.569042 0.166102
vt 0.573614 0.161536
vt 0.573970 0.168033
vt 0.688558 0.252228
vt 0.686161 0.270478
vt 0.595852 0.192255
vt 0.609840 0.196273
vt 0.608537 0.205531
vt 0.531374 0.204041
vt 0.515351 0.198356
vt 0.533439 0.191910
vt 0.510466 0.186487
vt 0.497645 0.176707
vt 0.512197 0.177189
vt 0.676024 0.281848
vt 0.517624 0.206453
vt 0.696889 0.261099
vt 0.680798 0.293466
vt 0.669950 0.294271
vt 0.687329 0.286862
vt 0.699185 0.250597
vt 0.472176 0.173012
vt 0.471566 0.166210
vt 0.479106 0.170377
vt 0.648142 0.327185
vt 0.665867 0.316491
vt 0.669838 0.326988
vt 0.674131 0.214407
vt 0.666599 0.211017
vt 0.508777 0.144615
vt 0.510759 0.153538
vt 0.502272 0.146501
vt 0.598202 0.180642
vt 0.608353 0.188126
vt 0.692616 0.335070
vt 0.682930 0.328680
vt 0.534946 0.160918
vt 0.532543 0.166782
vt 0.521346 0.161764
vt 0.689084 0.277938
vt 0.521758 0.148820
vt 0.698084 0.269568
vt 0.681904 0.303884
vt 0.691094 0.297701
vt 0.483369 0.195499
vt 0.437946 0.193710
vt 0.463933 0.186413
vt 0.587653 0.183884
vt 0.590693 0.177225
vt 0.545346 0.164187
vt 0.545736 0.160636
vt 0.553462 0.167114
vt 0.486171 0.146066
vt 0.485874 0.155678
vt 0.476767 0.150370
vt 0.650807 0.277850
vt 0.647418 0.267743
vt 0.656832 0.271778
vt 0.662756 0.277832
vt 0.478270 0.136537
vt 0.544417 0.167545
vt 0.482357 0.162758
vt 0.493989 0.161240
vt 0.644461 0.254735
vt 0.633253 0.243215
vt 0.642361 0.239096
vt 0.512276 0.139963
vt 0.582610 0.178679
vt 0.580318 0.182291
vt 0.623152 0.240287
vt 0.628217 0.230911
vt 0.495157 0.212767
vt 0.466380 0.206957
vt 0.484699 0.203258
vt 0.569911 0.153207
vt 0.565109 0.162069
vt 0.638330 0.274138
vt 0.560826 0.152368
vt 0.559145 0.156529
vt 0.638287 0.263156
vt 0.599372 0.210205
vt 0.608887 0.215148
vt 0.541861 0.210064
vt 0.527626 0.210950
vt 0.702812 0.208771
vt 0.678665 0.337393
vt 0.706895 0.281153
vt 0.507063 0.211739
vt 0.696715 0.306391
vt 0.682519 0.197244
vt 0.544614 0.149534
vt 0.549920 0.158455
vt 0.482908 0.176396
vt 0.491068 0.182686
vt 0.506699 0.220984
vt 0.490116 0.215874
vt 0.508352 0.215857
vt 0.631561 0.264271
vt 0.503384 0.203488
vt 0.523388 0.135345
vt 0.557993 0.179065
vt 0.580437 0.222661
vt 0.590698 0.221255
vt 0.619307 0.289341
vt 0.630318 0.282149
vt 0.630286 0.291857
vt 0.527613 0.171575
vt 0.538141 0.171380
vt 0.537817 0.176996
vt 0.654674 0.286339
vt 0.591800 0.201909
vt 0.652803 0.246583
vt 0.653964 0.237446
vt 0.495563 0.225328
vt 0.483504 0.220725
vt 0.585116 0.211165
vt 0.555031 0.172162
vt 0.579257 0.174930
vt 0.494731 0.203323
vt 0.654792 0.191661
vt 0.644985 0.186251
vt 0.658045 0.184502
vt 0.553199 0.142125
vt 0.609048 0.277600
vt 0.618068 0.277017
vt 0.609845 0.285035
vt 0.521388 0.175177
vt 0.529888 0.177784
vt 0.621354 0.201993
vt 0.619835 0.194319
vt 0.638542 0.201708
vt 0.555944 0.161851
vt 0.635386 0.222164
vt 0.648656 0.228814
vt 0.681002 0.221420
vt 0.551890 0.154987
vt 0.677245 0.310828
vt 0.502242 0.118516
vt 0.615339 0.222272
vt 0.488114 0.169648
vt 0.578746 0.189642
vt 0.586084 0.195432
vt 0.638598 0.230158
vt 0.680560 0.207492
vt 0.562579 0.166538
vt 0.640589 0.310917
vt 0.655731 0.306108
vt 0.664396 0.228171
vt 0.580429 0.199172
vt 0.661093 0.241282
vt 0.546836 0.175483
vt 0.637964 0.298236
vt 0.647493 0.301734
vt 0.452948 0.212495
vt 0.620803 0.177816
vt 0.634327 0.177329
vt 0.623420 0.186362
vt 0.663229 0.300781
vt 0.665942 0.307309
vt 0.569577 0.214448
vt 0.474116 0.158408
vt 0.471348 0.147370
vt 0.570472 0.195647
vt 0.538801 0.134583
vt 0.561362 0.188576
vt 0.657398 0.262750
vt 0.688179 0.181008
vt 0.658912 0.294559
vt 0.545746 0.202399
vt 0.641858 0.286845
vt 0.494061 0.190976
vt 0.470905 0.180793
vt 0.673619 0.174767
vt 0.664069 0.341857
vt 0.671207 0.303463
vt 0.696361 0.292465
vt 0.560035 0.198109
vt 0.550062 0.193782
vt 0.617080 0.185186
vt 0.700765 0.198787
vt 0.569615 0.204788
vt 0.470168 0.137576
vt 0.607483 0.165232
vt 0.617523 0.164556
vt 0.611819 0.172333
vt 0.496207 0.170245
vt 0.599264 0.170683
vt 0.604900 0.176521
vt 0.548510 0.182759
vt 0.629915 0.307396
vt 0.617477 0.300251
vt 0.598477 0.158754
vt 0.587064 0.171558
vt 0.583451 0.163334
vt 0.697399 0.221365
vt 0.620872 0.217365
vt 0.628560 0.211157
vt 0.637434 0.188366
vt 0.494883 0.150676
vt 0.534785 0.150832
vt 0.623635 0.169271
vt 0.505661 0.170501
vt 0.622433 0.190106
vt 0.649415 0.295147
vt 0.495683 0.141879
vt 0.502119 0.155614
vt 0.515353 0.169786
vt 0.536654 0.183591
vt 0.618328 0.265075
vt 0.627083 0.270443
vt 0.489110 0.137890
vt 0.502306 0.164718
vt 0.631676 0.156087
vt 0.664238 0.286893
vt 0.631275 0.190048
vt 0.556171 0.209368
vt 0.509201 0.162718
vt 0.686000 0.346531
vt 0.580712 0.242553
vt 0.587595 0.252351
vt 0.545990 0.188446
vt 0.550283 0.218011
vt 0.559758 0.220471
vt 0.572340 0.255380
vt 0.576415 0.248013
vt 0.583233 0.256497
vt 0.570870 0.238026
vt 0.574996 0.234344
vt 0.609520 0.180342
vt 0.574163 0.227807
vt 0.567664 0.247769
vt 0.565191 0.228867
vt 0.545930 0.214559
vt 0.536638 0.218181
vt 0.567441 0.241742
vt 0.597966 0.273370
vt 0.589790 0.264049
vt 0.600195 0.254999
vt 0.528892 0.227312
vt 0.512682 0.229458
vt 0.569416 0.222109
vt 0.563729 0.249759
vt 0.522101 0.214790
vt 0.561631 0.235970
vt 0.557557 0.241912
vt 0.646930 0.169804
vt 0.646334 0.179956
vt 0.521446 0.219223
vt 0.553166 0.249164
vt 0.651543 0.176945
vt 0.660297 0.174924
vt 0.643903 0.193409
vt 0.550808 0.228165
vt 0.657209 0.208310
vt 0.543270 0.239305
vt 0.527390 0.237898
vt 0.703815 0.188679
vt 0.608730 0.267157
vt 0.655806 0.254237
vt 0.523474 0.181971
vt 0.578019 0.156651
vt 0.605135 0.274048
vt 0.623284 0.258840
vt 0.630438 0.253117
vt 0.612679 0.253346
vt 0.620117 0.248164
vt 0.526707 0.157332
vt 0.679224 0.350730
vt 0.345432 0.238918
vt 0.360081 0.239566
vt 0.347490 0.243970
vt 0.336037 0.247128
vt 0.347200 0.248955
vt 0.340172 0.254237
vt 0.325090 0.246075
vt 0.330919 0.239141
vt 0.339678 0.240661
vt 0.314243 0.247862
vt 0.321692 0.239193
vt 0.360519 0.245134
vt 0.368328 0.250634
vt 0.355530 0.253823
vt 0.302709 0.247553
vt 0.310308 0.239819
vt 0.300616 0.241183
vt 0.294611 0.246995
vt 0.292329 0.240725
vt 0.325261 0.254004
vt 0.425940 0.260099
vt 0.429737 0.255467
vt 0.433422 0.257141
vt 0.430648 0.249233
vt 0.417366 0.258407
vt 0.418960 0.244922
vt 0.478716 0.280141
vt 0.465238 0.287358
vt 0.469336 0.277188
vt 0.479008 0.272367
vt 0.456921 0.275159
vt 0.451336 0.266632
vt 0.462424 0.264318
vt 0.447044 0.258455
vt 0.458137 0.257329
vt 0.485007 0.282658
vt 0.488062 0.277213
vt 0.480066 0.265042
vt 0.469812 0.269140
vt 0.481389 0.288802
vt 0.491460 0.284392
vt 0.487932 0.269087
vt 0.453720 0.247047
vt 0.468084 0.247507
vt 0.497592 0.276132
vt 0.494923 0.271257
vt 0.502770 0.270255
vt 0.467621 0.256913
vt 0.489640 0.261052
vt 0.496510 0.265516
vt 0.477901 0.250547
vt 0.482448 0.257365
vt 0.473540 0.260865
vt 0.501432 0.281377
vt 0.508112 0.275873
vt 0.499070 0.293079
vt 0.509197 0.290491
vt 0.515759 0.285969
vt 0.516736 0.277075
vt 0.440023 0.250517
vt 0.505289 0.262696
vt 0.514984 0.258057
vt 0.511250 0.268005
vt 0.522583 0.282993
vt 0.524150 0.276648
vt 0.518435 0.264101
vt 0.527602 0.270065
vt 0.528890 0.274325
vt 0.523781 0.257998
vt 0.532609 0.283900
vt 0.529480 0.246212
vt 0.525120 0.264181
vt 0.535437 0.263237
vt 0.533337 0.271835
vt 0.421026 0.265096
vt 0.530886 0.257437
vt 0.541310 0.267939
vt 0.538926 0.273963
vt 0.541452 0.253817
vt 0.547915 0.274146
vt 0.547159 0.260435
vt 0.506494 0.256243
vt 0.512187 0.247443
vt 0.557467 0.256238
vt 0.519592 0.270108
vt 0.555375 0.267991
vt 0.497927 0.258343
vt 0.491229 0.248545
vt 0.437993 0.260271
vt 0.431407 0.260466
vt 0.492563 0.290523
vt 0.502180 0.253792
vt 0.502636 0.249456
vt 0.453714 0.294298
vt 0.451416 0.303064
vt 0.444251 0.296184
vt 0.270675 0.250694
vt 0.275616 0.253310
vt 0.270720 0.255866
vt 0.322749 0.278094
vt 0.325504 0.270290
vt 0.331886 0.276258
vt 0.373492 0.311161
vt 0.363273 0.317556
vt 0.362982 0.310270
vt 0.449287 0.286581
vt 0.387619 0.310448
vt 0.397045 0.311858
vt 0.393124 0.316657
vt 0.370872 0.268900
vt 0.370102 0.263677
vt 0.379650 0.264076
vt 0.275718 0.259403
vt 0.461421 0.298587
vt 0.317680 0.311131
vt 0.314778 0.301288
vt 0.321515 0.305017
vt 0.366188 0.266658
vt 0.405345 0.252404
vt 0.407169 0.261339
vt 0.397898 0.265073
vt 0.446064 0.338868
vt 0.417187 0.328449
vt 0.434741 0.326345
vt 0.383162 0.256509
vt 0.373386 0.258295
vt 0.378607 0.253787
vt 0.405944 0.317031
vt 0.404313 0.309223
vt 0.295276 0.266091
vt 0.302678 0.258463
vt 0.302520 0.266633
vt 0.387306 0.288441
vt 0.380579 0.285756
vt 0.384349 0.280111
vt 0.426768 0.264659
vt 0.308093 0.311558
vt 0.309441 0.303722
vt 0.322492 0.322906
vt 0.308076 0.319054
vt 0.378422 0.319508
vt 0.314701 0.327082
vt 0.330106 0.338946
vt 0.373594 0.286490
vt 0.373105 0.279625
vt 0.377635 0.280691
vt 0.290835 0.315267
vt 0.301390 0.321453
vt 0.292169 0.324680
vt 0.311737 0.265978
vt 0.302490 0.274382
vt 0.382494 0.302688
vt 0.383841 0.296033
vt 0.391902 0.295045
vt 0.369876 0.273694
vt 0.366042 0.280514
vt 0.422848 0.339880
vt 0.404213 0.339661
vt 0.400393 0.331657
vt 0.386715 0.332518
vt 0.393942 0.324583
vt 0.344521 0.316896
vt 0.336684 0.315853
vt 0.340217 0.311692
vt 0.363573 0.271076
vt 0.354076 0.271380
vt 0.360151 0.262672
vt 0.345564 0.310013
vt 0.353350 0.313120
vt 0.296865 0.310432
vt 0.380716 0.249045
vt 0.385284 0.251349
vt 0.333940 0.322817
vt 0.328118 0.316025
vt 0.338442 0.292165
vt 0.339931 0.281216
vt 0.350439 0.286645
vt 0.318734 0.334603
vt 0.307851 0.331267
vt 0.272493 0.237461
vt 0.279516 0.237940
vt 0.277275 0.246077
vt 0.396909 0.301087
vt 0.398600 0.307162
vt 0.372049 0.340023
vt 0.389029 0.340064
vt 0.228894 0.258278
vt 0.228248 0.254622
vt 0.232737 0.256469
vt 0.440219 0.306625
vt 0.428734 0.308573
vt 0.434236 0.300209
vt 0.336917 0.330113
vt 0.344997 0.339790
vt 0.459448 0.310827
vt 0.467213 0.302659
vt 0.468934 0.310958
vt 0.291593 0.297597
vt 0.300922 0.300678
vt 0.325210 0.310193
vt 0.377113 0.273384
vt 0.351588 0.331559
vt 0.343121 0.272137
vt 0.359968 0.296405
vt 0.365085 0.290395
vt 0.365376 0.298044
vt 0.424271 0.283666
vt 0.414660 0.292088
vt 0.409637 0.285154
vt 0.350041 0.298056
vt 0.477024 0.303143
vt 0.483256 0.311958
vt 0.367074 0.332507
vt 0.437214 0.316830
vt 0.446390 0.325522
vt 0.334938 0.270847
vt 0.315874 0.292460
vt 0.322364 0.299344
vt 0.331038 0.298742
vt 0.334561 0.304165
vt 0.327420 0.303517
vt 0.364280 0.325377
vt 0.340113 0.301038
vt 0.286173 0.265649
vt 0.289517 0.272151
vt 0.282380 0.273967
vt 0.280797 0.263006
vt 0.342619 0.324083
vt 0.293021 0.258466
vt 0.357425 0.279187
vt 0.446932 0.272780
vt 0.357677 0.339701
vt 0.377772 0.327241
vt 0.332514 0.310035
vt 0.339507 0.306955
vt 0.352200 0.321942
vt 0.300063 0.333909
vt 0.379258 0.291878
vt 0.413824 0.270096
vt 0.405367 0.268876
vt 0.411147 0.264251
vt 0.349043 0.278359
vt 0.312793 0.253882
vt 0.304930 0.252462
vt 0.390404 0.255290
vt 0.389090 0.258229
vt 0.358929 0.303686
vt 0.345690 0.261027
vt 0.234990 0.253171
vt 0.244620 0.257191
vt 0.235569 0.262219
vt 0.424464 0.301491
vt 0.262019 0.248725
vt 0.255126 0.256677
vt 0.240947 0.237868
vt 0.415536 0.308265
vt 0.387649 0.272184
vt 0.397672 0.273608
vt 0.432681 0.276234
vt 0.426123 0.275818
vt 0.432234 0.268565
vt 0.336513 0.266276
vt 0.347836 0.267307
vt 0.460946 0.327252
vt 0.288716 0.253970
vt 0.287605 0.258948
vt 0.284017 0.250674
vt 0.366771 0.253932
vt 0.422941 0.318143
vt 0.473419 0.319709
vt 0.449528 0.315274
vt 0.406043 0.303750
vt 0.419447 0.275947
vt 0.239769 0.268104
vt 0.249012 0.274736
vt 0.285976 0.302018
vt 0.326489 0.293607
vt 0.281859 0.256137
vt 0.268009 0.261476
vt 0.270410 0.277004
vt 0.260207 0.268459
vt 0.423032 0.270282
vt 0.305343 0.295825
vt 0.350912 0.306251
vt 0.370088 0.303333
vt 0.290416 0.289709
vt 0.403552 0.292987
vt 0.407413 0.297557
vt 0.276395 0.272429
vt 0.388421 0.266559
vt 0.485628 0.300984
vt 0.493006 0.304865
vt 0.415833 0.299100
vt 0.345366 0.304780
vt 0.377275 0.297629
vt 0.295143 0.278187
vt 0.289968 0.278056
vt 0.414182 0.279040
vt 0.260351 0.237317
vt 0.313213 0.276202
vt 0.304541 0.285624
vt 0.295217 0.252949
vt 0.285704 0.237317
vt 0.283835 0.243345
vt 0.288650 0.247836
vt 0.267758 0.254313
vt 0.470871 0.296907
vt 0.316234 0.283850
vt 0.327248 0.285540
vt 0.440389 0.272534
vt 0.393436 0.280099
vt 0.404467 0.277725
vt 0.398708 0.287094
vt 0.269748 0.244853
vt 0.371774 0.294976
vt 0.430445 0.296435
vt 0.424677 0.293793
vt 0.314209 0.260912
vt 0.323929 0.263291
vt 0.334782 0.259891
vt 0.259372 0.273367
vt 0.357477 0.291384
vt 0.435364 0.290766
vt 0.359593 0.285504
vt 0.440754 0.279651
vt 0.388212 0.261708
vt 0.442619 0.265771
vt 0.445328 0.269158
vt 0.394847 0.258106
vt 0.506651 0.355814
vt 0.501996 0.366561
vt 0.490704 0.359731
vt 0.461778 0.508909
vt 0.466856 0.506078
vt 0.465834 0.511477
vt 0.460782 0.537240
vt 0.473500 0.533825
vt 0.469050 0.546320
vt 0.474078 0.505366
vt 0.476740 0.515465
vt 0.470711 0.510061
vt 0.460355 0.504198
vt 0.455091 0.502990
vt 0.458339 0.499507
vt 0.599557 0.424324
vt 0.603737 0.438440
vt 0.587480 0.435059
vt 0.542399 0.395246
vt 0.529789 0.400381
vt 0.530608 0.388326
vt 0.574496 0.409712
vt 0.564933 0.402700
vt 0.574713 0.394837
vt 0.402612 0.538975
vt 0.404782 0.531801
vt 0.408451 0.537179
vt 0.465229 0.499892
vt 0.516912 0.401671
vt 0.521134 0.392289
vt 0.436968 0.431449
vt 0.439916 0.416185
vt 0.449132 0.426862
vt 0.454784 0.563561
vt 0.464500 0.557100
vt 0.470031 0.569247
vt 0.549208 0.403333
vt 0.555206 0.398238
vt 0.556063 0.410709
vt 0.566393 0.411446
vt 0.552555 0.385390
vt 0.428623 0.498743
vt 0.442433 0.499951
vt 0.436138 0.508195
vt 0.521199 0.383682
vt 0.481919 0.572965
vt 0.480772 0.587030
vt 0.488218 0.577899
vt 0.460793 0.493732
vt 0.451321 0.486949
vt 0.469353 0.483668
vt 0.615812 0.461751
vt 0.618253 0.454497
vt 0.626589 0.459310
vt 0.452004 0.498074
vt 0.574617 0.369346
vt 0.569544 0.355175
vt 0.584510 0.365620
vt 0.545491 0.358887
vt 0.547491 0.374090
vt 0.533348 0.369270
vt 0.482790 0.525512
vt 0.492573 0.520164
vt 0.491299 0.532662
vt 0.600686 0.452843
vt 0.607849 0.468130
vt 0.639761 0.416041
vt 0.663835 0.423082
vt 0.636953 0.430749
vt 0.585754 0.417798
vt 0.548776 0.453719
vt 0.549692 0.460384
vt 0.540937 0.462383
vt 0.495982 0.543686
vt 0.506357 0.545520
vt 0.499868 0.558111
vt 0.541610 0.410517
vt 0.524366 0.415263
vt 0.499118 0.392018
vt 0.491140 0.402128
vt 0.490333 0.389456
vt 0.540140 0.381282
vt 0.474302 0.555281
vt 0.549794 0.339495
vt 0.522271 0.532456
vt 0.516595 0.541899
vt 0.515644 0.529057
vt 0.522858 0.516599
vt 0.494906 0.569883
vt 0.496584 0.580251
vt 0.481276 0.494841
vt 0.481437 0.502091
vt 0.472076 0.495821
vt 0.562451 0.391790
vt 0.456559 0.472197
vt 0.484156 0.512257
vt 0.493252 0.506386
vt 0.504111 0.576493
vt 0.505209 0.585606
vt 0.528178 0.378238
vt 0.426477 0.523053
vt 0.435901 0.521985
vt 0.433016 0.532692
vt 0.499019 0.518094
vt 0.500308 0.529142
vt 0.504844 0.401726
vt 0.509884 0.413601
vt 0.595817 0.465512
vt 0.583274 0.451621
vt 0.568265 0.422596
vt 0.459541 0.516509
vt 0.468430 0.467030
vt 0.459326 0.460001
vt 0.637276 0.457721
vt 0.629709 0.451004
vt 0.456074 0.508339
vt 0.482469 0.542433
vt 0.610070 0.429182
vt 0.615840 0.439214
vt 0.551725 0.421082
vt 0.571009 0.463177
vt 0.578485 0.467362
vt 0.570631 0.470020
vt 0.428397 0.512916
vt 0.463779 0.363102
vt 0.478308 0.376812
vt 0.463110 0.376944
vt 0.481693 0.462134
vt 0.478893 0.474482
vt 0.469998 0.450155
vt 0.542654 0.504226
vt 0.549149 0.487977
vt 0.556966 0.503623
vt 0.562200 0.482633
vt 0.568233 0.496097
vt 0.505023 0.500345
vt 0.507422 0.517633
vt 0.485633 0.558423
vt 0.585589 0.463933
vt 0.589228 0.474764
vt 0.489872 0.487174
vt 0.489259 0.473039
vt 0.448740 0.441611
vt 0.500936 0.426766
vt 0.487405 0.425493
vt 0.497196 0.413450
vt 0.463051 0.392953
vt 0.620054 0.449423
vt 0.611836 0.449582
vt 0.457517 0.448901
vt 0.484866 0.413627
vt 0.562292 0.472341
vt 0.571478 0.480358
vt 0.498664 0.477818
vt 0.532520 0.601882
vt 0.517419 0.582516
vt 0.528423 0.581277
vt 0.425130 0.561112
vt 0.426840 0.543752
vt 0.437257 0.550539
vt 0.447740 0.459242
vt 0.491162 0.444795
vt 0.524738 0.555988
vt 0.529379 0.543143
vt 0.535825 0.557646
vt 0.475977 0.434386
vt 0.562518 0.376388
vt 0.461929 0.433764
vt 0.475028 0.352253
vt 0.417621 0.517040
vt 0.416561 0.505466
vt 0.473355 0.421580
vt 0.411742 0.524915
vt 0.419215 0.522787
vt 0.457783 0.413754
vt 0.447149 0.519345
vt 0.444226 0.510756
vt 0.451921 0.512143
vt 0.602924 0.480713
vt 0.511116 0.388537
vt 0.514612 0.372011
vt 0.415827 0.548543
vt 0.476519 0.406627
vt 0.445760 0.539134
vt 0.453674 0.527833
vt 0.443047 0.398357
vt 0.610747 0.419668
vt 0.479686 0.394373
vt 0.410027 0.540967
vt 0.404866 0.548184
vt 0.620729 0.396731
vt 0.622973 0.410930
vt 0.602677 0.407708
vt 0.448694 0.378733
vt 0.538473 0.427946
vt 0.555854 0.433705
vt 0.545643 0.442968
vt 0.444235 0.573244
vt 0.441239 0.562367
vt 0.506233 0.567728
vt 0.514949 0.341465
vt 0.497410 0.343866
vt 0.447018 0.356491
vt 0.456219 0.369725
vt 0.497330 0.377758
vt 0.525165 0.567752
vt 0.514253 0.557921
vt 0.482845 0.339314
vt 0.449879 0.505930
vt 0.524366 0.357014
vt 0.492965 0.336562
vt 0.443205 0.528073
vt 0.506400 0.335608
vt 0.531946 0.345889
vt 0.517710 0.482990
vt 0.509098 0.476121
vt 0.522156 0.467114
vt 0.497348 0.333634
vt 0.527721 0.335101
vt 0.469181 0.516964
vt 0.571047 0.438187
vt 0.586224 0.404662
vt 0.438431 0.514931
vt 0.422228 0.530326
vt 0.712439 0.524833
vt 0.699163 0.523421
vt 0.716097 0.504084
vt 0.685522 0.555061
vt 0.674530 0.548518
vt 0.687562 0.542318
vt 0.673145 0.561456
vt 0.681924 0.577813
vt 0.671493 0.574184
vt 0.691071 0.568247
vt 0.705859 0.562145
vt 0.709687 0.540440
vt 0.690857 0.529346
vt 0.510101 0.448715
vt 0.513599 0.441797
vt 0.519400 0.451343
vt 0.562581 0.448115
vt 0.573752 0.458362
vt 0.301998 0.494136
vt 0.293268 0.502839
vt 0.291426 0.483073
vt 0.346149 0.451322
vt 0.335051 0.467372
vt 0.332011 0.455684
vt 0.591704 0.392696
vt 0.292509 0.437626
vt 0.305135 0.442447
vt 0.297689 0.452781
vt 0.366349 0.536180
vt 0.359490 0.531197
vt 0.367071 0.524179
vt 0.327850 0.578632
vt 0.311877 0.578535
vt 0.334921 0.559524
vt 0.364103 0.569867
vt 0.341646 0.589083
vt 0.354418 0.570012
vt 0.318748 0.510320
vt 0.310976 0.500798
vt 0.328671 0.496250
vt 0.336898 0.524953
vt 0.330092 0.514470
vt 0.343765 0.514397
vt 0.307802 0.476387
vt 0.317110 0.480307
vt 0.308879 0.487775
vt 0.304882 0.464250
vt 0.319846 0.464979
vt 0.283272 0.544025
vt 0.285500 0.523515
vt 0.304124 0.521574
vt 0.323785 0.448921
vt 0.334013 0.441188
vt 0.325222 0.554140
vt 0.378987 0.537360
vt 0.374363 0.550558
vt 0.372079 0.540988
vt 0.520711 0.549973
vt 0.308918 0.455683
vt 0.327094 0.480466
vt 0.350766 0.526079
vt 0.354346 0.516095
vt 0.341670 0.546463
vt 0.353805 0.539333
vt 0.351884 0.552325
vt 0.375824 0.572180
vt 0.373843 0.565948
vt 0.382666 0.561378
vt 0.239748 0.551474
vt 0.257396 0.510513
vt 0.268721 0.524162
vt 0.362991 0.581684
vt 0.322485 0.548334
vt 0.329915 0.543983
vt 0.225371 0.529909
vt 0.229063 0.503291
vt 0.238354 0.501464
vt 0.323077 0.531878
vt 0.298070 0.548671
vt 0.310604 0.530401
vt 0.319402 0.489481
vt 0.339997 0.534872
vt 0.293757 0.463057
vt 0.259593 0.555058
vt 0.334975 0.549673
vt 0.343854 0.569224
vt 0.385207 0.549248
vt 0.277030 0.459400
vt 0.284779 0.455043
vt 0.285170 0.468317
vt 0.316907 0.544977
vt 0.302155 0.567384
vt 0.361891 0.559121
vt 0.297483 0.471424
vt 0.506546 0.486934
vt 0.244352 0.482628
vt 0.272646 0.491867
vt 0.277719 0.509073
vt 0.579357 0.477340
vt 0.315507 0.449597
vt 0.257031 0.463507
vt 0.287071 0.444205
vt 0.317511 0.521381
vt 0.550553 0.545045
vt 0.531347 0.488886
vt 0.517678 0.497934
vt 0.521608 0.430934
vt 0.509939 0.431550
vt 0.513659 0.423237
vt 0.338921 0.504116
vt 0.338860 0.480322
vt 0.344455 0.491301
vt 0.371506 0.561052
vt 0.364075 0.545988
vt 0.351209 0.503853
vt 0.346028 0.467977
vt 0.316131 0.430534
vt 0.297893 0.427966
vt 0.388096 0.594045
vt 0.381566 0.580887
vt 0.390214 0.582228
vt 0.370380 0.450722
vt 0.373661 0.464490
vt 0.358920 0.461707
vt 0.394818 0.522397
vt 0.382521 0.526632
vt 0.380651 0.516127
vt 0.389300 0.411398
vt 0.388778 0.394356
vt 0.398250 0.406572
vt 0.332971 0.427810
vt 0.401393 0.449859
vt 0.415483 0.446119
vt 0.417283 0.454650
vt 0.438297 0.460169
vt 0.437131 0.449013
vt 0.383509 0.448779
vt 0.374839 0.437786
vt 0.396683 0.542056
vt 0.392291 0.533968
vt 0.389081 0.542715
vt 0.404647 0.397308
vt 0.389127 0.435218
vt 0.363523 0.509610
vt 0.388769 0.476972
vt 0.393950 0.486626
vt 0.383655 0.481818
vt 0.362952 0.474832
vt 0.376274 0.371035
vt 0.370430 0.385645
vt 0.390122 0.572568
vt 0.398109 0.579494
vt 0.413887 0.570307
vt 0.411868 0.558558
vt 0.346064 0.403578
vt 0.354611 0.386155
vt 0.361479 0.407919
vt 0.435301 0.367971
vt 0.420684 0.346350
vt 0.370548 0.498235
vt 0.373334 0.509047
vt 0.370705 0.515295
vt 0.429697 0.382199
vt 0.420423 0.366846
vt 0.430227 0.405950
vt 0.426575 0.396011
vt 0.364579 0.424391
vt 0.355718 0.416005
vt 0.350905 0.478285
vt 0.358315 0.490172
vt 0.384628 0.502024
vt 0.402192 0.500354
vt 0.536609 0.572848
vt 0.427310 0.488025
vt 0.427594 0.478690
vt 0.436794 0.485042
vt 0.425024 0.417977
vt 0.418697 0.403508
vt 0.407421 0.479573
vt 0.418618 0.475108
vt 0.416809 0.489253
vt 0.429696 0.439769
vt 0.425069 0.430861
vt 0.427136 0.462470
vt 0.437476 0.470093
vt 0.387894 0.460123
vt 0.380825 0.490716
vt 0.393509 0.511322
vt 0.396416 0.469867
vt 0.383587 0.471985
vt 0.347142 0.428008
vt 0.337762 0.418449
vt 0.411995 0.465662
vt 0.404336 0.573505
vt 0.396686 0.564182
vt 0.406239 0.565073
vt 0.374446 0.405611
vt 0.380672 0.422468
vt 0.373194 0.481606
vt 0.373938 0.594777
vt 0.369875 0.585637
vt 0.400314 0.417856
vt 0.391656 0.556824
vt 0.401023 0.557116
vt 0.551681 0.470837
vt 0.413147 0.426386
vt 0.420085 0.438460
vt 0.372786 0.579154
vt 0.429365 0.583247
vt 0.421153 0.581424
vt 0.433715 0.574349
vt 0.355000 0.437581
vt 0.361566 0.444285
vt 0.391834 0.423165
vt 0.412854 0.583309
vt 0.415892 0.389339
vt 0.410050 0.411222
vt 0.333921 0.408648
vt 0.398043 0.378069
vt 0.445380 0.474940
vt 0.413761 0.376803
vt 0.413285 0.367915
vt 0.425444 0.448941
vt 0.407176 0.369372
vt 0.635081 0.465116
vt 0.630784 0.472295
vt 0.534640 0.453163
vt 0.404588 0.584427
vt 0.327530 0.419241
vt 0.394620 0.549538
vt 0.400866 0.431448
vt 0.410618 0.438346
vt 0.406062 0.513057
vt 0.359933 0.500438
vt 0.405019 0.488858
vt 0.620292 0.426152
vt 0.538970 0.474657
vt 0.533350 0.500043
vt 0.396572 0.587350
vt 0.440988 0.592053
vt 0.548331 0.563467
vt 0.584531 0.488215
vt 0.639332 0.442271
vt 0.529077 0.441180
vt 0.581896 0.380202
vt 0.503267 0.438347
vt 0.559762 0.528877
vt 0.567681 0.539978
vt 0.503503 0.445034
vt 0.560629 0.461546
vt 0.461677 0.593097
vt 0.451088 0.578880
vt 0.456651 0.573048
vt 0.625428 0.443684
vt 0.528819 0.530796
vt 0.539910 0.524755
vt 0.571222 0.487318
vt 0.568882 0.513636
vt 0.585249 0.504689
vt 0.585785 0.518732
vt 0.507028 0.454178
vt 0.533257 0.509459
vt 0.502994 0.537939
vt 0.508386 0.533349
vt 0.513356 0.508419
vt 0.610318 0.391233
vt 0.553392 0.515322
vt 0.499397 0.464452
vt 0.575613 0.528150
vt 0.617276 0.476803
vt 0.527741 0.502090
vt 0.625855 0.437025
vt 0.609032 0.371583
vt 0.629718 0.431065
vt 0.638291 0.508301
vt 0.656880 0.499868
vt 0.650271 0.511675
vt 0.647254 0.483648
vt 0.666255 0.487502
vt 0.633519 0.497978
vt 0.629355 0.486419
vt 0.641368 0.491906
vt 0.662864 0.516029
vt 0.649058 0.522502
vt 0.641591 0.515355
vt 0.638951 0.519451
vt 0.685457 0.490463
vt 0.682405 0.481605
vt 0.608300 0.572551
vt 0.624364 0.571179
vt 0.618063 0.587052
vt 0.604729 0.499299
vt 0.594592 0.541635
vt 0.609627 0.542658
vt 0.600175 0.555943
vt 0.667646 0.474381
vt 0.558241 0.592336
vt 0.547672 0.582227
vt 0.561608 0.569325
vt 0.646798 0.468670
vt 0.622890 0.505144
vt 0.621054 0.495605
vt 0.710631 0.470771
vt 0.685049 0.511711
vt 0.706918 0.492223
vt 0.689848 0.451063
vt 0.661762 0.461555
vt 0.628391 0.517524
vt 0.615374 0.487916
vt 0.651153 0.455596
vt 0.591719 0.569369
vt 0.616311 0.528441
vt 0.599599 0.522438
vt 0.610825 0.514347
vt 0.640082 0.548607
vt 0.630366 0.551670
vt 0.627146 0.541596
vt 0.634625 0.561652
vt 0.636038 0.573302
vt 0.586614 0.560191
vt 0.578459 0.556994
vt 0.586311 0.550201
vt 0.673436 0.520913
vt 0.583358 0.586702
vt 0.598137 0.579505
vt 0.594218 0.593303
vt 0.645598 0.536148
vt 0.678695 0.528810
vt 0.672946 0.539123
vt 0.663287 0.529485
vt 0.601377 0.533032
vt 0.653123 0.560328
vt 0.649334 0.570832
vt 0.646513 0.557450
vt 0.597195 0.511834
vt 0.658068 0.549130
vt 0.619357 0.556058
vt 0.665934 0.446233
vt 0.661037 0.565316
vt 0.634197 0.526837
vt 0.630324 0.582268
vt 0.641613 0.583951
vt 0.634790 0.590232
vt 0.574614 0.548836
vt 0.581274 0.539993
vt 0.589691 0.530393
vt 0.570123 0.577913
vt 0.571818 0.586658
vt 0.578115 0.568043
vt 0.564167 0.549794
vt 0.568734 0.557986
vt 0.669875 0.585802
vt 0.658412 0.594039
vt 0.607321 0.595240
vt 0.643077 0.597314
vt 0.627637 0.592835
vt 0.558791 0.556663
vt 0.452974 0.550864
vt 0.435004 0.541922
vt 0.466176 0.525919
vt 0.414565 0.536403
vt 0.459828 0.340422
vt 0.474269 0.523171
vn -0.999565 0.020981 0.020715
vn -0.999565 0.020981 0.020715
vn -0.999565 0.020981 0.020715
vn -0.042084 -0.995782 0.050309
vn -0.042084 -0.995782 0.050309
vn -0.085707 -0.988967 0.120823
vn -0.016145 -0.999835 0.008380
vn -0.669638 -0.581753 -0.459699
vn -0.649599 -0.552819 -0.510639
vn -0.649135 -0.499228 -0.565071
vn -0.639493 -0.410845 -0.646974
vn -0.619221 -0.424575 -0.659266
vn -0.680274 -0.477568 -0.547773
vn -0.664144 -0.385091 -0.636977
vn -0.593868 -0.347589 -0.721325
vn -0.571013 -0.307782 -0.759330
vn -0.554637 -0.288906 -0.780327
vn -0.600854 -0.366241 -0.707819
vn -0.668120 -0.604266 -0.434140
vn 0.594391 0.406274 -0.692863
vn 0.570890 0.406098 -0.712672
vn 0.569028 0.432256 -0.699544
vn 0.547668 0.060560 -0.830396
vn 0.535259 -0.104844 -0.834421
vn 0.535961 -0.062158 -0.838557
vn 0.541410 0.078140 -0.834948
vn 0.555547 0.165881 -0.812732
vn 0.566824 0.192470 -0.797512
vn 0.577570 0.277269 -0.766028
vn 0.622360 0.380754 -0.683379
vn 0.622585 0.417874 -0.660661
vn 0.597532 0.369380 -0.710317
vn 0.595181 0.364905 -0.714520
vn 0.601710 0.327850 -0.727479
vn 0.582985 0.308605 -0.750421
vn 0.629483 0.393030 -0.670136
vn 0.619447 0.415132 -0.664334
vn 0.570664 0.266108 -0.770448
vn 0.513514 -0.193944 -0.835876
vn 0.641003 0.444595 -0.625660
vn 0.004441 -0.995627 -0.041759
vn 0.153940 -0.987615 0.011133
vn 0.154654 -0.987504 0.002335
vn 0.181115 -0.931575 -0.261777
vn 0.417361 -0.871490 -0.233360
vn 0.119318 -0.970730 -0.065403
vn 0.110668 -0.993704 0.017441
vn 0.121798 -0.992222 0.018914
vn 0.179952 -0.982199 0.029751
vn 0.163967 -0.938994 -0.241408
vn 0.444619 -0.842033 -0.301997
vn 0.135119 -0.989244 -0.049213
vn 0.078851 -0.978948 0.030477
vn 0.369619 -0.906354 0.172455
vn 0.402022 -0.891819 0.189701
vn 0.567004 -0.786191 0.245784
vn 0.169421 -0.984448 0.034164
vn -0.018646 -0.997241 -0.020481
vn 0.148504 -0.971214 0.139530
vn 0.346813 -0.921630 0.170182
vn 0.399209 -0.892048 0.071633
vn 0.484993 -0.869416 -0.094114
vn -0.021781 -0.999164 -0.031511
vn -0.013821 -0.999658 -0.022208
vn 0.512048 -0.848630 -0.062505
vn -0.315391 -0.089987 -0.937231
vn -0.339744 -0.098210 -0.932042
vn -0.251634 0.035412 -0.967128
vn -0.505831 -0.334241 -0.794675
vn -0.449927 -0.242240 -0.856435
vn -0.479890 -0.307827 -0.819248
vn -0.389554 -0.215632 -0.890825
vn -0.417043 -0.238151 -0.871658
vn -0.347409 -0.103903 -0.931930
vn -0.392216 -0.168871 -0.900442
vn -0.167951 0.200062 -0.956073
vn -0.076473 0.307186 -0.941506
vn -0.254539 0.096518 -0.948964
vn -0.475615 -0.336009 -0.812111
vn -0.510326 -0.358289 -0.781781
vn -0.233083 0.028445 -0.968842
vn -0.216593 0.032363 -0.974907
vn -0.189316 0.092706 -0.976645
vn -0.371214 -0.101851 -0.922659
vn -0.310016 0.009266 -0.942923
vn -0.333354 -0.110665 -0.933645
vn -0.446867 -0.330968 -0.831124
vn -0.382032 -0.135200 -0.912677
vn 0.013654 0.396880 -0.917769
vn -0.027308 0.382906 -0.922774
vn -0.666818 -0.615946 -0.414734
vn -0.653551 -0.623042 -0.423454
vn -0.642596 -0.719179 -0.224904
vn -0.659094 -0.509641 -0.546458
vn -0.645517 -0.563192 -0.511939
vn -0.652733 -0.465921 -0.595894
vn -0.614618 -0.415228 -0.668203
vn -0.727463 -0.670686 -0.039280
vn -0.754731 -0.587237 -0.290198
vn -0.737404 -0.636362 -0.159420
vn -0.702093 -0.580454 -0.405432
vn -0.709073 -0.547098 -0.428839
vn -0.609299 -0.461061 -0.640986
vn -0.692734 -0.645056 -0.313442
vn -0.571158 -0.360227 -0.733656
vn -0.576807 -0.441384 -0.686888
vn -0.612567 -0.526521 -0.582408
vn -0.572934 -0.322738 -0.752494
vn -0.503347 -0.253318 -0.821859
vn -0.473346 -0.227397 -0.848091
vn -0.729459 -0.669985 0.130407
vn -0.689141 -0.702178 0.123655
vn -0.729192 -0.663167 0.168785
vn -0.661305 -0.720565 0.013370
vn -0.611276 -0.765344 0.114039
vn -0.442555 -0.176556 -0.879189
vn -0.647502 -0.714412 -0.197384
vn -0.634215 -0.746000 -0.155395
vn -0.626329 -0.663734 -0.401764
vn -0.277840 0.036034 -0.947306
vn -0.417986 -0.134597 -0.889880
vn -0.438548 -0.189870 -0.874146
vn -0.443434 -0.274506 -0.853093
vn -0.473186 -0.293623 -0.827486
vn -0.472091 -0.342142 -0.810628
vn -0.613500 -0.591942 -0.507816
vn -0.495105 -0.258683 -0.826346
vn -0.508056 -0.400999 -0.759578
vn -0.151808 0.200729 -0.967813
vn -0.213393 0.092250 -0.963999
vn -0.517935 -0.443873 -0.730645
vn -0.525429 -0.441727 -0.726896
vn -0.494208 -0.412264 -0.763992
vn -0.562950 -0.545266 -0.610181
vn -0.598634 -0.427895 -0.673125
vn -0.573424 -0.462030 -0.670826
vn -0.554209 -0.354692 -0.750383
vn -0.534899 -0.367465 -0.756462
vn -0.644382 -0.546352 -0.517217
vn -0.654109 -0.752676 -0.065495
vn -0.668675 -0.680932 -0.203445
vn -0.517130 -0.248778 -0.815180
vn -0.639322 -0.764555 -0.079736
vn -0.193332 -0.473390 0.854174
vn -0.110887 -0.391175 0.911953
vn -0.215658 -0.466302 0.854269
vn -0.389902 -0.640037 0.650844
vn -0.302659 -0.554054 0.773335
vn -0.328367 -0.579257 0.745869
vn -0.160253 -0.460925 0.868533
vn -0.073825 -0.371400 0.922646
vn -0.375863 -0.667248 0.630290
vn -0.260855 -0.540183 0.799015
vn -0.421969 -0.634253 0.638253
vn -0.541228 -0.705538 0.402364
vn -0.646557 -0.742703 0.159328
vn -0.543717 -0.696445 0.415239
vn -0.013241 -0.299720 0.952383
vn -0.684466 -0.701780 -0.091831
vn -0.711206 -0.590182 -0.353745
vn -0.749445 -0.545128 -0.340660
vn -0.672773 -0.698446 -0.165297
vn -0.207675 -0.445691 0.867596
vn -0.280375 -0.530310 0.798320
vn -0.160979 -0.392240 0.904824
vn 0.234550 -0.015966 0.971973
vn 0.148467 -0.106987 0.976826
vn 0.114865 -0.151103 0.976443
vn -0.715061 -0.467077 -0.520122
vn -0.063087 -0.328485 0.940276
vn -0.140007 -0.386634 0.910189
vn -0.661773 -0.738212 0.097220
vn 0.044570 -0.229691 0.971154
vn 0.035773 -0.253432 0.965696
vn -0.150605 0.189758 -0.962992
vn -0.038645 0.338122 -0.934218
vn -0.229166 0.176780 -0.943310
vn 0.019932 0.391847 -0.919814
vn 0.049732 0.362888 -0.928003
vn -0.008044 0.310297 -0.947619
vn -0.012184 0.308776 -0.948485
vn -0.546877 -0.110470 -0.826639
vn -0.525133 -0.200673 -0.822526
vn -0.487595 -0.162794 -0.851789
vn 0.135758 0.422290 -0.896205
vn 0.090710 0.397345 -0.910866
vn -0.418956 -0.057713 -0.887916
vn -0.433133 -0.182314 -0.880212
vn -0.470338 -0.233409 -0.850622
vn -0.467073 -0.055520 -0.881866
vn -0.430101 -0.051655 -0.897701
vn -0.341827 0.065794 -0.924169
vn -0.295054 0.039249 -0.934580
vn -0.125360 0.236394 -0.957942
vn -0.340649 -0.068597 -0.927845
vn 0.108697 0.451776 -0.884524
vn 0.069722 0.372171 -0.922818
vn 0.080017 0.440402 -0.892853
vn 0.080152 0.468499 -0.879173
vn 0.044934 0.432369 -0.900094
vn 0.129278 0.489583 -0.862320
vn -0.089745 0.320301 -0.935070
vn -0.634605 0.257015 0.726284
vn -0.565457 0.273257 0.773081
vn -0.605020 0.187986 0.770842
vn -0.539392 -0.134877 0.827821
vn -0.559680 -0.047197 0.823911
vn -0.496984 -0.055638 0.864210
vn -0.522420 0.135329 0.838647
vn -0.591789 0.070612 0.798406
vn -0.518683 0.028895 0.851841
vn -0.693757 -0.095204 0.709572
vn -0.708315 0.025926 0.702931
vn -0.656058 0.009058 0.750113
vn -0.654698 0.127868 0.740102
vn -0.572600 -0.156273 0.800709
vn -0.630657 -0.086823 0.768880
vn -0.621501 0.327441 0.708921
vn -0.633264 0.391697 0.659243
vn -0.593672 0.457985 0.652138
vn -0.750259 -0.139975 0.646157
vn -0.644923 -0.167797 0.737623
vn -0.588624 0.637703 0.495613
vn -0.577664 0.616913 0.530571
vn -0.602399 0.586832 0.540520
vn -0.506948 0.207849 0.834753
vn -0.472380 0.159125 0.864900
vn -0.516492 -0.274806 0.806957
vn -0.503384 -0.271610 0.815921
vn -0.477052 -0.334470 0.812240
vn -0.460221 -0.343316 0.818709
vn -0.497020 0.364954 0.786295
vn -0.499678 0.273955 0.819055
vn -0.527726 0.357838 0.767531
vn -0.533375 -0.263686 0.800666
vn -0.588521 0.656248 0.472209
vn -0.614692 0.525695 0.586618
vn -0.540521 0.558433 0.627495
vn -0.583961 0.558566 0.585859
vn 0.356617 0.148302 0.921336
vn 0.349517 0.165930 0.919714
vn 0.292714 0.098532 0.946545
vn 0.404226 0.227350 0.879894
vn 0.163594 -0.060756 0.973968
vn 0.284429 0.058523 0.954376
vn 0.337642 0.114168 0.932242
vn 0.347761 0.092182 0.930515
vn 0.282824 0.071237 0.942977
vn 0.358187 0.173091 0.915518
vn 0.363267 0.169599 0.912142
vn 0.331968 0.111277 0.935232
vn -0.009499 -0.281119 0.957546
vn -0.095038 -0.351911 0.927991
vn -0.092413 -0.351245 0.927372
vn 0.320361 0.090847 0.933715
vn 0.439202 0.264834 0.851544
vn -0.012537 -0.246070 0.967211
vn 0.012970 -0.238079 0.969304
vn 0.124307 -0.099248 0.976715
vn 0.031600 -0.211055 0.976340
vn 0.108226 -0.124512 0.979316
vn 0.095303 -0.150837 0.978756
vn 0.331540 0.119313 0.921428
vn 0.274104 0.042886 0.947829
vn 0.540201 0.339981 0.762408
vn 0.429582 0.205853 0.868566
vn 0.302881 0.101331 0.940296
vn 0.374393 0.174131 0.899175
vn 0.371368 0.139470 0.915500
vn 0.611022 0.393363 0.686943
vn 0.548005 0.372421 0.744434
vn 0.537795 0.333289 0.769080
vn 0.612516 0.404528 0.678934
vn 0.036416 -0.230398 0.971355
vn 0.175159 -0.089770 0.976395
vn -0.032091 -0.269791 0.961621
vn -0.147415 -0.417671 0.896182
vn -0.158495 -0.436609 0.885580
vn -0.112534 -0.985930 -0.016079
vn -0.133993 -0.971536 0.015415
vn -0.066565 -0.997433 -0.018754
vn -0.881874 -0.085320 0.458096
vn -0.887809 -0.274632 0.334452
vn -0.833763 -0.153043 0.513080
vn -0.598845 -0.756747 0.083205
vn -0.729707 -0.627416 0.186485
vn -0.868767 -0.455090 0.174105
vn -0.674468 -0.619522 0.277668
vn -0.908635 -0.387804 0.147729
vn -0.880639 -0.464562 0.070357
vn -0.868807 -0.476910 0.124612
vn -0.417808 -0.887497 0.111479
vn -0.686907 -0.526248 0.357640
vn -0.932581 -0.053571 0.350992
vn -0.924692 -0.145443 0.338171
vn -0.902329 -0.019766 0.423949
vn -0.916623 0.041872 0.396345
vn -0.893896 0.073073 0.441939
vn -0.854528 -0.450439 0.215654
vn -0.756348 -0.077369 0.625886
vn -0.796242 -0.027309 0.592951
vn -0.611336 -0.746875 0.015571
vn -0.912945 -0.396964 0.089451
vn -0.689651 -0.643703 0.076216
vn -0.492108 -0.855298 0.107840
vn -0.662288 -0.031877 0.745891
vn -0.681579 -0.427440 0.466867
vn -0.921886 -0.313450 0.215022
vn -0.939406 -0.209392 0.262000
vn -0.897662 -0.438367 0.032812
vn -0.526802 -0.827351 0.064984
vn -0.344884 -0.919849 0.054410
vn -0.861575 -0.003701 0.502171
vn -0.861326 0.083119 0.499010
vn -0.924947 -0.356524 0.129270
vn -0.928228 -0.317534 0.186732
vn -0.704967 -0.134131 0.688740
vn -0.728651 -0.588031 0.211243
vn -0.764667 -0.630739 -0.037497
vn -0.842552 0.129979 0.522696
vn -0.844535 0.107862 0.523938
vn -0.708997 -0.302221 0.517135
vn -0.047972 -0.997143 0.007552
vn -0.024192 -0.990123 0.066014
vn -0.630404 0.657912 0.410995
vn -0.619327 0.679685 0.391926
vn -0.653359 0.640803 0.402179
vn -0.689400 0.646169 0.326514
vn -0.699954 0.625484 0.341339
vn -0.652493 0.656319 0.377467
vn -0.572483 0.554448 0.602107
vn -0.610404 0.573501 0.545090
vn -0.586726 0.554777 0.587457
vn -0.644296 0.663458 0.379604
vn -0.594821 0.697263 0.399718
vn -0.615983 0.681222 0.394425
vn -0.703262 0.628562 0.329240
vn -0.728432 0.629217 0.269434
vn -0.724169 0.601112 0.336782
vn -0.587119 0.538311 0.603280
vn -0.573735 0.524322 0.628705
vn -0.650626 0.624396 0.430421
vn -0.641161 0.615881 0.456351
vn -0.609357 0.597429 0.520579
vn -0.630752 0.601863 0.487932
vn -0.603075 0.669807 0.431183
vn -0.586784 0.692625 0.417682
vn -0.575252 0.680956 0.452934
vn -0.565205 0.710646 0.418063
vn -0.591981 0.693594 0.408947
vn -0.541197 0.537038 0.646900
vn -0.752993 0.594549 0.275778
vn -0.777358 0.591898 0.211899
vn -0.755997 0.607220 0.239913
vn -0.760173 0.613645 0.213269
vn -0.579158 0.695285 0.423718
vn -0.607520 0.689080 0.394528
vn -0.598590 0.702555 0.384625
vn -0.606202 0.646057 0.461618
vn -0.630500 0.578196 0.517145
vn -0.621398 0.563262 0.544502
vn -0.627864 0.594895 0.500708
vn -0.597280 0.698594 0.392419
vn -0.621347 0.588896 0.515694
vn -0.622598 0.642582 0.445347
vn -0.628239 0.554660 0.545410
vn -0.614891 0.544372 0.570019
vn -0.600374 0.638248 0.480427
vn -0.670191 0.614399 0.412656
vn -0.643472 0.567629 0.512203
vn -0.603998 0.568700 0.557040
vn -0.721618 0.620723 0.306161
vn -0.723114 0.620915 0.300360
vn -0.574926 0.576978 0.578821
vn -0.682894 0.630282 0.366790
vn -0.630851 0.544207 0.552975
vn -0.628278 0.602191 0.491707
vn -0.750555 0.621721 0.223146
vn -0.596262 0.527935 0.604778
vn -0.229950 -0.450148 0.861113
vn -0.209478 -0.491433 0.837269
vn -0.324546 -0.541208 0.772858
vn -0.183033 -0.363629 0.911881
vn -0.104386 -0.282017 0.951164
vn -0.136015 -0.301856 0.942405
vn -0.081844 -0.415509 0.904849
vn -0.064787 -0.392946 0.917239
vn -0.052215 -0.377409 0.924129
vn -0.049662 -0.373821 0.925650
vn -0.085080 -0.273670 0.955828
vn -0.056947 -0.305888 0.948354
vn -0.100316 -0.339351 0.933775
vn -0.044835 -0.279611 0.956200
vn -0.158302 -0.380895 0.908870
vn 0.212166 0.063184 0.972007
vn 0.143033 -0.045434 0.982694
vn 0.101306 -0.107538 0.986226
vn -0.401744 -0.601572 0.659056
vn -0.561207 -0.603621 0.560006
vn -0.357069 -0.593015 0.709086
vn -0.387341 -0.651257 0.641660
vn -0.328398 -0.562408 0.758570
vn -0.392254 -0.600361 0.691316
vn -0.270550 -0.583990 0.759026
vn -0.502937 -0.658142 0.536129
vn -0.335659 -0.636296 0.694519
vn -0.011964 -0.195985 0.975744
vn 0.050646 -0.155455 0.981409
vn -0.164506 -0.348451 0.921811
vn -0.123649 -0.399885 0.906944
vn -0.043401 -0.350567 0.934995
vn -0.567216 -0.761590 0.293953
vn -0.573331 -0.805797 0.148265
vn -0.541448 -0.778764 0.272589
vn -0.316228 -0.571758 0.756996
vn 0.034209 -0.168089 0.981940
vn -0.315886 -0.552511 0.769915
vn -0.296155 -0.541172 0.785315
vn -0.251516 -0.504242 0.824810
vn -0.076579 -0.397641 0.913785
vn -0.329078 -0.573716 0.745526
vn -0.499517 -0.689415 0.494775
vn 0.223605 0.001176 0.974285
vn 0.161818 -0.022965 0.986043
vn -0.254616 -0.498528 0.826195
vn -0.189253 -0.435833 0.878961
vn -0.516765 -0.719342 0.436431
vn -0.616343 -0.637072 0.454815
vn -0.572149 -0.707534 0.410581
vn -0.097216 -0.435214 0.891573
vn -0.183377 -0.515333 0.833443
vn -0.666082 -0.659450 0.348512
vn -0.186424 -0.524704 0.827832
vn -0.641219 -0.573671 0.509646
vn 0.245586 0.058324 0.965718
vn 0.037547 -0.221492 0.973311
vn -0.026204 -0.329724 0.943686
vn -0.086795 -0.346209 0.930556
vn -0.202901 -0.364145 0.907568
vn -0.259230 -0.349720 0.898995
vn -0.222385 -0.397861 0.889022
vn -0.107262 -0.188756 0.972618
vn -0.042731 -0.146919 0.985676
vn -0.068684 -0.060492 0.994187
vn -0.100463 -0.587133 0.792515
vn -0.165328 -0.449884 0.876258
vn -0.147864 -0.462903 0.873126
vn -0.006439 0.005112 0.997238
vn -0.034921 0.065281 0.995869
vn -0.239269 -0.782212 0.514415
vn -0.226056 -0.640448 0.675038
vn -0.340838 -0.421721 0.835817
vn -0.093441 -0.284858 0.952336
vn 0.018657 0.141506 0.988016
vn 0.033619 0.094013 0.993258
vn 0.038264 0.189024 0.980550
vn -0.157855 -0.330135 0.926976
vn -0.119010 -0.421628 0.895095
vn 0.014458 -0.068084 0.995321
vn 0.012436 -0.201318 0.976658
vn -0.205510 -0.291619 0.932841
vn 0.078937 -0.224634 0.968520
vn 0.114645 -0.324078 0.938422
vn 0.069308 -0.316239 0.944158
vn -0.287340 -0.288291 0.912758
vn -0.337778 -0.381005 0.860192
vn -0.348108 -0.365764 0.862335
vn -0.368774 -0.380762 0.847716
vn -0.290141 -0.373604 0.880421
vn -0.319430 -0.322809 0.888906
vn -0.191563 -0.452397 0.866178
vn -0.154244 -0.478882 0.863165
vn 0.081011 -0.433642 0.895341
vn -0.050359 -0.466736 0.878801
vn 0.053067 -0.624062 0.760106
vn -0.147260 -0.205890 0.964997
vn 0.076208 -0.744196 0.647765
vn 0.156601 -0.519575 0.837771
vn 0.026415 -0.387571 0.920171
vn -0.346903 -0.285790 0.892480
vn -0.331361 -0.259174 0.907111
vn -0.328186 -0.624314 0.639964
vn 0.025434 0.226982 0.973567
vn -0.044270 -0.316383 0.944344
vn -0.130335 -0.965219 0.219746
vn -0.120000 -0.945486 0.278326
vn -0.233516 -0.923689 0.296613
vn -0.044654 0.081682 0.994486
vn -0.114660 -0.771362 0.578389
vn -0.172697 -0.590880 0.775464
vn -0.060907 -0.666595 0.715615
vn -0.120015 -0.684155 0.691900
vn -0.022102 -0.903364 0.414422
vn -0.094474 -0.952753 0.271516
vn -0.112561 -0.850393 0.462958
vn -0.106110 -0.880914 0.414123
vn -0.058493 -0.912861 0.370319
vn -0.997973 0.033003 -0.006329
vn -0.989029 -0.037231 -0.114609
vn -0.995849 0.060861 -0.066364
vn -0.928067 -0.350842 -0.002424
vn -0.848468 -0.454505 0.225198
vn -0.927709 -0.354642 0.108583
vn -0.508833 -0.288213 -0.807917
vn -0.488077 -0.237938 -0.837057
vn -0.520130 -0.282326 -0.805184
vn -0.768146 -0.552701 -0.319636
vn -0.778016 -0.596662 -0.180479
vn -0.792654 -0.561793 -0.211246
vn -0.998225 0.033175 -0.006109
vn -0.991826 -0.027573 -0.099181
vn -0.539764 -0.323174 -0.776220
vn -0.490537 -0.227671 -0.837728
vn -0.969798 -0.055413 -0.214656
vn -0.960600 -0.044258 -0.266567
vn -0.900194 -0.068464 -0.412659
vn -0.884578 -0.403100 -0.119211
vn -0.803653 -0.495161 -0.327051
vn -0.859621 -0.457853 0.113334
vn -0.848022 -0.510584 -0.002315
vn -0.821347 -0.345700 -0.445066
vn -0.688495 -0.368674 -0.614644
vn -0.776137 -0.436039 -0.444002
vn -0.467636 -0.213565 -0.855841
vn -0.471753 -0.212123 -0.855248
vn -0.873270 -0.378445 -0.274689
vn -0.687398 -0.474781 -0.542579
vn -0.801323 -0.506055 0.298112
vn -0.781170 -0.270398 -0.551147
vn -0.902051 -0.062125 -0.410672
vn -0.548365 -0.122693 -0.823937
vn -0.663260 -0.156007 -0.720932
vn -0.732646 -0.055203 -0.660497
vn -0.611266 -0.406656 -0.676378
vn -0.460451 -0.242062 -0.853961
vn -0.768511 -0.505011 -0.386018
vn -0.786418 -0.550523 0.271808
vn -0.587257 -0.394698 -0.704282
vn -0.633597 -0.453694 -0.623766
vn -0.574228 -0.373840 -0.724621
vn -0.964984 -0.243286 0.047961
vn -0.476514 -0.260194 -0.838689
vn -0.516532 -0.306564 -0.794326
vn -0.556880 -0.330028 -0.758172
vn -0.777174 -0.536842 0.327164
vn -0.985995 -0.129538 -0.040489
vn -0.963282 -0.241983 0.097092
vn -0.983436 -0.168032 0.064735
vn -0.969517 -0.060815 -0.218859
vn -0.901068 -0.147133 -0.391460
vn -0.905140 -0.244277 -0.315585
vn -0.968856 -0.231878 -0.041677
vn -0.465357 -0.187507 -0.864308
vn -0.584964 -0.253869 -0.755795
vn -0.975932 -0.111343 -0.182349
vn -0.979324 -0.151023 -0.124383
vn -0.714224 -0.517084 -0.461392
vn -0.575317 -0.379819 -0.721174
vn -0.929495 -0.315881 -0.149547
vn -0.984696 -0.059866 -0.156043
vn -0.767400 -0.532386 0.357299
vn -0.807641 -0.115758 -0.562128
vn -0.438498 -0.191086 -0.878183
vn 0.673667 0.401772 0.610620
vn 0.647268 0.456696 0.597441
vn 0.628938 0.443437 0.614795
vn 0.724305 0.408412 0.555086
vn 0.701546 0.419764 0.574750
vn 0.724002 0.368855 0.581889
vn 0.811219 -0.512966 0.271381
vn 0.850108 -0.471616 0.232576
vn 0.854453 -0.430599 0.276388
vn 0.643693 0.451835 0.612586
vn 0.660944 0.463037 0.586744
vn 0.915789 -0.027436 0.393989
vn 0.892277 0.003391 0.442049
vn 0.901040 -0.168748 0.387593
vn 0.813403 0.306744 0.491157
vn 0.764014 0.319139 0.559105
vn 0.782755 0.264988 0.561869
vn 0.697383 0.380724 0.606091
vn 0.727484 0.338809 0.596361
vn 0.844500 0.024153 0.526891
vn 0.799381 0.114459 0.586761
vn 0.820384 -0.107677 0.543342
vn 0.758933 0.270495 0.591687
vn 0.774421 0.209212 0.595920
vn 0.797152 0.183481 0.572524
vn 0.831023 -0.495868 0.248074
vn 0.779840 0.347625 0.519076
vn 0.743359 0.342878 0.573461
vn 0.808229 0.138562 0.569677
vn 0.776071 0.244823 0.578373
vn 0.642385 -0.700029 0.282782
vn 0.627831 -0.662911 0.370464
vn 0.572752 -0.768493 0.280540
vn 0.898097 -0.276675 0.331976
vn 0.923902 -0.151440 0.348084
vn 0.855628 -0.378641 0.343738
vn 0.865817 -0.208946 0.434361
vn 0.783373 -0.477264 0.380189
vn 0.758657 0.311755 0.571065
vn 0.799614 0.218463 0.552817
vn 0.572113 -0.690325 0.423425
vn 0.895655 0.121238 0.423550
vn 0.800062 -0.072913 0.579610
vn 0.922509 -0.243546 0.296845
vn 0.738678 0.316855 0.594763
vn 0.808011 0.000362 0.572752
vn 0.750083 -0.371140 0.531546
vn 0.788702 -0.523528 0.312259
vn 0.847728 0.125298 0.511328
vn 0.861841 0.194671 0.463604
vn 0.819602 0.224239 0.525390
vn 0.679809 -0.667818 0.265356
vn 0.589613 -0.765608 0.256629
vn 0.668519 -0.673312 0.275200
vn 0.732196 -0.520528 0.433315
vn 0.792362 -0.372855 0.468044
vn 0.701317 -0.497217 0.507865
vn 0.747635 0.369140 0.551776
vn 0.851438 0.270772 0.446582
vn 0.748016 0.307257 0.587293
vn 0.761769 -0.290690 0.563957
vn 0.635008 0.512002 0.576954
vn 0.656544 0.500549 0.564033
vn 0.618034 0.535650 0.574743
vn 0.690050 0.456901 0.560497
vn 0.823274 0.332537 0.459353
vn 0.601505 0.546958 0.582252
vn 0.603495 0.544133 0.582848
vn -0.857129 -0.497173 -0.040144
vn -0.890760 -0.441077 -0.065687
vn -0.856411 -0.484275 0.127488
vn -0.487862 -0.408331 0.769076
vn -0.478883 -0.441284 0.757887
vn -0.533512 -0.462582 0.705301
vn -0.836456 -0.434185 0.318939
vn -0.844783 -0.367042 0.386542
vn -0.779391 -0.398409 0.467618
vn -0.433735 -0.534503 0.721765
vn -0.554459 -0.581715 0.587983
vn -0.547915 -0.534902 0.636889
vn -0.350030 -0.492596 0.795031
vn -0.317568 -0.457620 0.830489
vn -0.372655 -0.486556 0.788200
vn -0.683687 -0.416404 0.595922
vn -0.697749 -0.477005 0.524404
vn -0.687931 -0.666323 0.277432
vn -0.746206 -0.650105 0.106928
vn -0.761930 -0.631856 0.067118
vn -0.781203 -0.605768 -0.102937
vn -0.794036 -0.605938 -0.046097
vn -0.363060 -0.489540 0.791733
vn -0.325249 -0.451551 0.830839
vn -0.303214 -0.505460 0.804071
vn -0.770248 -0.554228 0.313030
vn -0.810329 -0.495742 0.305645
vn -0.760557 -0.505660 0.398565
vn -0.300563 -0.531178 0.790096
vn -0.457802 -0.617730 0.621451
vn -0.451730 -0.592643 0.648207
vn -0.695992 -0.608198 0.372275
vn -0.737894 -0.621006 0.242419
vn -0.470084 -0.499883 0.725391
vn -0.809680 -0.567151 0.035524
vn -0.866616 -0.467511 -0.173294
vn -0.589149 -0.670345 0.431288
vn -0.755022 -0.634206 0.111555
vn -0.443323 -0.423539 0.789695
vn -0.646277 -0.350491 0.671345
vn -0.720555 -0.302806 0.620735
vn -0.670992 -0.271368 0.685903
vn -0.703557 -0.663866 0.236263
vn -0.771140 -0.613709 -0.028199
vn -0.820126 -0.532295 0.186055
vn -0.258250 -0.541185 0.798643
vn -0.272413 -0.505337 0.817237
vn -0.234137 -0.507261 0.829186
vn -0.424407 -0.484176 0.763357
vn -0.391826 -0.562772 0.706821
vn -0.243464 -0.477448 0.843678
vn -0.599444 -0.631784 0.479450
vn -0.248723 -0.494013 0.831962
vn -0.257762 -0.482339 0.835001
vn -0.661452 -0.555331 0.494030
vn -0.638633 -0.673233 0.369501
vn -0.791039 -0.554403 -0.258639
vn -0.907072 -0.388446 0.092016
vn -0.927163 -0.361771 -0.066670
vn -0.616963 -0.475471 0.623352
vn -0.573422 -0.398821 0.712579
vn -0.432931 -0.415714 0.799846
vn -0.590047 -0.318086 0.739276
vn -0.723411 -0.247488 0.642822
vn -0.920940 -0.369447 -0.119539
vn -0.832771 -0.323610 0.440356
vn -0.893223 -0.367309 0.241046
vn -0.932474 -0.349585 -0.091011
vn -0.934387 -0.327253 0.068242
vn -0.760281 -0.296674 0.575088
vn 0.439536 0.450228 -0.776764
vn 0.356076 0.487358 -0.794774
vn 0.432406 0.485761 -0.758605
vn 0.252249 0.288153 -0.918286
vn 0.203125 0.150568 -0.964542
vn 0.188170 0.275516 -0.939990
vn 0.281753 0.503463 -0.816322
vn 0.263355 0.520999 -0.811890
vn 0.299703 0.519875 -0.799059
vn 0.498686 0.456598 -0.736257
vn 0.489228 0.431159 -0.757729
vn 0.475641 0.459243 -0.749032
vn 0.386104 0.417361 -0.819477
vn 0.548625 0.320107 -0.771623
vn 0.494803 0.337583 -0.797907
vn 0.510380 0.399340 -0.760216
vn 0.227298 0.400747 -0.885764
vn 0.275147 0.405885 -0.870429
vn 0.261061 0.336694 -0.903068
vn 0.268286 0.479238 -0.834484
vn 0.437716 -0.151139 -0.882726
vn 0.400861 -0.098701 -0.910186
vn 0.427428 -0.025060 -0.903157
vn 0.526463 0.187153 -0.826821
vn 0.468477 0.220636 -0.853951
vn 0.523808 0.266231 -0.807348
vn 0.206562 0.329995 -0.919386
vn 0.464207 0.403275 -0.787877
vn 0.305180 0.452443 -0.837506
vn 0.321659 0.356255 -0.874609
vn 0.191906 0.042644 -0.977784
vn 0.181582 -0.003057 -0.982843
vn 0.184211 0.107580 -0.975078
vn 0.415852 0.307458 -0.852243
vn 0.374450 0.517868 -0.768506
vn 0.360158 -0.096721 -0.924213
vn 0.242006 -0.080092 -0.963439
vn 0.384161 0.039286 -0.909469
vn 0.432247 0.134813 -0.890778
vn 0.432633 0.062550 -0.896218
vn 0.393953 0.179361 -0.899854
vn 0.204607 0.407931 -0.889400
vn 0.241565 0.460389 -0.852147
vn 0.217090 0.310323 -0.924617
vn 0.344148 0.253762 -0.901689
vn 0.299137 0.180560 -0.932961
vn 0.202391 0.369593 -0.906595
vn 0.215627 0.393936 -0.893346
vn 0.204417 0.336953 -0.917315
vn 0.280051 0.117970 -0.942372
vn 0.194421 0.224086 -0.953217
vn 0.193228 0.214289 -0.955745
vn 0.196353 0.283307 -0.937455
vn 0.407319 0.200719 -0.889884
vn 0.497711 0.130366 -0.855415
vn 0.271680 -0.142624 -0.950312
vn 0.358278 -0.157774 -0.918210
vn 0.192120 -0.070396 -0.977558
vn 0.465978 0.049450 -0.881233
vn 0.520304 0.010688 -0.850647
vn 0.492955 -0.050164 -0.865981
vn 0.490184 -0.321542 -0.809866
vn 0.452893 -0.265373 -0.848865
vn 0.501765 -0.212245 -0.830411
vn 0.516734 -0.106483 -0.846702
vn 0.174385 0.152354 -0.971996
vn 0.518720 -0.268059 -0.808635
vn 0.505462 -0.329316 -0.797533
vn 0.159919 0.261282 -0.951923
vn -0.949833 -0.113142 0.253507
vn -0.903136 -0.182822 0.379169
vn -0.930207 -0.217477 0.271400
vn -0.963098 -0.244587 -0.073650
vn -0.966014 -0.184140 -0.169925
vn -0.974172 -0.198508 -0.070458
vn -0.621983 0.618217 0.480262
vn -0.619035 0.631669 0.465186
vn -0.655993 0.569098 0.492901
vn -0.786022 -0.122575 0.603789
vn -0.792893 -0.026166 0.606473
vn -0.772147 -0.089082 0.626383
vn -0.807182 -0.190349 0.554183
vn -0.834959 -0.073169 0.540847
vn -0.634290 0.632758 0.442363
vn -0.629305 0.629120 0.452967
vn -0.608552 0.663040 0.435373
vn -0.768608 0.028486 0.636309
vn -0.853385 -0.235761 0.460661
vn -0.858079 -0.164886 0.480373
vn -0.989271 0.098728 0.079583
vn -0.995838 0.033720 0.011773
vn -0.978601 0.150541 -0.046741
vn -0.873619 -0.089287 0.475766
vn -0.817283 0.039413 0.569917
vn -0.855298 0.043156 0.508295
vn -0.820592 0.142048 0.549257
vn -0.986915 0.016743 -0.133391
vn -0.990437 -0.104084 -0.020056
vn -0.905811 -0.008471 0.408172
vn -0.966309 -0.006119 -0.240181
vn -0.975870 -0.113250 -0.164971
vn -0.965394 -0.131865 -0.221889
vn -0.746189 0.460555 0.476106
vn -0.708731 0.525976 0.464934
vn -0.715271 0.467733 0.515107
vn -0.976237 -0.187270 0.076787
vn -0.783763 0.451536 0.417459
vn -0.619181 0.641176 0.452809
vn -0.933941 0.245778 0.208150
vn -0.948100 0.298923 0.022904
vn -0.877585 0.401790 0.216884
vn -0.940788 0.070087 -0.323431
vn -0.938326 0.131914 -0.313574
vn -0.965237 0.084130 -0.221847
vn -0.853354 0.184564 0.476956
vn -0.788834 -0.247917 0.559089
vn -0.769090 -0.186267 0.609291
vn -0.767742 0.107220 0.628622
vn -0.963134 0.227479 -0.142593
vn -0.985309 -0.069726 0.105589
vn -0.730417 0.131083 0.668548
vn -0.749274 0.187113 0.632139
vn -0.971353 0.063955 0.203822
vn -0.718663 0.228577 0.652757
vn -0.731435 0.280476 0.618746
vn -0.710162 0.380970 0.588356
vn -0.891691 -0.246899 0.376644
vn -0.788698 0.256425 0.554351
vn -0.820755 0.328674 0.459322
vn -0.784538 0.344063 0.508904
vn -0.871541 0.280139 0.388613
vn -0.837090 0.420532 0.336388
vn -0.668042 0.548080 0.500637
vn -0.736054 0.371404 0.561836
vn -0.782822 0.490947 0.380522
vn -0.923043 0.100724 0.349906
vn -0.697878 0.468384 0.538146
vn -0.909715 0.108339 -0.400850
vn -0.811848 0.488277 0.319817
vn -0.660892 0.571586 0.483380
vn -0.638365 0.614073 0.464115
vn -0.680812 0.496334 0.535754
vn -0.651952 0.574627 0.492030
vn 0.093885 -0.669498 -0.701901
vn 0.124026 -0.724252 -0.630386
vn -0.003819 -0.916819 -0.324166
vn -0.014444 -0.123227 -0.990779
vn 0.007547 -0.228124 -0.971447
vn -0.042140 -0.237279 -0.968141
vn -0.170403 -0.555128 -0.800073
vn -0.085196 -0.877867 -0.343051
vn -0.123389 -0.847138 -0.350476
vn 0.451398 -0.644211 -0.607077
vn 0.309368 -0.793913 -0.476075
vn 0.409079 -0.663746 -0.621069
vn 0.361898 -0.613213 -0.689793
vn 0.135908 0.136884 -0.979985
vn 0.110222 0.105213 -0.985624
vn 0.111389 0.186728 -0.976066
vn 0.353394 -0.389547 -0.849512
vn 0.385912 -0.506356 -0.765302
vn 0.298614 -0.446769 -0.838650
vn 0.090164 -0.038613 -0.993393
vn 0.140170 0.004990 -0.989254
vn 0.238464 -0.806882 -0.480214
vn -0.053282 -0.345007 -0.934142
vn -0.094379 -0.413947 -0.904541
vn -0.124174 -0.358892 -0.923155
vn 0.151193 0.030297 -0.986896
vn 0.077772 0.171096 -0.981413
vn 0.190216 -0.128292 -0.972675
vn 0.186018 -0.200096 -0.960917
vn 0.160695 -0.130805 -0.976689
vn 0.226646 -0.189999 -0.954064
vn 0.061997 -0.537176 -0.841109
vn -0.016588 -0.704037 -0.671193
vn 0.031471 -0.513117 -0.856985
vn 0.093497 -0.516635 -0.849624
vn -0.119437 -0.987929 -0.098294
vn 0.161630 -0.523706 -0.835426
vn 0.155925 -0.234742 -0.958724
vn 0.161621 -0.327225 -0.929115
vn 0.042998 0.108812 -0.991603
vn 0.226483 -0.315267 -0.915669
vn 0.190740 -0.426442 -0.882762
vn -0.237550 -0.398113 -0.884361
vn -0.240108 -0.424221 -0.869641
vn -0.321048 -0.380710 -0.867157
vn 0.124941 -0.309501 -0.941274
vn 0.115378 -0.184899 -0.974064
vn 0.300693 -0.308653 -0.899454
vn 0.022572 0.105049 -0.993481
vn 0.021832 -0.761581 -0.583482
vn 0.151525 -0.495453 -0.853622
vn 0.047093 0.007335 -0.996986
vn 0.252706 -0.552240 -0.791846
vn 0.157462 -0.046625 -0.985820
vn 0.133733 -0.072992 -0.987161
vn 0.068338 -0.307923 -0.945216
vn 0.117183 -0.419063 -0.898291
vn 0.053306 -0.452383 -0.887956
vn 0.483730 -0.520443 -0.696454
vn 0.009882 -0.358391 -0.931469
vn -0.040961 -0.487096 -0.870450
vn -0.019800 -0.449558 -0.891585
vn 0.233082 -0.512561 -0.823234
vn 0.070017 -0.147597 -0.984149
vn 0.020827 -0.092538 -0.992747
vn 0.017680 0.019561 -0.997998
vn -0.168822 -0.388613 -0.904934
vn -0.144462 -0.432830 -0.887680
vn -0.100233 -0.566311 -0.809882
vn 0.539024 -0.438934 -0.717124
vn -0.302453 -0.373441 -0.874173
vn -0.242974 -0.478047 -0.827780
vn -0.186133 -0.363739 -0.912555
vn -0.200221 -0.398156 -0.894979
vn 0.346772 0.616615 -0.704412
vn 0.395178 0.617140 -0.677944
vn 0.350849 0.603413 -0.713532
vn 0.595880 0.699901 -0.387359
vn 0.662532 0.655454 -0.358768
vn 0.601444 0.665615 -0.432288
vn 0.239892 0.486067 -0.840287
vn 0.287148 0.504097 -0.810561
vn 0.314201 0.516342 -0.791320
vn 0.375887 0.500450 -0.779352
vn 0.380826 0.544151 -0.746280
vn 0.327565 0.515527 -0.791345
vn 0.285167 0.550909 -0.779010
vn 0.218585 0.542035 -0.807261
vn 0.544369 0.675898 -0.494331
vn 0.532572 0.678478 -0.503531
vn 0.457290 0.667330 -0.583430
vn 0.561801 0.672652 -0.479190
vn 0.525923 0.674809 -0.514808
vn 0.518436 0.655690 -0.544935
vn 0.386187 0.633977 -0.669789
vn 0.335562 0.624217 -0.703415
vn 0.269839 0.598053 -0.754480
vn 0.279080 0.584698 -0.761736
vn 0.297338 0.602443 -0.739369
vn 0.394902 0.602964 -0.688921
vn 0.443581 0.619464 -0.633063
vn 0.594713 0.716148 -0.361853
vn 0.660003 0.666369 -0.345446
vn 0.308611 0.542778 -0.769591
vn 0.693615 0.614960 -0.361506
vn 0.594824 0.607257 -0.523784
vn 0.615872 0.633814 -0.462456
vn 0.386957 0.645672 -0.655784
vn 0.432871 0.670068 -0.601303
vn 0.335215 0.634586 -0.695494
vn 0.375450 0.623468 -0.683855
vn 0.344024 0.614617 -0.707166
vn 0.315221 0.604266 -0.730958
vn 0.612830 0.693248 -0.371741
vn 0.686128 0.657935 -0.293615
vn 0.717197 0.641426 -0.266591
vn 0.427825 0.608594 -0.664306
vn 0.462777 0.629623 -0.616312
vn 0.392481 0.566977 -0.721346
vn 0.321233 0.604935 -0.726043
vn 0.293914 0.594132 -0.746537
vn 0.359745 0.601700 -0.709454
vn 0.788624 0.567252 -0.225085
vn 0.749798 0.601418 -0.260364
vn 0.818687 0.554204 -0.150365
vn 0.717211 0.629597 -0.296316
vn 0.347332 0.586442 -0.723980
vn 0.573319 0.570232 -0.588147
vn 0.565559 0.625950 -0.533550
vn 0.480616 0.542614 -0.679676
vn 0.405351 0.636032 -0.654247
vn 0.550275 0.709262 -0.433561
vn 0.340230 0.607105 -0.713162
vn 0.659869 0.685594 -0.298337
vn 0.481282 0.629801 -0.604435
vn 0.589122 0.713407 -0.379104
vn 0.525564 0.661386 -0.530466
vn 0.227023 0.484650 -0.843456
vn 0.240362 0.448192 -0.860694
vn 0.312162 0.611317 -0.726119
vn 0.311906 0.609107 -0.728238
vn 0.329919 0.598900 -0.729044
vn 0.359305 0.555914 -0.743762
vn 0.493145 0.647102 -0.579075
vn 0.474563 0.677064 -0.560084
vn 0.459833 0.683057 -0.563148
vn 0.572044 0.656538 -0.489973
vn 0.562512 0.695197 -0.446819
vn 0.553661 0.692231 -0.462679
vn 0.468736 0.637703 -0.605674
vn 0.437399 0.648823 -0.617268
vn 0.521578 0.669872 -0.525977
vn 0.494512 0.655117 -0.569192
vn 0.529336 0.685969 -0.494397
vn 0.238639 0.457918 -0.856349
vn 0.238984 0.466578 -0.851496
vn 0.328997 0.621382 -0.710792
vn 0.309046 0.476159 -0.820377
vn 0.643561 0.476647 0.595518
vn 0.663083 0.480725 0.571981
vn 0.601853 0.552242 0.575209
vn 0.657803 -0.521382 0.541046
vn 0.588559 -0.602896 0.533259
vn 0.541477 -0.697048 0.453532
vn 0.725649 -0.338603 0.586790
vn 0.670891 -0.461985 0.575062
vn 0.295783 -0.826289 0.438707
vn 0.444623 -0.685161 0.543670
vn 0.444995 -0.531522 0.720437
vn 0.614586 -0.475394 0.618644
vn 0.545378 -0.458336 0.696161
vn 0.491231 -0.672673 0.529249
vn 0.589613 0.560194 0.581272
vn 0.574284 0.570134 0.587002
vn 0.512383 -0.482677 0.706677
vn 0.629601 -0.283896 0.718305
vn 0.605615 -0.380816 0.696628
vn 0.779812 0.064153 0.600397
vn 0.789569 0.220741 0.565878
vn 0.764746 0.303570 0.566413
vn 0.709285 0.364686 0.602384
vn 0.726930 0.383410 0.568948
vn 0.729926 0.348586 0.586668
vn 0.713667 -0.276758 0.632251
vn 0.730920 0.325985 0.592741
vn 0.722401 0.151429 0.660095
vn 0.700665 -0.157059 0.681210
vn 0.554108 -0.327795 0.761033
vn 0.667811 0.302664 0.677883
vn 0.652107 0.303690 0.694037
vn 0.634189 0.217990 0.738592
vn 0.660571 0.425049 0.616365
vn 0.681096 0.410072 0.604433
vn 0.654633 0.041608 0.731333
vn 0.677025 0.309925 0.664171
vn 0.681715 0.399713 0.607557
vn 0.681414 0.397339 0.610963
vn 0.614934 -0.131050 0.767818
vn 0.591388 -0.099206 0.791828
vn 0.697394 0.365458 0.615276
vn 0.637702 0.159664 0.745097
vn 0.698451 0.362544 0.615867
vn 0.527871 -0.351966 0.770560
vn 0.554085 -0.215727 0.800186
vn 0.702367 0.349937 0.619660
vn 0.715573 0.346454 0.606269
vn 0.670866 0.296720 0.677136
vn 0.601998 0.061154 0.789753
vn 0.701607 0.363964 0.612316
vn 0.692544 0.360252 0.624443
vn 0.699742 0.353191 0.620925
vn 0.675319 0.400911 0.617314
vn 0.697940 0.361447 0.618095
vn 0.688034 0.371348 0.623132
vn 0.679929 0.348037 0.644749
vn 0.245315 -0.893353 0.299152
vn 0.660920 0.437974 0.608282
vn 0.462630 -0.773933 0.421721
vn 0.629838 0.482257 0.606007
vn 0.708666 0.356938 0.607651
vn 0.700865 0.416290 0.575662
vn 0.686154 0.413905 0.595369
vn 0.599508 0.549572 0.580995
vn 0.574613 0.592181 0.564635
vn 0.450718 -0.812118 0.368516
vn 0.579321 0.570568 0.581722
vn 0.785462 -0.070339 0.600418
vn 0.106881 -0.964369 0.207578
vn 0.066392 -0.987313 0.144238
vn 0.602168 0.560736 0.566527
vn 0.607404 0.544572 0.578345
vn 0.608707 0.546703 0.574954
vn 0.611878 0.539109 0.578621
vn 0.688134 0.469120 0.552277
vn 0.609140 0.545416 0.572660
vn 0.647405 0.502138 0.570347
vn 0.602057 0.558018 0.569998
vn 0.573459 0.559517 0.598402
vn 0.690541 0.431086 0.580660
vn 0.243774 0.411754 0.874383
vn 0.255530 0.484401 0.835084
vn 0.167071 0.432199 0.883570
vn 0.262588 0.593942 0.760238
vn 0.235940 0.585113 0.775823
vn 0.277947 0.559823 0.779555
vn 0.216982 0.540676 0.810446
vn 0.292030 0.588704 0.753682
vn 0.236312 0.514648 0.821832
vn 0.181403 0.475664 0.858793
vn 0.211029 0.518205 0.825143
vn 0.217624 0.553715 0.799305
vn 0.185744 0.530155 0.817101
vn 0.190111 -0.166510 0.963272
vn 0.292492 -0.137980 0.942144
vn 0.237556 0.002172 0.967961
vn 0.403253 0.554604 0.727163
vn 0.421254 0.570826 0.704433
vn 0.338081 0.548536 0.763172
vn 0.319218 0.528930 0.785358
vn 0.181742 0.563035 0.804077
vn 0.381969 -0.082843 0.916491
vn 0.448795 0.111746 0.883524
vn 0.350445 0.026392 0.932134
vn 0.260544 0.530349 0.805152
vn 0.377535 0.529321 0.759248
vn 0.318275 0.504208 0.801710
vn 0.102908 0.088555 0.988536
vn 0.133728 -0.032710 0.987282
vn 0.164802 0.082384 0.981556
vn 0.186689 0.511771 0.837430
vn 0.371916 0.519824 0.768681
vn 0.226650 -0.298589 0.923192
vn 0.080083 -0.040770 0.994742
vn 0.238570 0.156549 0.956147
vn 0.150462 0.187493 0.967989
vn 0.241141 0.260529 0.933366
vn 0.412318 0.530070 0.740367
vn 0.400460 0.477966 0.780309
vn 0.354251 0.508699 0.783444
vn 0.349892 0.448949 0.819603
vn 0.126611 -0.159139 0.975867
vn 0.248254 -0.432708 0.863416
vn 0.165975 -0.405513 0.897409
vn 0.207080 -0.495104 0.841656
vn 0.120330 0.440831 0.888595
vn 0.325544 0.348319 0.875832
vn 0.263660 0.366233 0.890095
vn 0.152383 -0.314931 0.935333
vn 0.124966 0.331743 0.931924
vn 0.317789 0.256442 0.910010
vn 0.298069 0.132070 0.943550
vn 0.385660 0.173386 0.903231
vn 0.448014 0.254992 0.853231
vn 0.168286 0.301000 0.936437
vn 0.389220 0.385178 0.835047
vn 0.435303 0.384243 0.811426
vn 0.324873 -0.293772 0.894128
vn 0.096028 0.243541 0.963578
vn 0.050737 0.274122 0.960356
vn 0.381363 0.302773 0.871490
vn 0.429679 0.551825 0.714094
vn 0.465099 0.644201 0.598517
vn 0.535486 0.667721 0.512264
vn 0.534406 0.626168 0.564300
vn 0.465277 0.457802 0.755386
vn 0.559202 0.268846 0.781974
vn 0.514175 0.175709 0.837537
vn 0.575317 0.212179 0.781728
vn 0.141049 -0.414167 0.898135
vn 0.517155 0.553540 0.651409
vn 0.538276 0.584349 0.606090
vn 0.507013 0.576819 0.639419
vn 0.608605 0.359994 0.700081
vn 0.534328 0.377713 0.753049
vn 0.367472 -0.489982 0.787720
vn 0.264504 -0.524042 0.808481
vn 0.317894 -0.556381 0.765580
vn 0.560673 0.530926 0.634356
vn 0.462163 0.557444 0.688913
vn 0.497820 0.055889 0.863230
vn 0.540293 0.109382 0.831538
vn 0.544184 0.479927 0.684501
vn 0.193390 -0.682570 0.680417
vn 0.498920 0.280396 0.818421
vn 0.327449 -0.431078 0.837505
vn 0.402693 -0.521404 0.751306
vn 0.444704 -0.452749 0.770342
vn 0.417783 -0.351563 0.833505
vn 0.478304 -0.364482 0.795915
vn 0.473021 -0.467791 0.745389
vn 0.405901 -0.216649 0.882741
vn 0.484630 -0.221691 0.841434
vn 0.601052 0.438265 0.666102
vn 0.661889 0.363599 0.655450
vn 0.462249 -0.129880 0.872966
vn 0.667694 0.335040 0.664343
vn 0.624679 0.299395 0.715834
vn 0.470181 0.564644 0.677497
vn 0.511343 0.571447 0.641539
vn 0.564804 0.584362 0.582156
vn 0.561105 0.587042 0.583150
vn 0.207459 -0.707125 0.648851
vn 0.466978 0.537360 0.701622
vn 0.445254 0.512128 0.733583
vn 0.524545 0.588719 0.609834
vn 0.529260 -0.159104 0.829608
vn 0.540953 0.567824 0.620054
vn 0.538132 0.608741 0.579704
vn 0.517703 -0.051931 0.851469
vn 0.552690 0.036679 0.826474
vn 0.626066 0.274824 0.689949
vn 0.452501 -0.006229 0.888667
vn 0.472335 0.562409 0.678387
vn 0.609574 0.567071 0.552643
vn 0.507907 0.571687 0.640723
vn 0.558882 0.568073 0.604029
vn 0.116354 -0.817549 0.563982
vn -0.763897 0.561405 0.303560
vn -0.757172 0.604015 0.239152
vn -0.721881 0.614260 0.318438
vn -0.789589 0.586712 0.164473
vn -0.775377 0.606835 0.170226
vn -0.659185 0.725291 -0.195561
vn -0.623620 0.748567 -0.223196
vn -0.654974 0.726835 -0.204791
vn -0.659115 0.601375 0.450529
vn -0.649259 0.623154 0.432729
vn -0.628559 0.616974 0.473376
vn -0.726440 0.556218 0.400450
vn -0.695225 0.601437 0.386516
vn -0.909711 0.153132 -0.385667
vn -0.909646 0.219478 -0.339059
vn -0.931342 0.148526 -0.329107
vn -0.811908 0.443161 -0.372359
vn -0.771361 0.537733 -0.327567
vn -0.842615 0.432034 -0.313140
vn -0.934174 0.233745 -0.257524
vn -0.941444 0.297702 -0.143369
vn -0.945585 0.184505 -0.257901
vn -0.656619 0.716133 -0.235005
vn -0.648025 0.726632 -0.224698
vn -0.660103 0.702682 -0.265522
vn -0.678889 0.715371 -0.159676
vn -0.648677 0.730573 -0.208891
vn -0.696558 0.692986 -0.178797
vn -0.686016 0.693342 -0.214407
vn -0.905972 0.420948 0.032381
vn -0.885855 0.447568 -0.035862
vn -0.760494 0.586693 0.200134
vn -0.876194 0.320219 -0.349368
vn -0.929027 0.184323 -0.317668
vn -0.637446 0.738049 -0.219852
vn -0.895204 0.309665 -0.305018
vn -0.838170 0.431319 -0.322239
vn -0.649528 0.726903 -0.221937
vn -0.794414 0.590101 0.138074
vn -0.810236 0.573775 0.104408
vn -0.806531 0.584572 0.086469
vn -0.800713 0.576204 -0.071465
vn -0.901064 0.355760 -0.204441
vn -0.613246 0.756422 -0.226272
vn -0.693866 0.704114 -0.145006
vn -0.706323 0.682766 -0.175143
vn -0.811189 0.508190 -0.274705
vn -0.751433 0.646526 0.064205
vn -0.812224 0.486405 -0.291185
vn -0.702609 0.659392 -0.257487
vn -0.737272 0.559167 -0.340026
vn -0.730870 0.645174 -0.205615
vn -0.746448 0.543723 0.361596
vn -0.673519 0.627584 0.388831
vn -0.727140 0.627625 0.225815
vn -0.791596 0.475669 -0.377391
vn -0.797319 0.459547 -0.383666
vn -0.697796 0.650846 0.292937
vn -0.776630 0.601361 0.187647
vn -0.776679 0.606653 0.168628
vn -0.656099 0.611312 0.441549
vn -0.667731 0.622671 0.407282
vn -0.684800 0.592501 0.421517
vn -0.802678 0.509521 -0.298018
vn -0.752917 0.516334 -0.402889
vn -0.808118 0.506951 -0.285827
vn -0.710917 0.582244 -0.380595
vn -0.777284 0.597490 -0.157017
vn -0.804547 0.524261 0.269243
vn -0.773348 0.588190 0.228708
vn -0.767417 0.618306 0.156209
vn -0.689604 0.662234 -0.286928
vn -0.863457 0.349922 -0.351860
vn -0.892989 0.437396 0.067186
vn -0.839570 0.538427 0.011779
vn -0.846709 0.513654 0.117496
vn -0.660313 0.725282 -0.192916
vn -0.693655 0.699512 -0.169409
vn -0.743480 0.659439 -0.099297
vn -0.796494 0.598533 -0.040571
vn -0.740669 0.644822 -0.173243
vn -0.792065 0.606705 0.063431
vn -0.742488 0.617288 -0.251640
vn -0.600303 0.756777 -0.254725
vn -0.789519 0.588162 0.169977
vn -0.803296 0.593443 0.030494
vn -0.774082 0.630108 -0.021213
vn -0.785771 0.616945 0.034925
vn -0.835386 0.485181 -0.016084
vn -0.627515 0.728378 -0.267613
vn -0.885669 0.452790 -0.078068
vn -0.830425 0.531027 -0.130517
vn -0.923733 0.371483 -0.046779
vn -0.761185 0.624014 0.174968
vn -0.710799 0.621700 -0.315796
vn -0.648778 0.718356 -0.243617
vn -0.764268 0.642638 -0.031302
vn -0.879294 0.433219 -0.167492
vn -0.905428 0.419533 -0.039112
vn -0.817363 0.535216 0.200314
vn -0.836603 0.484823 0.245382
vn -0.864354 0.442731 0.224243
vn -0.893162 0.409310 0.121481
vn -0.717734 0.685018 -0.113552
vn -0.831254 0.489774 0.249253
vn -0.840319 0.346975 -0.414661
vn -0.787870 0.498343 0.348376
vn -0.913862 0.133046 -0.383608
vn -0.706325 0.686065 -0.173262
vn -0.682447 0.704682 -0.192169
vn -0.818237 0.547794 0.129866
vn -0.769515 0.579861 -0.249147
vn -0.663958 0.651236 0.367202
vn -0.849922 0.440566 0.281867
vn -0.696577 0.624126 0.352796
vn -0.894376 -0.038727 -0.442510
vn -0.899824 0.060863 -0.427442
vn -0.867686 0.070214 -0.488570
vn -0.695368 0.561475 -0.442612
vn -0.709759 0.547638 -0.439206
vn -0.700105 0.489142 -0.516208
vn -0.720661 -0.456232 -0.464179
vn -0.808750 -0.309261 -0.498466
vn -0.767014 -0.344018 -0.538866
vn -0.679259 0.430467 -0.588844
vn -0.659477 0.499548 -0.558700
vn -0.624475 0.442712 -0.643046
vn -0.869519 0.165103 -0.459180
vn -0.826095 -0.060946 -0.557300
vn -0.843108 0.089887 -0.524874
vn -0.806506 0.025340 -0.587903
vn -0.730406 0.514525 -0.441760
vn -0.699954 0.554396 -0.448010
vn -0.802142 0.404342 -0.432583
vn -0.868678 0.285361 -0.397818
vn -0.832368 0.379968 -0.394209
vn -0.693620 0.570104 -0.430131
vn -0.736366 0.491848 -0.464570
vn -0.732187 0.515362 -0.440952
vn -0.723577 -0.058242 -0.684081
vn -0.658184 -0.129309 -0.738277
vn -0.724503 -0.203169 -0.653462
vn -0.709932 0.474228 -0.515675
vn -0.761379 0.397064 -0.505602
vn -0.549922 -0.671455 -0.397114
vn -0.503770 -0.622845 -0.504703
vn -0.846691 0.259784 -0.458414
vn -0.818945 0.281296 -0.493521
vn -0.846860 0.164314 -0.505139
vn -0.921217 -0.026916 -0.377608
vn -0.755097 0.062981 -0.649559
vn -0.769787 -0.073069 -0.629999
vn -0.787374 -0.165997 -0.590769
vn -0.899367 0.175021 -0.396882
vn -0.637290 -0.704788 -0.190785
vn -0.549801 -0.812939 -0.135698
vn -0.793579 -0.536853 -0.222384
vn -0.280989 -0.820545 -0.334916
vn -0.394740 -0.765297 -0.426401
vn -0.458528 -0.419161 -0.776080
vn -0.577637 -0.614905 -0.448549
vn -0.114563 -0.934921 -0.290118
vn -0.397280 -0.855866 -0.232647
vn -0.216818 -0.901221 -0.216193
vn -0.176873 -0.973071 -0.134770
vn -0.266238 -0.853264 -0.244101
vn -0.151844 -0.960867 -0.202830
vn -0.205546 -0.944761 -0.163109
vn -0.733974 -0.300072 -0.608551
vn -0.269805 -0.919395 -0.248517
vn -0.219932 -0.955138 -0.178693
vn -0.400977 -0.708923 -0.488639
vn -0.620580 -0.330964 -0.709061
vn -0.465702 -0.566276 -0.607226
vn -0.532432 -0.283615 -0.797044
vn -0.506638 -0.263074 -0.819920
vn -0.669064 0.599331 -0.416440
vn -0.679209 0.611283 -0.399311
vn -0.545577 -0.195647 -0.812967
vn -0.532855 -0.180270 -0.825840
vn -0.842000 -0.395868 -0.352152
vn -0.199716 -0.915637 -0.302268
vn -0.580083 -0.302638 -0.754861
vn -0.166127 -0.927694 -0.302305
vn -0.223973 -0.861046 -0.370696
vn -0.594794 -0.096911 -0.794883
vn -0.557822 -0.097286 -0.823068
vn -0.596623 -0.226070 -0.766731
vn -0.857797 -0.036108 -0.508969
vn -0.561523 -0.527108 -0.559749
vn -0.884275 -0.336958 -0.316845
vn -0.854417 -0.309594 -0.410711
vn -0.690710 -0.281725 -0.664333
vn -0.660885 -0.245718 -0.706161
vn -0.905424 -0.234913 -0.340410
vn -0.771414 -0.269929 -0.573125
vn -0.903893 -0.154002 -0.391503
vn -0.847518 -0.247226 -0.465371
vn -0.934615 -0.121291 -0.333435
vn -0.823353 -0.186788 -0.530861
vn -0.678613 -0.011682 -0.729871
vn -0.635813 0.013329 -0.766592
vn -0.870223 -0.127838 -0.471528
vn -0.655815 0.220038 -0.716249
vn -0.698192 0.125092 -0.700397
vn -0.429288 -0.376980 -0.814910
vn -0.800124 0.139190 -0.580532
vn -0.926613 0.113554 -0.357472
vn -0.905246 0.199159 -0.370115
vn -0.682234 0.600018 -0.417775
vn -0.585543 -0.019763 -0.810255
vn -0.736280 0.233435 -0.626708
vn -0.662521 0.289236 -0.686535
vn -0.674592 0.365465 -0.637668
vn -0.743591 0.352288 -0.566683
vn -0.626215 0.388828 -0.674953
vn -0.797894 0.246693 -0.543670
vn -0.860817 0.295672 -0.400353
vn -0.846045 0.336823 -0.389126
vn -0.674985 0.556923 -0.481120
vn -0.706613 0.501473 -0.494043
vn -0.617348 0.365168 -0.696800
vn -0.933782 0.118012 -0.337595
vn -0.928634 -0.210946 -0.297157
vn -0.381927 -0.413162 -0.822626
vn -0.383161 -0.430922 -0.812483
vn -0.402658 -0.321699 -0.855907
vn -0.402851 -0.436122 -0.802566
vn -0.409478 -0.441483 -0.788634
vn -0.378920 -0.532448 -0.733908
vn -0.378718 -0.499263 -0.779114
vn -0.498423 -0.249023 -0.829416
vn -0.532878 0.440622 0.715846
vn -0.558555 0.547699 0.620841
vn -0.557904 0.527799 0.640343
vn -0.513989 0.263083 0.811724
vn -0.479682 0.330483 0.807503
vn -0.519373 0.564808 0.634975
vn -0.440963 0.511804 0.727495
vn -0.456956 0.508438 0.728521
vn -0.375304 0.546873 0.743195
vn -0.360613 0.482765 0.794852
vn -0.520550 0.549422 0.648571
vn -0.388202 0.438373 0.801523
vn -0.502765 0.590347 0.627711
vn -0.472981 0.505191 0.721603
vn -0.510575 0.537400 0.668811
vn -0.319979 0.629383 0.701681
vn -0.397044 0.639592 0.655117
vn -0.464827 0.528453 0.707238
vn -0.347883 0.593031 0.715773
vn -0.408931 0.629590 0.655502
vn -0.387191 0.624081 0.674343
vn -0.414838 0.481175 0.769648
vn -0.363848 0.556173 0.741712
vn -0.330860 0.483811 0.809442
vn -0.330073 0.667499 0.666024
vn -0.290895 0.667370 0.683089
vn -0.432995 0.491591 0.744735
vn -0.436298 0.395691 0.806042
vn -0.266278 0.637962 0.719686
vn -0.305767 0.544738 0.778147
vn -0.446864 0.506163 0.732388
vn -0.232420 0.567085 0.787564
vn -0.283044 0.497025 0.819099
vn -0.263904 0.475843 0.837948
vn -0.481726 0.506539 0.714896
vn -0.443706 0.050527 0.892941
vn -0.456044 -0.012522 0.888721
vn -0.408774 -0.098932 0.904038
vn -0.235686 0.502524 0.831140
vn -0.189381 0.510832 0.836563
vn -0.026582 0.255774 0.965568
vn -0.032144 0.331439 0.942305
vn -0.018394 0.292739 0.955170
vn 0.215470 0.499567 0.838834
vn 0.117117 0.480334 0.865612
vn 0.119957 0.477107 0.867862
vn -0.203829 0.157902 0.960567
vn -0.122595 0.406924 0.892030
vn -0.250556 0.330939 0.891954
vn -0.002630 0.281806 0.958729
vn -0.011851 0.219762 0.975329
vn 0.197035 0.531637 0.822052
vn 0.034107 0.361698 0.930850
vn 0.005098 0.332461 0.942586
vn -0.293498 0.521380 0.787792
vn -0.467127 0.159768 0.866775
vn -0.479453 0.087387 0.871293
vn -0.000892 0.392814 0.918620
vn -0.267644 -0.162543 0.946888
vn -0.284375 0.005461 0.957670
vn -0.312731 -0.054302 0.945333
vn -0.429016 0.206274 0.876665
vn -0.421775 0.126722 0.896942
vn -0.488226 0.516619 0.703377
vn -0.019274 0.485301 0.871385
vn -0.007000 0.518906 0.853222
vn -0.134651 0.482834 0.863646
vn -0.040049 0.395538 0.917186
vn 0.000875 0.438287 0.896824
vn -0.197138 0.435150 0.876523
vn -0.232508 0.462777 0.854591
vn -0.227861 0.452019 0.860919
vn -0.351983 0.231014 0.897668
vn -0.306353 0.095138 0.945922
vn -0.370272 -0.003866 0.924071
vn -0.107306 0.436096 0.891880
vn -0.024449 0.345535 0.936845
vn -0.044255 0.187489 0.974034
vn -0.231314 0.500766 0.833966
vn -0.251639 0.475283 0.842658
vn -0.050322 0.460634 0.881933
vn -0.099908 0.576337 0.809065
vn -0.180077 -0.142579 0.970599
vn -0.219669 -0.214346 0.950915
vn -0.138002 -0.154526 0.976577
vn -0.078588 -0.038439 0.992732
vn -0.032231 0.159346 0.981067
vn -0.094427 -0.028816 0.991691
vn -0.435207 0.287112 0.852692
vn -0.218804 0.664820 0.713859
vn -0.175326 0.598840 0.777230
vn -0.273942 -0.220843 0.935771
vn -0.026166 0.402412 0.914666
vn -0.034881 0.366244 0.929221
vn -0.061833 0.430616 0.899262
vn -0.153957 0.486507 0.857183
vn -0.204323 0.439543 0.873034
vn -0.344320 -0.144906 0.925731
vn -0.135266 0.058357 0.983330
vn -0.228185 -0.037355 0.968862
vn -0.084485 0.279794 0.951698
vn 0.047688 0.444787 0.892177
vn -0.079144 0.432766 0.896867
vn -0.138548 0.543193 0.824940
vn -0.210824 0.643029 0.734680
vn 0.000107 0.450638 0.890942
vn -0.145480 0.477480 0.864790
vn -0.395664 -0.171917 0.901988
vn -0.004403 0.347383 0.936948
vn 0.107411 0.502421 0.857863
vn 0.085558 0.502513 0.860094
vn -0.140200 0.572446 0.805720
vn -0.429565 -0.127487 0.892730
vn -0.165284 0.423905 0.889035
vn -0.052271 0.465917 0.882155
vn -0.093537 0.517587 0.848128
vn -0.158102 0.617145 0.769519
vn -0.093340 0.572354 0.813283
vn 0.110334 0.514576 0.847270
vn 0.210809 0.555038 0.803223
vn 0.273429 0.559141 0.782686
vn -0.803876 0.042659 0.591386
vn -0.822005 0.071852 0.564011
vn -0.844096 0.015110 0.534946
vn -0.558153 0.054640 0.825974
vn -0.594516 0.150869 0.788461
vn -0.596911 0.050527 0.798980
vn -0.902859 -0.160138 0.386566
vn -0.872610 -0.010115 0.479639
vn -0.796227 -0.077646 0.573872
vn -0.838437 0.031106 0.542007
vn -0.788905 0.003198 0.607765
vn -0.854093 -0.031658 0.517523
vn -0.463636 -0.364290 0.801543
vn -0.366949 -0.627895 0.628965
vn -0.274497 -0.742493 0.534731
vn -0.634027 0.206174 0.743324
vn -0.586637 0.261276 0.763708
vn -0.611110 0.334531 0.714118
vn -0.553966 -0.177050 0.810224
vn -0.515272 -0.170274 0.838127
vn -0.563151 -0.062546 0.821911
vn -0.643748 0.363549 0.670373
vn -0.661612 0.260893 0.701493
vn -0.775163 0.112260 0.618651
vn -0.804752 0.158727 0.569855
vn -0.199161 -0.854875 0.405417
vn -0.095969 -0.935034 0.327318
vn -0.128454 -0.931688 0.326832
vn -0.523539 0.554461 0.643647
vn -0.508616 0.547936 0.658211
vn -0.518498 0.541895 0.658668
vn -0.769017 0.272686 0.574203
vn -0.732099 0.371944 0.566685
vn -0.803976 0.220443 0.549222
vn -0.738497 0.068796 0.668338
vn -0.656671 -0.043958 0.745185
vn -0.675823 0.076895 0.731955
vn -0.838639 -0.004428 0.543969
vn -0.860029 -0.065635 0.490536
vn -0.794245 -0.098660 0.591092
vn -0.479643 0.530338 0.692261
vn -0.520021 0.529366 0.661761
vn -0.472615 0.552555 0.677590
vn -0.609772 -0.439613 0.610960
vn -0.634009 -0.205335 0.739165
vn -0.739014 -0.063221 0.661318
vn -0.552892 0.489090 0.666471
vn -0.756164 0.218441 0.614466
vn -0.811478 0.067190 0.577468
vn -0.823450 0.133836 0.549578
vn -0.830112 0.092420 0.549382
vn -0.874125 -0.024224 0.440724
vn -0.856301 -0.227284 0.424894
vn -0.484581 0.544862 0.678099
vn -0.543182 0.523893 0.651551
vn -0.548159 0.546204 0.631590
vn -0.582690 0.499621 0.633889
vn -0.500272 0.492797 0.710006
vn -0.462528 -0.142076 0.873048
vn -0.512107 -0.067366 0.853256
vn -0.453865 -0.226039 0.859134
vn -0.571671 0.492928 0.653723
vn -0.528470 0.485885 0.695680
vn -0.531738 -0.335767 0.768242
vn -0.317209 -0.724458 0.556043
vn -0.772535 0.062781 0.629802
vn -0.769297 0.074438 0.633214
vn -0.793639 0.109232 0.598084
vn -0.562096 0.521824 0.634965
vn -0.523883 0.545389 0.651288
vn -0.728196 -0.041812 0.673659
vn -0.749636 -0.065254 0.655302
vn -0.634117 -0.131905 0.757235
vn -0.554727 0.502520 0.662373
vn -0.412654 -0.276713 0.866102
vn -0.471060 -0.275559 0.836150
vn -0.419232 -0.373027 0.825881
vn -0.641018 0.112994 0.757403
vn -0.610814 -0.017353 0.788213
vn -0.667050 -0.346366 0.552923
vn -0.385690 -0.354513 0.851294
vn -0.405369 -0.334303 0.849665
vn -0.697071 0.361862 0.613560
vn -0.664258 0.456121 0.591086
vn -0.593431 0.022911 0.791718
vn -0.713058 -0.021631 0.655196
vn -0.812742 -0.003842 0.582304
vn -0.569428 0.517140 0.638985
vn -0.591620 0.479318 0.647170
vn -0.566219 0.406841 0.714202
vn -0.531325 0.475034 0.698076
vn -0.526306 0.473190 0.703805
vn -0.858556 -0.001732 0.511162
vn -0.872551 0.017049 0.483349
vn -0.553617 0.330422 0.759137
vn -0.543840 0.427627 0.713917
vn -0.510968 0.477096 0.714187
vn -0.567402 -0.518375 0.615920
vn -0.527656 0.056187 0.846416
vn -0.555446 0.168413 0.812099
vn -0.741069 -0.167589 0.618203
vn -0.488358 0.513078 0.701087
vn -0.581702 0.439824 0.683404
vn -0.816850 0.161150 0.553606
vn -0.818964 0.120113 0.560139
vn -0.783391 -0.004377 0.621273
vn -0.695459 0.151050 0.699603
vn -0.731678 0.182556 0.654587
vn -0.581391 0.521078 0.622560
vn -0.540499 0.251510 0.798707
vn -0.581928 0.469580 0.661327
vn -0.624809 0.463475 0.625646
vn -0.294185 -0.690222 0.591128
vn -0.836238 0.033659 0.514901
vn -0.587779 0.472533 0.655710
vn -0.696145 0.266575 0.664967
vn -0.379872 -0.375636 0.845249
vn -0.365172 -0.596770 0.652001
vn -0.367296 -0.726641 0.516559
vn -0.273654 -0.891326 0.338468
vn -0.298172 -0.904507 0.298340
vn -0.498580 -0.012181 0.865455
vn -0.526972 0.109079 0.841486
vn -0.110354 -0.910016 0.383352
vn -0.470996 -0.652677 0.470659
vn -0.292144 -0.828018 0.321486
vn -0.380394 -0.827302 0.326784
vn -0.575770 0.485810 0.656013
vn -0.148730 -0.920207 0.350954
vn 0.286052 0.671702 -0.681478
vn 0.239780 0.700405 -0.668742
vn 0.211840 0.641118 -0.735474
vn 0.426724 0.751686 -0.497743
vn 0.369549 0.697982 -0.608732
vn 0.428884 0.681028 -0.587529
vn 0.498991 0.753015 -0.418246
vn 0.505799 0.706267 -0.492837
vn 0.485830 0.789440 -0.373072
vn 0.445810 0.788234 -0.421642
vn 0.338848 0.726296 -0.594092
vn 0.361040 0.585679 -0.722302
vn 0.437544 0.564983 -0.691870
vn 0.359452 0.587408 -0.721846
vn 0.477739 0.843400 -0.232070
vn 0.365123 0.894793 -0.244746
vn 0.432763 0.834124 -0.329242
vn 0.841920 0.530670 -0.084394
vn 0.816229 0.574336 -0.026115
vn 0.851763 0.523051 -0.006318
vn 0.647113 0.668732 -0.355519
vn 0.701633 0.596333 -0.379895
vn 0.747127 0.612577 -0.245183
vn 0.532488 0.754305 -0.372321
vn 0.533539 0.766371 -0.350583
vn 0.586999 0.763776 -0.258906
vn 0.730314 0.644153 -0.206157
vn 0.750785 0.658826 -0.047510
vn 0.765608 0.640414 -0.055561
vn 0.206701 0.533953 -0.815018
vn 0.279397 0.578012 -0.765601
vn 0.184190 0.540980 -0.818496
vn 0.643838 0.603236 -0.460134
vn 0.626226 0.604415 -0.490462
vn 0.693924 0.602588 -0.388549
vn 0.421847 0.499792 -0.756088
vn 0.487327 0.522130 -0.691198
vn 0.479762 0.563875 -0.663493
vn 0.500251 0.805278 -0.315084
vn 0.413444 0.757932 -0.499169
vn 0.317176 0.516484 -0.792445
vn 0.214039 0.472307 -0.852772
vn 0.280755 0.506855 -0.808798
vn 0.593405 0.788527 -0.146729
vn 0.591132 0.801575 -0.075338
vn 0.541594 0.826368 -0.136896
vn 0.390501 0.565548 -0.718974
vn 0.269367 0.523617 -0.802845
vn 0.471832 0.780119 -0.406199
vn 0.573128 0.787929 -0.213411
vn 0.771128 0.598047 -0.183133
vn 0.705625 0.639068 -0.301362
vn 0.372779 0.535999 -0.753178
vn 0.267097 0.714260 -0.642143
vn 0.319288 0.738009 -0.591567
vn 0.372155 0.723259 -0.579494
vn 0.332650 0.879278 -0.332644
vn 0.389015 0.816882 -0.419682
vn 0.740296 0.650530 -0.143576
vn 0.808210 0.557729 -0.172572
vn 0.800625 0.588762 -0.040530
vn 0.509649 0.728891 -0.454066
vn 0.773838 0.623705 0.073740
vn 0.728362 0.664923 0.148805
vn 0.731678 0.677643 0.025432
vn 0.589491 0.795868 -0.132606
vn 0.588640 0.805211 -0.063997
vn 0.590853 0.800050 -0.097232
vn 0.587661 0.800766 0.079855
vn 0.628141 0.776999 -0.000492
vn 0.588641 0.805756 -0.002696
vn 0.715935 0.584586 -0.365835
vn 0.645585 0.596743 -0.474475
vn 0.687591 0.610536 -0.384954
vn 0.445848 0.724907 -0.522964
vn 0.680626 0.694167 -0.222238
vn 0.441521 0.728573 -0.518759
vn 0.513151 0.717935 -0.467511
vn 0.677680 0.718521 -0.132251
vn 0.612396 0.783687 -0.072942
vn 0.629467 0.759025 -0.135603
vn 0.609403 0.768090 0.184839
vn 0.582787 0.801144 0.127148
vn 0.602961 0.789172 -0.052018
vn 0.286891 0.599331 -0.743862
vn 0.342379 0.599585 -0.722309
vn 0.404857 0.888622 -0.206687
vn 0.331630 0.922194 -0.197911
vn 0.582228 0.759816 -0.271158
vn 0.620043 0.780346 -0.069300
vn 0.146064 0.511859 -0.846198
vn 0.140872 0.553039 -0.819989
vn 0.665619 0.599005 -0.440101
vn 0.333310 0.495344 -0.797239
vn 0.541659 0.708588 -0.450035
vn 0.571232 0.774714 -0.264181
vn 0.532236 0.812398 -0.232098
vn 0.538301 0.839017 -0.071032
vn 0.322783 0.905032 -0.270038
vn 0.473951 0.794908 -0.358642
vn 0.433029 0.760990 -0.476285
vn 0.278355 0.926908 -0.245999
vn 0.477092 0.865699 -0.136194
vn 0.466823 0.753242 -0.447277
vn 0.148507 0.616591 -0.772205
vn 0.208453 0.602344 -0.764628
vn 0.259973 0.916929 -0.301024
vn 0.239219 0.917302 -0.316949
vn 0.270213 0.908174 -0.318894
vn 0.395059 0.761291 -0.506486
vn 0.349535 0.741438 -0.569102
vn 0.563286 0.582142 -0.582583
vn 0.607591 0.784705 0.105981
vn 0.311677 0.565819 -0.759463
vn 0.706201 0.697016 -0.106200
vn 0.709434 0.699246 -0.078070
vn 0.431900 0.799617 -0.409309
vn 0.476550 0.754929 -0.446843
vn 0.592749 0.796899 -0.102508
vn 0.547766 0.803586 -0.222263
vn 0.546605 0.808418 -0.206015
vn 0.289438 0.909730 -0.293564
vn 0.698154 0.707664 0.018871
vn 0.610379 0.788486 -0.053903
vn 0.696065 0.700263 -0.153189
vn 0.348740 0.848320 -0.393928
vn 0.779027 0.604251 0.158013
vn 0.663074 0.713213 0.215685
vn 0.633119 0.732291 0.250822
vn 0.561234 0.590574 -0.575994
vn 0.585589 0.586622 -0.554721
vn 0.759307 0.589039 -0.271238
vn 0.736063 0.589094 -0.331500
vn 0.418146 0.824489 -0.380203
vn 0.720359 0.617103 -0.311231
vn 0.407759 0.484559 -0.773118
vn 0.829654 0.557517 0.025387
vn 0.647195 0.748609 -0.118100
vn 0.620311 0.781568 0.003996
vn 0.641658 0.760278 0.004654
vn 0.664747 0.729793 0.138467
vn 0.599693 0.797305 0.018971
vn 0.167024 0.664391 -0.726858
vn 0.144663 0.659904 -0.737092
vn 0.596104 0.787752 -0.145274
vn 0.530161 0.579908 -0.613789
vn 0.285898 0.715028 -0.634525
vn 0.291606 0.892087 -0.345169
vn 0.194614 0.484749 -0.848136
vn 0.566444 0.707928 -0.401308
vn 0.534348 0.756261 -0.364896
vn 0.608560 0.593552 -0.524532
vn 0.173693 0.693948 -0.697547
vn 0.607208 0.642983 -0.461250
vn 0.119018 0.430019 -0.894841
vn 0.573537 0.602391 -0.549811
vn 0.614259 0.598130 -0.513514
vn 0.506702 0.611603 -0.600737
vn 0.330783 0.641863 -0.689301
vn 0.417382 0.623239 -0.657919
vn 0.588938 0.647048 -0.476023
vn 0.817811 0.566807 0.038685
vn 0.518783 0.653999 -0.545179
vn 0.788272 0.612354 -0.018647
vn 0.759047 0.585659 -0.284326
vn 0.991735 0.077848 -0.010378
vn 0.992389 0.080106 0.025809
vn 0.990757 -0.095994 0.032823
vn 0.631778 0.537284 0.557949
vn 0.651625 0.554293 0.513681
vn 0.609073 0.568659 0.552096
vn 0.607356 0.551749 0.571527
vn 0.767588 0.554484 0.318354
vn 0.749363 0.583500 0.310397
vn 0.723946 0.535348 0.427256
vn 0.784385 0.614025 0.085499
vn 0.781356 0.607226 0.132342
vn 0.808049 0.586093 0.053361
vn 0.895374 0.443788 -0.008649
vn 0.877390 0.479375 -0.007167
vn 0.864913 0.501132 -0.014693
vn 0.825363 0.563005 0.012195
vn 0.816936 0.575450 0.032485
vn 0.832762 0.552694 0.005327
vn 0.798268 0.515546 0.306635
vn 0.823103 0.518268 0.228615
vn 0.797164 0.555172 0.233461
vn 0.768580 0.590266 0.241434
vn 0.799377 0.578413 0.156115
vn 0.772695 0.428960 0.466084
vn 0.777529 0.481217 0.401479
vn 0.741196 0.467890 0.479023
vn 0.770530 0.463443 0.431330
vn 0.774010 0.470115 0.419822
vn 0.794889 0.593302 0.120100
vn 0.772768 0.602841 0.195387
vn 0.811624 0.578175 0.079652
vn 0.844263 0.535402 -0.015559
vn 0.841668 0.523001 0.130975
vn 0.845636 0.498067 0.187958
vn 0.848590 0.505369 0.153274
vn 0.992126 -0.021378 -0.050527
vn 0.979318 -0.194726 -0.010836
vn 0.977066 -0.187235 -0.044964
vn 0.962787 0.255831 0.007351
vn 0.952951 0.285535 0.032558
vn 0.893956 0.436556 0.057048
vn 0.945624 -0.285466 -0.141579
vn 0.900772 -0.394558 -0.103798
vn 0.897256 -0.399847 -0.152314
vn 0.759636 0.510036 0.401118
vn 0.868277 -0.477565 -0.035775
vn 0.881326 -0.443336 -0.111323
vn 0.759839 0.600205 0.245976
vn 0.744950 0.611771 0.259728
vn 0.970470 0.232855 -0.029683
vn 0.969467 0.228296 0.007748
vn 0.848415 0.528532 -0.012331
vn 0.996352 -0.028309 -0.056874
vn 0.993830 -0.084750 -0.065407
vn 0.993648 0.044559 -0.039701
vn 0.788025 -0.599769 0.113487
vn 0.858347 -0.484599 0.094459
vn 0.828664 -0.531368 0.128093
vn 0.987398 0.144703 -0.029573
vn 0.963085 0.260306 -0.016321
vn 0.864841 0.498823 0.049957
vn 0.848834 0.518032 0.099339
vn 0.872763 0.471325 0.097109
vn 0.791042 0.608710 0.051855
vn 0.992137 -0.017996 -0.098319
vn 0.993050 0.030578 -0.083660
vn 0.928662 0.364244 0.003606
vn 0.830714 -0.543835 0.073714
vn 0.890092 -0.454267 0.011770
vn 0.664789 0.509878 0.545709
vn 0.674450 0.512091 0.530989
vn 0.964299 -0.238698 -0.092764
vn 0.923943 0.356110 0.118016
vn 0.899253 0.363419 0.235155
vn 0.889450 0.416662 0.162106
vn 0.684366 0.499116 0.531317
vn 0.703692 0.495430 0.509201
vn 0.924407 -0.309617 0.198472
vn 0.939328 -0.305465 0.125043
vn 0.971942 -0.184251 0.124991
vn 0.708094 0.479294 0.517726
vn 0.871790 -0.458643 0.149424
vn 0.979236 -0.140005 -0.113563
vn 0.982231 -0.058794 -0.130795
vn 0.749174 0.435544 0.498297
vn 0.937670 -0.320255 -0.126249
vn 0.972511 -0.201382 -0.099218
vn 0.890715 0.451883 0.028927
vn 0.823089 0.543315 0.162341
vn 0.984977 0.154026 -0.029359
vn 0.864242 0.501409 0.004091
vn 0.841288 0.536976 0.032091
vn 0.762792 0.639938 0.082423
vn 0.751014 0.644594 0.137345
vn 0.895872 0.442911 -0.023610
vn 0.961825 -0.135722 0.221759
vn 0.989468 -0.076128 0.081450
vn 0.917945 0.393152 -0.015266
vn 0.931348 0.357522 -0.039018
vn 0.960002 -0.253369 0.047119
vn 0.907825 -0.391608 0.013776
vn 0.867531 -0.474932 0.107885
vn 0.646884 0.610265 0.451134
vn 0.718594 0.574279 0.387867
vn 0.681264 0.632464 0.358048
vn 0.816130 -0.567985 0.055551
vn 0.879866 -0.464569 0.099995
vn 0.953364 0.295691 -0.018701
vn 0.926451 0.373854 -0.009700
vn 0.970119 0.232917 -0.036579
vn 0.881907 0.470294 -0.013117
vn 0.942717 0.329215 0.007753
vn 0.886412 0.333430 0.317017
vn 0.875494 0.406759 0.258856
vn 0.853853 0.409925 0.312473
vn 0.934634 0.348751 0.054412
vn 0.912028 0.337612 0.177236
vn 0.957838 0.049074 0.189574
vn 0.910259 0.397335 0.090465
vn 0.855475 0.470293 0.212945
vn 0.836368 0.465510 0.283440
vn 0.952061 -0.066452 0.289844
vn 0.942470 0.073463 0.306817
vn 0.940292 -0.113550 0.318015
vn 0.942213 -0.204646 0.257790
vn 0.842742 0.366995 0.390221
vn 0.810718 0.412852 0.411359
vn 0.786660 0.401662 0.468137
vn 0.899090 -0.367309 0.227413
vn 0.885065 0.287777 0.361749
vn 0.834377 -0.548136 0.008444
vn 0.729473 0.648817 0.208948
vn 0.988006 0.133263 -0.062778
vn 0.688032 0.667624 0.278218
vn 0.994377 0.052256 -0.047825
vn 0.812690 0.581618 0.032749
vn 0.900899 0.433002 -0.003392
vn 0.837280 0.546118 -0.026196
vn 0.828470 0.559021 -0.004018
vn 0.913104 0.380929 0.107649
vn 0.874885 -0.471482 -0.065716
vn 0.916989 0.390540 0.063489
vn 0.612026 0.560797 0.556763
vn 0.607816 0.621604 0.491239
vn 0.915518 0.268922 0.287789
vn 0.821296 0.560879 0.099755
vn 0.682020 0.693463 0.232281
vn 0.762443 0.645690 0.038115
vn 0.782294 0.621802 0.026499
vn 0.757624 0.652190 0.024145
vn 0.753068 0.656779 0.037827
vn 0.936775 0.063823 0.335547
vn 0.621101 0.667309 0.408763
vn 0.916462 0.207704 0.331209
vn 0.836951 0.539636 0.079919
vn 0.712076 0.676420 0.182055
vn 0.856515 -0.480789 -0.183502
vn 0.816601 0.576338 0.028459
vn 0.821766 0.569067 0.028722
vn 0.917153 0.371135 0.126833
vn 0.910529 0.163734 0.376959
vn 0.874696 0.435683 0.205874
vn 0.797878 0.456287 0.386533
vn 0.816292 0.575706 0.042054
vn 0.604930 0.550364 0.575464
vn 0.766118 0.412887 0.492526
vn -0.755300 0.645879 -0.103275
vn -0.714488 0.685476 -0.136761
vn -0.750622 0.646220 -0.128953
vn -0.793149 0.599190 0.107456
vn -0.787808 0.608616 0.086496
vn -0.792874 0.591811 0.142179
vn -0.793349 0.606358 0.040890
vn -0.784614 0.618890 0.028803
vn -0.777255 0.625496 -0.048341
vn -0.742221 0.659678 -0.113863
vn -0.793111 0.608904 -0.003619
vn -0.793021 0.607430 0.030351
vn -0.787792 0.612266 -0.060737
vn -0.775915 0.623963 -0.088585
vn -0.943086 -0.304445 -0.070226
vn -0.988337 -0.122357 -0.061912
vn -0.982562 -0.099124 -0.137625
vn -0.813813 0.521454 0.255216
vn -0.849012 0.464680 0.244118
vn -0.831972 0.496383 0.244293
vn -0.991242 0.036259 -0.088985
vn -0.802413 0.572323 0.168921
vn -0.801801 0.570897 0.176192
vn -0.800553 0.570974 0.181784
vn -0.783762 0.619439 -0.026781
vn -0.755090 0.634228 -0.159985
vn -0.790928 0.604235 0.094574
vn -0.810053 0.559998 0.170170
vn -0.824092 0.534693 0.184367
vn -0.776738 0.622716 -0.084041
vn -0.797265 0.585148 0.146300
vn -0.786532 0.610442 0.079831
vn -0.797927 0.569320 0.193817
vn -0.820577 0.535088 0.196414
vn -0.790659 0.568522 0.226228
vn -0.838327 0.507703 0.195111
vn -0.812211 0.529898 0.240144
vn -0.840122 0.500493 0.205071
vn -0.976368 -0.186793 0.058895
vn -0.995632 -0.080350 -0.012529
vn -0.970619 -0.223978 -0.008176
vn -0.796926 0.600165 -0.059465
vn -0.788658 0.607640 -0.088286
vn -0.791038 0.590215 0.155380
vn -0.987522 0.090615 0.106340
vn -0.983790 0.171167 0.035154
vn -0.994068 0.034183 0.010166
vn -0.836824 0.530638 0.121900
vn -0.817215 0.569501 0.070128
vn -0.797643 0.594181 -0.094161
vn -0.989300 -0.087922 0.080119
vn -0.784595 0.618925 -0.014376
vn -0.798671 0.600806 0.003964
vn -0.959696 0.157884 0.217847
vn -0.972861 -0.019384 0.197360
vn -0.805781 0.553181 0.205941
vn -0.912058 0.368122 0.156605
vn -0.964522 0.223411 0.122549
vn -0.915525 0.319506 0.226327
vn -0.940388 0.318928 0.019279
vn -0.832196 0.546096 -0.089160
vn -0.931364 -0.358385 -0.022651
vn -0.947531 0.088510 0.297695
vn -0.958816 -0.076215 0.265335
vn -0.945967 0.002026 0.317018
vn -0.986238 0.152275 -0.040372
vn -0.969197 0.218625 -0.084085
vn -0.917626 0.248218 0.300077
vn -0.830454 0.553955 -0.022694
vn -0.874666 0.475140 -0.065910
vn -0.980594 0.123897 -0.141799
vn -0.970080 -0.161776 0.168108
vn -0.956613 -0.122521 0.261571
vn -0.957237 -0.268629 0.103977
vn -0.953818 -0.295714 0.040492
vn -0.881730 0.450053 0.123600
vn -0.878993 0.470886 0.030943
vn -0.874035 0.389949 0.284785
vn -0.997605 0.027871 -0.041505
vn -0.982232 0.009914 -0.177881
vn -0.849770 0.481053 0.212834
vn -0.960464 0.223204 -0.153036
vn -0.925310 0.368727 -0.055111
vn -0.967417 0.103059 -0.219499
vn -0.902648 -0.397495 -0.094363
vn -0.892582 -0.393787 -0.149945
vn -0.965085 -0.183662 -0.178321
vn -0.943769 -0.200421 -0.251914
vn -0.965462 -0.090825 -0.236842
vn -0.963770 -0.007672 -0.261784
vn -0.953321 0.044407 -0.294197
vn -0.951427 0.028301 -0.301786
vn -0.954741 -0.052889 -0.289360
vn -0.943487 0.165908 -0.276082
vn -0.884639 0.332687 -0.319642
vn -0.921653 0.217945 -0.316546
vn -0.900329 0.350114 -0.243390
vn -0.830868 0.464018 -0.293965
vn -0.826501 0.427487 -0.364127
vn -0.771153 0.523014 -0.358292
vn -0.940020 0.117934 -0.318399
vn -0.683803 0.610164 -0.400130
vn -0.716226 0.602889 -0.348871
vn -0.691170 0.626198 -0.358882
vn -0.701960 0.614705 -0.358987
vn -0.714513 0.629996 -0.301395
vn -0.713415 0.677197 -0.173539
vn -0.723788 0.653415 -0.219917
vn -0.710225 0.653931 -0.259036
vn -0.725782 0.639838 -0.250927
vn -0.680633 0.630636 -0.369446
vn -0.713865 0.625200 -0.312192
vn -0.695690 0.645410 -0.311210
vn -0.680487 0.716532 -0.153326
vn -0.622101 0.666528 -0.410769
vn -0.654869 0.665822 -0.352393
vn -0.697103 0.687832 -0.199003
vn -0.921527 0.201347 -0.328300
vn -0.903114 -0.367221 -0.149222
vn -0.962335 -0.252197 -0.101524
vn -0.748389 0.631778 -0.197091
vn -0.761448 0.630040 -0.149679
vn -0.766018 0.613035 -0.183406
vn -0.735228 0.636693 -0.228340
vn -0.724676 0.639130 -0.256637
vn -0.780417 0.612133 -0.122720
vn -0.822235 0.548973 -0.141837
vn -0.932661 0.290175 -0.202435
vn -0.958389 0.202716 -0.198486
vn -0.940602 0.299803 -0.146442
vn -0.714681 0.629188 -0.305051
vn -0.777349 0.616384 -0.114769
vn -0.871194 0.469426 -0.132706
vn -0.868275 0.456693 -0.183010
vn -0.908272 0.399055 -0.121437
vn -0.937500 0.318680 -0.127536
vn -0.759187 0.573886 -0.297931
vn -0.935773 0.313760 -0.152131
vn -0.909868 0.380337 -0.159461
vn -0.811717 0.543095 -0.209652
vn -0.848821 0.237180 0.468509
vn -0.876208 0.172352 0.445472
vn -0.846661 0.179991 0.500363
vn -0.732385 0.433317 0.519251
vn -0.687466 0.487291 0.538458
vn -0.700779 0.504332 0.502838
vn -0.843665 0.459979 0.271803
vn -0.785393 0.357679 0.501706
vn -0.823912 0.267323 0.495442
vn -0.789118 0.307949 0.531322
vn -0.878542 0.353806 0.316751
vn -0.787951 0.426250 0.439958
vn -0.822397 0.428157 0.369247
vn -0.827515 0.329807 0.451693
vn -0.805356 0.561417 0.189818
vn -0.782946 0.583029 0.213748
vn -0.877274 0.269961 0.389978
vn -0.909219 0.218322 0.347233
vn -0.733401 0.487891 0.469501
vn -0.849107 0.329862 0.410154
vn -0.857196 0.392523 0.330581
vn -0.864334 0.341638 0.363602
vn -0.864473 0.410529 0.288701
vn -0.826327 0.513944 0.225983
vn -0.804933 0.501646 0.311287
vn -0.783140 0.564448 0.254537
vn -0.912304 0.089996 0.397812
vn -0.892470 0.102448 0.438953
vn -0.723066 0.541164 0.427716
vn -0.754978 0.559556 0.339105
vn -0.759942 0.514321 0.394147
vn -0.923749 0.109336 0.363071
vn -0.862554 0.140027 0.484968
vn -0.856596 0.454746 0.241408
vn -0.848659 0.449524 0.275315
vn -0.750098 0.601821 0.273138
vn -0.837817 0.181700 0.514684
vn 0.925902 0.292389 -0.209111
vn 0.865146 0.382054 -0.317783
vn 0.846204 0.434938 -0.300695
vn 0.774856 0.018781 -0.622831
vn 0.773454 -0.225958 -0.583061
vn 0.764702 -0.255122 -0.582311
vn 0.662705 -0.653027 -0.319675
vn 0.714020 -0.489846 -0.486383
vn 0.733770 -0.465630 -0.475918
vn 0.775384 -0.286561 -0.550575
vn 0.868516 0.444399 -0.201452
vn 0.813465 0.499840 -0.294555
vn 0.754849 0.542421 -0.365964
vn 0.758163 0.498497 -0.418142
vn 0.712126 0.538612 -0.448690
vn 0.796993 -0.250129 -0.527980
vn 0.747818 -0.467914 -0.461632
vn 0.790987 -0.064722 -0.603643
vn 0.800285 -0.101074 -0.566660
vn 0.869257 -0.441347 -0.213574
vn 0.928524 -0.310280 -0.177665
vn 0.864204 -0.455063 -0.210908
vn 0.795582 0.186143 -0.569953
vn 0.784931 0.298993 -0.540221
vn 0.816991 0.079117 -0.557639
vn 0.765923 0.320301 -0.556583
vn 0.767886 0.267424 -0.578658
vn 0.724548 0.386131 -0.569177
vn 0.728219 0.582772 -0.358870
vn 0.767421 0.562987 -0.302900
vn 0.728880 0.563425 -0.387835
vn 0.805807 0.554925 -0.203697
vn 0.808396 0.568974 -0.147708
vn 0.832003 0.530612 -0.146749
vn 0.892031 -0.151287 -0.403923
vn 0.871710 -0.343719 -0.337128
vn 0.806645 -0.404209 -0.421459
vn 0.790740 0.108484 -0.598625
vn 0.753200 0.246811 -0.600536
vn 0.444670 -0.789505 -0.276039
vn 0.785216 0.583005 -0.205576
vn 0.810024 0.567176 -0.144794
vn 0.804644 0.568209 -0.170612
vn 0.702573 -0.618355 -0.277936
vn 0.877027 -0.400511 -0.252105
vn 0.694784 -0.450254 -0.550629
vn 0.527663 -0.698424 -0.413934
vn 0.594068 -0.524987 -0.599619
vn 0.834232 -0.197962 -0.489230
vn 0.556685 -0.723611 -0.338365
vn 0.741984 0.388506 -0.544306
vn 0.820964 0.148776 -0.525895
vn 0.788297 0.508131 -0.344487
vn 0.800816 0.454889 -0.386506
vn 0.692832 0.578824 -0.428470
vn 0.683157 0.623315 -0.377870
vn 0.790119 0.568600 -0.225372
vn 0.811193 0.557140 -0.177021
vn 0.669912 0.624111 -0.400530
vn 0.676876 0.590027 -0.439172
vn 0.814795 0.556497 -0.160770
vn 0.838768 0.534337 -0.094537
vn 0.697360 0.449787 -0.557051
vn 0.939730 -0.203331 -0.258999
vn 0.819870 0.523877 -0.228545
vn 0.938060 0.077323 -0.271467
vn 0.854663 0.209869 -0.425514
vn 0.989861 -0.007179 -0.120827
vn 0.980009 -0.134665 -0.131560
vn 0.973244 -0.028032 -0.181842
vn 0.767275 0.382978 -0.513468
vn 0.726793 0.448034 -0.518113
vn 0.570419 -0.712185 -0.323244
vn 0.649027 0.675640 -0.349364
vn 0.658827 0.671087 -0.339329
vn 0.666960 0.657269 -0.350661
vn 0.798912 0.557726 -0.222999
vn 0.972848 0.172273 -0.126094
vn 0.991263 0.026972 -0.092306
vn 0.768022 0.440073 -0.463454
vn 0.784688 0.378505 -0.486276
vn 0.941079 -0.259105 -0.195235
vn 0.729117 0.493479 -0.472707
vn 0.772097 -0.538431 -0.280230
vn 0.862313 -0.452505 -0.227280
vn 0.691589 -0.615872 -0.321053
vn 0.572764 -0.712667 -0.377861
vn 0.758922 0.587477 -0.277345
vn 0.710385 0.621870 -0.326189
vn 0.808666 0.427084 -0.402741
vn 0.897545 0.424583 -0.118152
vn 0.920594 0.369383 -0.092287
vn 0.932285 0.331180 -0.121598
vn 0.787293 0.575375 -0.214906
vn 0.806359 0.560703 -0.185350
vn 0.864668 0.475946 -0.151658
vn 0.487508 -0.762851 -0.363659
vn 0.694755 0.511806 -0.503796
vn 0.683085 0.653443 -0.324809
vn 0.725893 0.616866 -0.298346
vn 0.730816 0.630363 -0.242236
vn 0.658694 0.683826 -0.313057
vn 0.970633 0.216162 -0.087194
vn 0.687358 0.544306 -0.479766
vn 0.793245 0.541332 -0.275564
vn 0.750546 0.658214 -0.033852
vn 0.759350 0.650566 0.005671
vn 0.780061 0.624688 0.002211
vn 0.697885 -0.025154 -0.704966
vn 0.717967 0.218039 -0.649172
vn 0.698020 0.636526 -0.325848
vn 0.756344 0.594717 -0.268978
vn 0.874852 0.473965 -0.091914
vn 0.794667 0.582428 -0.163556
vn 0.819445 0.558586 -0.125446
vn 0.683384 0.667233 -0.294434
vn 0.692398 0.680177 -0.235778
vn 0.755905 0.622055 -0.200853
vn 0.693448 0.657209 -0.293549
vn 0.709698 0.653619 -0.257760
vn 0.716907 0.653497 -0.240167
vn 0.735529 0.652304 -0.176194
vn 0.503689 -0.448395 -0.733788
vn 0.526910 -0.332227 -0.782165
vn 0.503550 -0.410528 -0.755344
vn 0.812144 0.575374 -0.089084
vn 0.781874 0.620130 -0.042369
vn 0.804976 0.592453 -0.012745
vn 0.686961 0.437028 -0.580002
vn 0.668899 0.424509 -0.609550
vn 0.676106 0.463056 -0.572790
vn 0.986473 0.084767 -0.093372
vn 0.869883 0.487039 -0.071950
vn 0.780864 0.612567 -0.107241
vn 0.803922 0.594440 0.017002
vn 0.814855 0.579513 0.007190
vn 0.821447 0.567646 -0.039882
vn 0.757516 0.647002 -0.051288
vn 0.979952 -0.153927 -0.117629
vn 0.992540 -0.071879 -0.093335
vn 0.500613 -0.525583 -0.680923
vn 0.418491 -0.586111 -0.684295
vn 0.783340 0.620659 0.019104
vn 0.824723 0.557653 -0.088850
vn 0.729087 0.675255 -0.092456
vn 0.750263 0.659652 -0.023531
vn 0.846573 0.527930 -0.065507
vn 0.858971 0.507976 -0.064235
vn 0.403082 -0.762985 -0.480334
vn 0.389025 -0.768321 -0.481860
vn 0.441952 -0.852600 -0.263237
vn 0.464854 -0.835522 -0.200598
vn 0.407947 -0.727516 -0.512853
vn 0.417158 -0.847373 -0.319007
vn 0.391431 -0.870860 -0.234374
vn 0.540187 -0.767381 -0.312768
vn 0.252403 -0.957801 -0.105108
vn 0.539989 -0.230587 -0.800728
vn 0.678136 0.508509 -0.530218
vn 0.597460 -0.047535 -0.788494
vn 0.560199 0.079590 -0.819957
vn 0.585987 -0.251274 -0.765315
vn 0.703022 0.469690 -0.532716
vn 0.663498 -0.287859 -0.677658
vn 0.555055 -0.389174 -0.730948
vn 0.665006 0.358246 -0.653777
vn 0.665572 0.361901 -0.650669
vn 0.747938 -0.111035 -0.650165
vn 0.639996 0.185493 -0.733631
vn 0.828784 0.557569 -0.039159
vn 0.694178 0.383579 -0.606970
vn 0.622628 0.260418 -0.729497
vn 0.679230 0.487401 -0.548192
vn 0.707219 0.690808 -0.147238
vn 0.828369 0.554036 -0.079413
vn 0.710515 0.697932 -0.085184
vn 0.674821 0.497457 -0.534675
vn 0.656150 0.522959 -0.541155
vn 0.666446 0.511940 -0.539782
vn 0.966829 0.235717 -0.087554
vn 0.677635 0.484864 -0.550640
vn -0.641807 0.576994 -0.482211
vn -0.668948 0.551876 -0.494883
vn -0.699635 0.532485 -0.471641
vn -0.511016 0.560648 -0.649471
vn -0.539353 0.575584 -0.603527
vn -0.499990 0.612401 -0.597064
vn -0.614664 0.610117 -0.495315
vn -0.642490 0.534184 -0.542830
vn -0.641130 0.603798 -0.473245
vn -0.665719 0.574219 -0.475881
vn -0.388177 0.383820 -0.834014
vn -0.502383 0.448552 -0.733965
vn -0.427047 0.508405 -0.742515
vn -0.494445 0.630363 -0.595443
vn -0.504312 0.605667 -0.613140
vn -0.472771 0.647181 -0.596430
vn -0.469648 -0.003247 -0.881028
vn -0.434755 -0.109405 -0.892612
vn -0.476583 -0.106635 -0.871460
vn -0.283606 0.473280 -0.832976
vn -0.308516 0.425357 -0.849888
vn -0.337825 0.501351 -0.793371
vn -0.562650 0.608709 -0.558842
vn -0.580725 0.587604 -0.561577
vn -0.556532 0.614601 -0.556952
vn -0.438539 0.064168 -0.895256
vn -0.443253 0.150309 -0.881157
vn -0.637588 0.559594 -0.528683
vn -0.533238 0.585778 -0.609346
vn -0.588989 0.589342 -0.550768
vn -0.567724 0.612367 -0.548201
vn -0.551061 0.667610 -0.500065
vn -0.472522 0.656921 -0.580804
vn -0.612721 0.571598 -0.544603
vn -0.569976 0.598706 -0.561556
vn -0.596226 0.617856 -0.511670
vn -0.544559 0.648463 -0.530892
vn -0.532898 0.631284 -0.561150
vn -0.560425 0.568658 -0.600552
vn -0.519265 0.554605 -0.647615
vn -0.443865 0.771795 -0.450006
vn -0.442783 0.756578 -0.477712
vn -0.360236 0.818169 -0.441959
vn -0.628684 0.591008 -0.503363
vn -0.596075 0.630133 -0.497189
vn -0.485142 0.631032 -0.603663
vn -0.489337 0.646842 -0.578921
vn -0.614210 0.648608 -0.444742
vn -0.604745 0.662173 -0.440418
vn -0.444696 0.588662 -0.673976
vn -0.493546 0.620988 -0.607230
vn -0.514567 0.593784 -0.613917
vn -0.495775 0.655411 -0.565113
vn -0.564724 0.654913 -0.499389
vn -0.656570 0.600321 -0.453275
vn -0.580579 0.534626 -0.612197
vn -0.558296 0.489458 -0.667832
vn -0.528826 0.625188 -0.572699
vn -0.383276 0.561800 -0.731354
vn -0.324410 0.534428 -0.779102
vn -0.578010 0.674441 -0.456136
vn -0.470953 0.741417 -0.470735
vn -0.422100 -0.019097 -0.904570
vn -0.620951 0.282039 -0.729827
vn -0.617407 0.221516 -0.753278
vn -0.624723 0.318140 -0.708836
vn -0.361897 0.832777 -0.416547
vn -0.464134 0.728927 -0.493246
vn -0.445256 0.732617 -0.510812
vn -0.435033 0.793266 -0.417393
vn -0.412207 0.791421 -0.433678
vn -0.368633 0.788731 -0.486786
vn -0.330743 0.852187 -0.395377
vn -0.438663 -0.223348 -0.868467
vn -0.446679 -0.317199 -0.833916
vn -0.466672 -0.215731 -0.855176
vn -0.529200 -0.108421 -0.841265
vn -0.537879 -0.037046 -0.840589
vn -0.504538 -0.065492 -0.859011
vn -0.324540 0.865840 -0.374422
vn -0.346076 0.838768 -0.410750
vn -0.362242 0.858257 -0.359408
vn -0.393705 0.760218 -0.508912
vn -0.464491 0.697277 -0.540641
vn -0.481631 0.757986 -0.434308
vn -0.450961 0.697744 -0.552847
vn -0.457863 0.636278 -0.618027
vn -0.474594 0.658639 -0.573016
vn -0.634457 0.610790 -0.471420
vn -0.661075 0.591306 -0.459293
vn -0.629727 0.606183 -0.484484
vn -0.585041 0.424161 -0.688953
vn -0.596965 0.453963 -0.657480
vn -0.620955 0.403805 -0.664738
vn -0.411538 -0.318769 -0.849755
vn -0.360083 -0.334165 -0.865883
vn -0.357748 -0.419937 -0.833221
vn -0.546740 0.625429 -0.554840
vn -0.545013 0.558854 -0.622121
vn -0.611067 0.465597 -0.639444
vn -0.582138 0.531883 -0.612957
vn -0.430460 0.674985 -0.596590
vn -0.559784 0.059911 -0.824069
vn -0.557296 -0.045165 -0.828198
vn -0.506871 0.091401 -0.853535
vn -0.604391 0.604236 -0.517593
vn -0.389462 0.747903 -0.532556
vn -0.465464 0.651655 -0.595132
vn -0.423105 0.589515 -0.684573
vn -0.368069 0.556661 -0.744105
vn -0.643493 0.593644 -0.479872
vn -0.632835 0.602145 -0.480301
vn -0.496069 -0.182920 -0.846181
vn -0.329065 -0.257455 -0.904434
vn -0.303832 -0.404005 -0.861378
vn -0.411588 0.252306 -0.875000
vn -0.430503 0.288584 -0.854461
vn -0.615526 0.506876 -0.601935
vn -0.623010 0.439637 -0.643364
vn -0.637339 0.451500 -0.620624
vn -0.501953 0.678361 -0.534783
vn -0.498725 0.677233 -0.538342
vn -0.514012 0.658485 -0.546601
vn -0.595447 0.131371 -0.788783
vn -0.612940 0.248303 -0.747873
vn -0.555167 0.206705 -0.802115
vn -0.627454 0.244649 -0.734635
vn -0.492522 0.657375 -0.569679
vn -0.582359 0.024754 -0.811961
vn -0.293410 -0.300384 -0.903784
vn -0.457495 0.622596 -0.634648
vn -0.499529 0.582998 -0.638816
vn -0.495250 0.221397 -0.836746
vn -0.311193 0.862129 -0.396519
vn -0.553705 0.346104 -0.753280
vn -0.314686 0.872860 -0.366674
vn -0.331455 0.864267 -0.374337
vn -0.348181 0.858505 -0.368651
vn -0.611302 0.138915 -0.775673
vn -0.490791 0.341687 -0.798166
vn -0.469363 0.604502 -0.640686
vn -0.485321 0.634195 -0.599954
vn -0.370763 0.758262 -0.533002
vn -0.646135 0.388592 -0.651908
vn -0.561041 0.572751 -0.595968
vn -0.580510 0.441358 -0.679725
vn -0.583726 0.578998 -0.564318
vn -0.566567 0.593942 -0.570413
vn -0.624718 0.353813 -0.695457
vn -0.619008 0.315525 -0.717315
vn -0.274681 -0.385235 -0.880853
vn -0.287177 -0.430973 -0.854940
vn -0.399722 -0.160619 -0.900451
vn -0.351816 -0.109498 -0.925934
vn -0.534590 0.643213 -0.547475
vn -0.624161 0.678182 -0.386920
vn -0.586937 0.556201 -0.585249
vn -0.587527 0.608784 -0.530944
vn -0.509005 0.637891 -0.575764
vn -0.306468 0.273139 -0.910794
vn -0.361870 0.212033 -0.905180
vn -0.343112 0.308513 -0.885784
vn -0.597025 0.305966 -0.739564
vn -0.664525 0.576297 -0.472406
vn -0.713844 0.520578 -0.465422
vn -0.310475 0.370018 -0.874305
vn -0.420290 0.619226 -0.660844
vn -0.516625 0.642518 -0.564580
vn -0.332714 0.135258 -0.931128
vn -0.374390 -0.014306 -0.923196
vn -0.339577 0.047493 -0.938674
vn -0.523562 0.522250 -0.672528
vn -0.564076 0.619510 -0.539982
vn -0.545617 0.660346 -0.514536
vn -0.666747 0.406934 -0.622631
vn -0.333813 0.858956 -0.374122
vn -0.327117 0.865628 -0.375373
vn -0.377152 0.104150 -0.918611
vn -0.532073 0.654942 -0.535983
vn -0.313933 -0.438540 -0.841856
vn -0.337791 0.862786 -0.375155
vn -0.608535 0.631033 -0.479927
vn -0.400826 0.852927 -0.333319
vn -0.323251 0.863650 -0.384767
vn -0.620545 0.632262 -0.459970
vn -0.612407 0.555867 -0.561084
vn -0.323035 0.846159 -0.423866
vn 0.607735 0.696484 -0.375224
vn 0.587012 0.723776 -0.360304
vn 0.619087 0.710876 -0.327129
vn 0.746281 0.659953 0.044592
vn 0.739685 0.662012 0.100855
vn 0.739190 0.670834 -0.032315
vn 0.639784 0.713878 -0.281936
vn 0.674985 0.705995 -0.207955
vn 0.638069 0.715478 -0.278292
vn 0.660801 0.486176 0.562577
vn 0.683621 0.536971 0.489548
vn 0.685655 0.541891 0.482588
vn 0.703690 0.477316 0.522248
vn 0.731914 0.483797 0.474532
vn 0.741794 0.535826 0.377448
vn 0.711762 0.700460 -0.046641
vn 0.724615 0.682472 0.025350
vn 0.767138 0.629278 0.049813
vn 0.715830 0.689482 -0.096432
vn 0.698976 0.707529 -0.069409
vn 0.755296 0.546723 0.352329
vn 0.774163 0.557505 0.293883
vn 0.740582 0.619284 0.257994
vn 0.765635 0.521212 0.374501
vn 0.751768 0.531227 0.385633
vn 0.766221 0.552850 0.316293
vn 0.675363 0.717605 -0.159610
vn 0.656281 0.730421 -0.181691
vn 0.613174 0.669001 -0.419909
vn 0.628414 0.697688 -0.333755
vn 0.621523 0.682167 -0.380373
vn 0.704585 0.670012 -0.224637
vn 0.754324 0.642476 -0.062187
vn 0.752518 0.629745 -0.154353
vn 0.693916 0.710233 -0.099708
vn 0.677606 0.694773 -0.235087
vn 0.655252 0.705612 -0.256666
vn 0.684019 0.691499 -0.225005
vn 0.643805 0.699555 -0.303197
vn 0.429615 0.675556 -0.597266
vn 0.451376 0.686812 -0.566379
vn 0.534589 0.686396 -0.483913
vn 0.410728 0.658844 -0.629151
vn 0.441431 0.672494 -0.590547
vn 0.739424 0.647862 0.164948
vn 0.765277 0.607254 0.196351
vn 0.753197 0.605043 0.251598
vn 0.693557 0.697409 -0.160077
vn 0.693615 0.685851 -0.216558
vn 0.806458 0.587570 -0.014781
vn 0.773607 0.623169 -0.090106
vn 0.769451 0.627840 -0.103478
vn 0.745203 0.640752 -0.184685
vn 0.687025 0.564120 0.439752
vn 0.726158 0.606473 0.302737
vn 0.817079 0.558432 -0.013407
vn 0.763026 0.623951 -0.000568
vn 0.787417 0.573259 0.212680
vn 0.541952 0.719194 -0.423134
vn 0.582599 0.721708 -0.371617
vn 0.738030 0.667653 0.031668
vn 0.607321 0.716412 -0.334644
vn 0.666133 0.706258 -0.233234
vn 0.732864 0.619445 0.272008
vn 0.737192 0.650791 0.165183
vn 0.730703 0.621026 0.275142
vn 0.780079 0.587557 0.202931
vn 0.783377 0.580618 0.214424
vn 0.658156 0.734578 -0.159814
vn 0.677780 0.717302 -0.156851
vn 0.622382 0.717935 -0.290645
vn 0.648824 0.710328 -0.265822
vn 0.767045 0.599910 0.219542
vn 0.649916 0.723364 -0.227016
vn 0.694495 0.705468 -0.121933
vn 0.685727 0.699860 -0.187985
vn 0.720053 0.681997 -0.103764
vn 0.738997 0.668191 -0.050856
vn 0.762854 0.637426 0.070346
vn 0.401848 0.643212 -0.651760
vn 0.810920 0.574685 0.041455
vn 0.781611 0.622097 -0.009256
vn 0.766633 0.638099 -0.050946
vn 0.675469 0.713496 -0.172233
vn 0.687848 0.717683 -0.073854
vn 0.726691 0.641986 0.240038
vn 0.767131 0.606505 0.198599
vn 0.751513 0.621753 0.209975
vn 0.582027 0.701411 -0.410194
vn 0.589758 0.708658 -0.386417
vn 0.581663 0.720266 -0.377143
vn 0.789413 0.585839 0.183200
vn 0.799157 0.558806 0.217970
vn 0.780528 0.578339 0.232296
vn 0.751551 0.620892 0.218821
vn 0.723789 0.610847 0.310435
vn 0.620417 0.710217 -0.322770
vn 0.691807 0.691240 -0.189366
vn 0.765197 0.596037 0.217329
vn 0.764189 0.596507 0.238548
vn 0.754749 0.613032 0.227622
vn 0.752821 0.617220 0.215837
vn 0.674046 0.523576 0.517797
vn 0.619787 0.539896 0.567355
vn 0.816118 0.572032 0.039565
vn 0.753402 0.648749 -0.081025
vn 0.637546 0.506951 0.576519
vn 0.675954 0.556252 0.463430
vn 0.767713 0.628539 -0.070485
vn 0.716405 0.567208 0.400199
vn 0.772559 0.632108 0.014652
vn 0.759711 0.648078 -0.031462
vn 0.734787 0.649563 0.148401
vn 0.719339 0.689392 -0.071781
vn 0.617135 0.704308 -0.345206
vn 0.594768 0.699547 -0.391030
vn 0.711947 0.693362 0.048650
vn 0.752069 0.638887 0.149975
vn 0.772609 0.566306 0.257553
vn 0.770694 0.543576 0.316089
vn 0.673523 0.489747 0.548289
vn 0.541879 0.711769 -0.446440
vn 0.563433 0.707464 -0.424420
vn 0.565717 0.720341 -0.397796
vn 0.716624 0.664443 -0.208806
vn 0.795077 0.571242 0.179178
vn 0.779925 0.611799 -0.121085
vn 0.701893 0.501602 0.497066
vn 0.716293 0.501707 0.465228
vn 0.529549 0.708255 -0.455784
vn 0.633672 0.495101 0.586471
vn 0.792272 0.582404 0.157133
vn 0.727212 0.654590 0.187312
vn 0.734395 0.634279 0.222468
vn 0.740103 0.664435 0.020205
vn 0.689392 0.708994 -0.135197
vn 0.417142 0.656339 -0.624815
vn 0.467789 0.686185 -0.554062
vn 0.587331 0.714563 -0.376459
vn 0.704427 0.658664 -0.262589
vn 0.671350 0.443466 0.574533
vn 0.736569 0.457013 0.496021
vn 0.675742 0.343959 0.606118
vn 0.602029 0.441928 0.658991
vn 0.596375 0.467790 0.639678
vn 0.661361 0.716280 -0.203090
vn 0.623384 0.725074 -0.281423
vn 0.724399 0.685249 0.007412
vn 0.615742 0.515149 0.593183
vn 0.607585 0.460756 0.645090
vn 0.725463 0.683815 0.030702
vn 0.785205 0.561920 0.257117
vn 0.601683 0.726682 -0.326176
vn 0.760996 0.607775 0.210437
vn 0.703928 0.707673 -0.030392
vn 0.734155 0.647761 0.193964
vn 0.566863 0.669067 -0.474386
vn 0.482741 0.638273 -0.595478
vn 0.746633 0.647420 -0.133196
vn 0.765014 0.614712 0.185286
vn 0.708444 0.462991 0.531715
vn 0.723775 0.544764 0.410320
vn 0.784548 0.573515 0.231222
vn 0.701368 0.573542 0.407083
vn 0.729950 0.632746 0.235184
vn 0.713295 0.685275 0.122720
vn 0.677203 0.720980 0.146912
vn 0.711954 0.464503 0.516732
vn 0.692094 0.716794 -0.032119
vn 0.670288 0.735378 -0.083506
vn 0.685023 0.722997 0.055854
vn 0.717020 0.693559 0.005927
vn 0.715946 0.471560 0.505562
vn 0.474939 0.606039 -0.636763
vn 0.591840 0.761898 -0.255364
vn 0.580925 0.728111 -0.360525
vn 0.639543 0.438892 0.630259
vn 0.575136 0.423547 0.675266
vn 0.549461 0.715441 -0.425149
vn 0.386596 0.133831 0.898861
vn 0.477209 0.192634 0.818371
vn 0.425691 0.640598 -0.632896
vn 0.346771 0.612388 -0.710444
vn 0.751505 0.506407 0.420271
vn 0.707410 0.511951 0.476788
vn 0.320892 0.089873 0.930054
vn 0.308322 0.137424 0.925314
vn 0.456930 0.301805 0.804877
vn 0.735145 0.445289 0.509731
vn 0.370100 0.213294 0.899490
vn -0.346615 -0.289352 0.887737
vn -0.442727 -0.259428 0.857295
vn -0.391498 -0.198377 0.893913
vn -0.416917 -0.342992 0.840190
vn 0.511996 0.289045 0.788866
vn 0.459071 0.203777 0.863396
vn 0.590177 0.305225 0.732603
vn 0.633801 0.335454 0.688168
vn 0.697859 0.365666 0.596907
vn 0.614723 0.301071 0.720735
vn -0.377372 -0.370889 0.847610
vn -0.394276 -0.393362 0.830458
vn 0.674214 0.257315 0.688178
vn 0.629180 0.221865 0.742039
vn 0.635929 0.281613 0.708629
vn 0.660472 0.278700 0.684544
vn -0.211385 -0.200403 0.947064
vn -0.195064 -0.260128 0.940209
vn 0.629055 0.331412 0.694717
vn -0.338143 -0.408663 0.845280
vn -0.300993 -0.335521 0.890551
vn -0.378997 -0.441965 0.811703
vn 0.163171 -0.055984 0.971055
vn -0.005312 -0.212957 0.973749
vn 0.053484 -0.133580 0.985393
vn -0.265514 -0.411673 0.870140
vn -0.171578 -0.340447 0.922003
vn -0.211453 -0.375832 0.897782
vn 0.810412 0.520610 0.256734
vn 0.796616 0.549701 0.240489
vn 0.804469 0.535482 0.247541
vn 0.042005 -0.157843 0.981484
vn -0.059592 -0.237034 0.967612
vn 0.052884 -0.143141 0.981638
vn -0.069940 -0.174680 0.979439
vn 0.808777 0.519065 0.265315
vn 0.804908 0.545345 0.225806
vn 0.609791 0.327316 0.717146
vn 0.624726 0.418843 0.651051
vn 0.626440 0.380075 0.673567
vn -0.329185 -0.453951 0.826915
vn -0.129167 -0.266460 0.953674
vn -0.227753 -0.344531 0.907274
vn 0.621037 0.597264 0.472343
vn 0.568026 0.740659 0.346923
vn 0.668693 0.614351 0.393014
vn 0.083184 -0.099487 0.982764
vn 0.699778 0.612956 0.346863
vn 0.686703 0.671117 0.235188
vn 0.794487 0.514137 0.291997
vn 0.760154 0.437691 0.466056
vn 0.736728 0.466742 0.484010
vn 0.723620 0.372606 0.573936
vn -0.033313 -0.213302 0.972622
vn 0.879632 0.366797 0.285666
vn 0.767270 0.518433 0.289132
vn -0.463134 -0.167985 0.869379
vn -0.336927 -0.149373 0.928138
vn 0.561227 0.759479 0.309451
vn 0.551290 0.785730 0.270115
vn -0.101327 -0.277488 0.952967
vn 0.624498 0.201014 0.747686
vn 0.507322 0.128726 0.837633
vn 0.410300 0.074146 0.900056
vn 0.615267 0.746961 0.250847
vn 0.264555 -0.030490 0.957248
vn 0.146402 -0.106324 0.979333
vn 0.293031 0.005878 0.952137
vn 0.742361 0.516744 0.416788
vn 0.711328 0.507751 0.478597
vn -0.090779 -0.263499 0.956495
vn -0.117926 -0.293124 0.946731
vn 0.730320 0.453999 0.497669
vn 0.726794 0.490193 0.473890
vn 0.747705 0.460705 0.466705
vn -0.285489 -0.440257 0.851158
vn 0.014638 -0.181784 0.977980
vn 0.815108 0.509485 0.271235
vn 0.344742 0.060698 0.922684
vn 0.623121 0.341384 0.701154
vn 0.670601 0.356717 0.641955
vn 0.443691 0.219395 0.857639
vn 0.449470 0.229616 0.853984
vn 0.271935 0.080326 0.945127
vn 0.802875 0.508447 0.302769
vn 0.790442 0.470779 0.382884
vn 0.814918 0.495134 0.289619
vn 0.831804 0.532404 0.147580
vn 0.814942 0.538751 0.208007
vn 0.644939 0.683440 0.329775
vn 0.766742 0.537724 0.333218
vn 0.607047 0.291801 0.731328
vn 0.649421 0.356911 0.658736
vn 0.185612 -0.049493 0.973573
vn 0.473737 0.230297 0.829397
vn 0.558534 0.263185 0.774095
vn 0.472572 0.147932 0.854886
vn 0.403716 0.143219 0.896736
vn 0.798482 0.453268 0.391077
vn 0.810855 0.484344 0.323407
vn -0.214923 -0.372094 0.897359
vn 0.828727 0.494331 0.249066
vn 0.807883 0.544944 0.217535
vn 0.159723 -0.048602 0.980453
vn 0.251081 0.006463 0.966732
vn 0.354491 0.097586 0.921114
vn -0.023251 -0.097626 0.991278
vn -0.393029 -0.095425 0.910926
vn 0.814104 0.417748 0.386339
vn 0.183533 -0.017880 0.973213
vn 0.349127 0.087388 0.917032
vn 0.685410 0.471272 0.552734
vn 0.652417 0.418584 0.625333
vn 0.605867 0.470756 0.637399
vn 0.753614 0.457924 0.468093
vn 0.632014 0.361024 0.677123
vn 0.539298 0.247267 0.799115
vn 0.014110 -0.245473 0.964485
vn 0.580486 0.189057 0.787594
vn 0.618678 0.280350 0.723116
vn -0.262960 -0.062274 0.956648
vn 0.581505 0.747128 0.321949
vn 0.789040 0.551836 0.259192
vn 0.562776 0.311937 0.758912
vn 0.430852 0.216286 0.865120
vn 0.620306 0.361886 0.691164
vn 0.704567 0.386796 0.592658
vn 0.350887 0.155950 0.915503
vn 0.564637 0.346058 0.741887
vn 0.644812 0.416761 0.631329
vn 0.696175 0.383127 0.596216
vn 0.714094 0.472948 0.504958
vn 0.669209 0.409304 0.603341
vn 0.293934 0.114576 0.945714
vn 0.207167 0.054027 0.974492
vn 0.549680 0.374375 0.738042
vn 0.588074 0.422246 0.685266
vn 0.601924 0.347270 0.715501
vn 0.814068 0.438774 0.373846
vn 0.385942 0.124016 0.899505
vn 0.794567 0.524960 0.289019
vn 0.646307 0.432419 0.613733
vn 0.783647 0.461573 0.407530
vn 0.750405 0.486663 0.436922
vn 0.735552 0.483708 0.461034
vn 0.505101 0.304097 0.807712
vn 0.741728 0.511186 0.432321
vn 0.739297 0.495498 0.451084
vn 0.383178 0.273805 0.873672
vn 0.704310 0.553913 0.441044
vn 0.751088 0.417342 0.507255
vn 0.732934 0.416844 0.533704
vn 0.770041 0.433161 0.465380
vn 0.664026 0.489237 0.564164
vn 0.154353 0.142685 0.975297
vn 0.537785 0.434192 0.717659
vn 0.727752 0.540765 0.416542
vn 0.724321 0.550536 0.411046
vn 0.730996 0.439531 0.517187
vn -0.052486 -0.031327 0.992846
vn 0.050077 0.060331 0.992193
vn 0.105654 -0.020252 0.989737
vn -0.369796 0.010828 0.926081
vn -0.308070 0.073545 0.942705
vn 0.685185 0.394022 0.608873
vn -0.408581 0.019922 0.909860
vn -0.381442 0.107069 0.916355
vn 0.786268 0.458201 0.411305
vn 0.795543 0.503555 0.324023
vn 0.772685 0.548719 0.311455
vn 0.737104 0.537358 0.406982
vn 0.365867 0.335710 0.859424
vn 0.760369 0.384793 0.520156
vn 0.257677 0.198477 0.942015
vn 0.194298 0.248302 0.944264
vn 0.027444 0.168313 0.979479
vn -0.140195 0.079786 0.978600
vn -0.273257 0.142771 0.945881
vn 0.768039 0.392347 0.499342
vn 0.759398 0.410379 0.494563
vn 0.718822 0.460615 0.516704
vn 0.768700 0.394781 0.495470
vn -0.100293 0.164164 0.979535
vn 0.276018 0.317456 0.903661
vn 0.066673 0.232948 0.967405
vn -0.284072 -0.439088 0.852322
vn -0.163819 -0.106992 0.973923
vn 0.823122 0.535025 0.178903
vn 0.160760 0.269001 0.948077
vn 0.782812 0.503039 0.360121
vn 0.797744 0.505554 0.321624
vn 0.793723 0.466863 0.381616
vn 0.820169 0.543918 0.169908
vn 0.790249 0.547223 0.262102
vn 0.788679 0.552896 0.264030
vn 0.761366 0.426638 0.469873
vn 0.803110 0.541267 0.244350
vn 0.739798 0.490206 0.459860
vn 0.713178 0.526201 0.462962
vn 0.747326 0.530850 0.397775
vn 0.459767 0.396417 0.787828
vn 0.796999 0.568239 0.204326
vn 0.838464 0.531017 0.112379
vn 0.408876 0.744356 -0.523884
vn 0.473043 0.726982 -0.497210
vn 0.454050 0.701072 -0.545735
vn 0.289107 0.880589 -0.372974
vn 0.287691 0.887000 -0.359630
vn 0.287711 0.877322 -0.381084
vn 0.396029 0.778701 -0.483633
vn 0.386997 0.770693 -0.504472
vn 0.620170 0.639442 -0.453208
vn 0.648138 0.613930 -0.449740
vn 0.627356 0.607601 -0.485953
vn 0.443049 0.759110 -0.475944
vn 0.357010 0.567937 -0.741376
vn 0.358683 0.596089 -0.717252
vn 0.386273 0.593925 -0.705080
vn 0.460273 0.777956 -0.426175
vn 0.504872 0.757380 -0.412324
vn 0.497485 0.745090 -0.443754
vn 0.608665 0.475796 -0.633633
vn 0.614783 0.448516 -0.647863
vn 0.545298 0.492304 -0.676469
vn 0.600736 0.688751 -0.405110
vn 0.604462 0.671061 -0.425538
vn 0.567979 0.691960 -0.444437
vn 0.431133 0.760830 -0.483612
vn 0.446467 0.761066 -0.468711
vn 0.438534 0.762846 -0.473792
vn 0.659856 0.476566 -0.580350
vn 0.656872 0.502028 -0.561832
vn 0.657405 0.471814 -0.587108
vn 0.386527 0.721872 -0.571841
vn 0.602649 0.569877 -0.557756
vn 0.591623 0.557078 -0.580806
vn 0.542561 0.599606 -0.587461
vn 0.394463 0.669828 -0.628737
vn 0.380719 0.680620 -0.625530
vn 0.397349 0.689644 -0.603606
vn 0.643345 0.434096 -0.630608
vn 0.651517 0.444320 -0.614522
vn 0.651058 0.453318 -0.608449
vn 0.531144 0.700315 -0.474078
vn 0.466438 0.740378 -0.481970
vn 0.515683 0.727875 -0.450418
vn 0.485662 0.785588 -0.383184
vn 0.514481 0.785865 -0.339496
vn 0.554289 0.738934 -0.379727
vn 0.443306 0.641063 -0.625493
vn 0.406588 0.642111 -0.648479
vn 0.403795 0.710659 -0.575862
vn 0.510487 0.588209 -0.624796
vn 0.591541 0.544833 -0.593384
vn 0.638397 0.532367 -0.555333
vn 0.629629 0.527078 -0.570667
vn 0.257622 0.845518 -0.466958
vn 0.269959 0.854765 -0.442149
vn 0.267960 0.849380 -0.451491
vn 0.199851 0.873218 -0.443542
vn 0.248993 0.858302 -0.447269
vn 0.225872 0.857433 -0.461306
vn 0.294460 0.858676 -0.412130
vn 0.266792 0.870225 -0.410160
vn 0.309413 0.844884 -0.434458
vn 0.562369 0.711092 -0.419649
vn 0.251498 0.842765 -0.473557
vn 0.194416 0.731801 -0.649509
vn 0.142444 0.722617 -0.674658
vn 0.238673 0.735603 -0.633387
vn 0.273847 0.827533 -0.487391
vn 0.275112 0.839501 -0.466334
vn 0.242219 0.801004 -0.544271
vn 0.258023 0.828469 -0.496535
vn 0.248003 0.829756 -0.497186
vn 0.386691 0.790750 -0.473466
vn 0.357800 0.821080 -0.442893
vn 0.388692 0.786214 -0.477791
vn 0.479028 0.537415 -0.693010
vn 0.426753 0.552534 -0.715783
vn 0.442525 0.582576 -0.680777
vn 0.628007 0.562376 -0.536344
vn 0.595050 0.606923 -0.525370
vn 0.592129 0.639747 -0.487499
vn 0.670386 0.523895 -0.525248
vn 0.661622 0.538375 -0.521125
vn 0.667597 0.547492 -0.502868
vn 0.500553 0.789736 -0.351214
vn 0.479813 0.805431 -0.345184
vn 0.444915 0.833113 -0.327327
vn 0.529908 0.788012 -0.310930
vn 0.567780 0.768122 -0.293606
vn 0.577456 0.743245 -0.333117
vn 0.638622 0.583051 -0.500600
vn 0.665297 0.597901 -0.446214
vn 0.284019 0.762235 -0.580626
vn 0.290713 0.756248 -0.584547
vn 0.486312 0.786496 -0.378088
vn 0.602637 0.704092 -0.375099
vn 0.523074 0.675334 -0.517102
vn 0.375449 0.694224 -0.613496
vn 0.251644 0.819247 -0.514591
vn 0.254748 0.826562 -0.500546
vn 0.451316 0.611335 -0.649868
vn 0.398119 0.615578 -0.678925
vn 0.632907 0.703315 -0.323602
vn 0.641429 0.689473 -0.335713
vn 0.618685 0.710059 -0.334840
vn 0.432278 0.801605 -0.412871
vn 0.394229 0.812491 -0.424515
vn 0.376697 0.792928 -0.474218
vn 0.295060 0.857388 -0.420640
vn 0.637629 0.642748 -0.423538
vn 0.274195 0.808793 -0.510214
vn 0.354656 0.741080 -0.567111
vn 0.653699 0.667385 -0.356659
vn 0.628935 0.691221 -0.354833
vn 0.383203 0.641050 -0.663453
vn 0.658654 0.509192 -0.552879
vn 0.259685 0.916157 -0.302031
vn 0.278734 0.902516 -0.320649
vn 0.239822 0.895737 -0.371148
vn 0.396003 0.782790 -0.477391
vn 0.421921 0.811001 -0.400547
vn 0.290966 0.868411 -0.399082
vn 0.277868 0.864578 -0.413667
vn 0.305088 0.878734 -0.364232
vn 0.555386 0.526666 -0.640554
vn 0.630045 0.666668 -0.396089
vn 0.653117 0.510229 -0.557805
vn 0.368529 0.843473 -0.388683
vn 0.652021 0.486781 -0.580953
vn 0.651200 0.510697 -0.558483
vn 0.286585 0.871287 -0.391521
vn 0.479332 0.652917 -0.584889
vn 0.545703 0.618680 -0.562831
vn 0.413762 0.779402 -0.467872
vn 0.656057 0.507866 -0.557116
vn 0.654499 0.503752 -0.561072
vn 0.198756 0.864203 -0.462222
vn 0.656777 0.665996 -0.353632
vn 0.648890 0.647816 -0.397011
vn 0.644577 0.427017 -0.634151
vn 0.326539 0.806337 -0.487368
vn 0.307761 0.836641 -0.446866
vn 0.346599 0.827672 -0.438660
vn 0.323439 0.901829 -0.284399
vn 0.340736 0.874552 -0.341659
vn 0.197681 0.867904 -0.454005
vn 0.249967 0.842148 -0.473836
vn 0.428797 0.679666 -0.594675
vn 0.645756 0.630516 -0.430574
vn 0.663596 0.576931 -0.475521
vn 0.256272 0.885905 -0.380857
vn 0.413840 0.736265 -0.533250
vn 0.486464 0.622397 -0.611714
vn 0.654046 0.611548 -0.444141
vn 0.324430 0.729113 -0.600979
vn 0.667839 0.540640 -0.510450
vn 0.277864 0.898492 -0.331626
vn 0.398847 0.835649 -0.375396
vn 0.390693 0.828303 -0.394916
vn 0.406019 0.839308 -0.356786
vn 0.378425 0.869726 -0.313976
vn 0.381262 0.680367 -0.625528
vn 0.347536 0.699572 -0.623563
vn 0.417917 0.745547 -0.506915
vn 0.354421 0.840192 -0.408003
vn 0.347172 0.832607 -0.430737
vn 0.644473 0.450047 -0.617542
vn 0.353459 0.823735 -0.439792
vn 0.300720 0.850666 -0.429916
vn 0.334412 0.839234 -0.425414
vn 0.260299 0.834671 -0.482677
vn 0.118187 0.727362 -0.675651
vn 0.386639 0.807696 -0.442897
vn 0.301474 0.853351 -0.424527
vn 0.341789 0.840973 -0.416089
vn 0.288256 0.813951 -0.500171
vn 0.661031 0.554430 -0.498283
vn 0.274780 0.890661 -0.360251
vn 0.268362 0.831969 -0.481697
vn 0.332351 0.763077 -0.549708
vn 0.657353 0.504321 -0.559804
vn 0.664294 0.520311 -0.536584
vn 0.112974 0.717283 -0.687562
vn 0.159759 0.769848 -0.613515
vn 0.254059 0.772219 -0.578171
vn 0.085170 0.774117 -0.626130
vn 0.204227 0.807240 -0.551390
vn 0.107291 0.820967 -0.552546
vn 0.645966 0.483784 -0.590378
vn 0.627482 0.509473 -0.587921
vn 0.025014 0.825173 -0.558271
vn 0.165340 0.864798 -0.471439
vn 0.108751 0.873556 -0.466176
vn 0.393964 0.647484 -0.650657
vn 0.319941 0.872327 -0.365187
vn 0.313092 0.860221 -0.394108
vn 0.307562 0.804402 -0.503384
vn 0.333489 0.836699 -0.431953
vn 0.323132 0.890450 -0.317698
vn 0.364060 0.660541 -0.653831
vn 0.296319 0.567427 -0.766888
vn 0.253543 0.568865 -0.782215
vn 0.299752 0.587111 -0.750391
vn 0.454972 0.529542 -0.715152
vn 0.393813 0.546003 -0.738513
vn 0.364599 0.562533 -0.740700
vn 0.483525 0.577483 -0.657135
vn 0.348561 0.601218 -0.718022
vn 0.307683 0.576482 -0.755204
vn 0.189542 0.839485 -0.508582
vn 0.380662 0.591586 -0.709137
vn 0.626106 0.707415 -0.327956
vn 0.344895 0.592851 -0.727192
vn 0.324803 0.869397 -0.368317
vn 0.638726 0.750102 0.125035
vn 0.649749 0.709827 0.268417
vn 0.667390 0.710858 0.198837
vn 0.615804 0.787228 0.000704
vn 0.623180 0.778800 0.046009
vn 0.633990 0.765428 -0.047698
vn 0.632083 0.772403 0.003859
vn 0.627182 0.775265 0.024891
vn 0.643390 0.757880 0.025243
vn 0.626211 0.771848 0.082265
vn 0.611534 0.784509 -0.066661
vn 0.661441 0.715737 0.207146
vn 0.642624 0.722461 0.253025
vn 0.643217 0.713738 0.275300
vn 0.649828 0.728534 0.202505
vn 0.680586 0.727833 0.052304
vn 0.605346 0.787823 0.104619
vn 0.630276 0.759958 0.150310
vn 0.602132 0.750300 -0.252803
vn 0.564783 0.774334 -0.282551
vn 0.593697 0.760186 -0.250463
vn 0.665426 0.741000 -0.068822
vn 0.687140 0.726159 0.008708
vn 0.679861 0.728359 -0.068497
vn 0.628669 0.772461 0.048583
vn 0.640280 0.764174 -0.042123
vn 0.630935 0.771777 -0.075659
vn 0.608166 0.744448 -0.274832
vn 0.618775 0.761278 -0.150970
vn 0.640504 0.727136 -0.242974
vn 0.664043 0.705735 0.243135
vn 0.508355 0.430691 0.738585
vn 0.408765 0.252461 0.868803
vn 0.489941 0.340155 0.793003
vn 0.383640 0.199810 0.882217
vn 0.577168 0.439389 0.676740
vn 0.496454 0.336986 0.785017
vn 0.366160 0.145779 0.913033
vn 0.388155 0.193665 0.890591
vn 0.367221 0.138669 0.918047
vn 0.648830 0.756840 0.041130
vn 0.684160 0.713439 0.147780
vn 0.645910 0.761088 -0.046513
vn 0.606132 0.505313 0.599891
vn 0.625079 0.520900 0.560512
vn 0.661398 0.743393 0.048404
vn 0.642122 0.738263 0.192584
vn 0.679223 0.674953 0.282366
vn 0.642815 0.760081 0.054515
vn 0.575903 0.752299 -0.318228
vn 0.588524 0.741150 -0.320491
vn 0.582452 0.735081 -0.346773
vn 0.647694 0.758213 0.024049
vn 0.357606 0.129624 0.914643
vn 0.213264 -0.075794 0.970114
vn 0.283908 0.091491 0.938425
vn 0.602884 0.759586 -0.222634
vn 0.583349 0.757247 -0.284062
vn 0.647167 0.751783 -0.113639
vn 0.684143 0.727876 0.030520
vn 0.712819 0.681177 0.127927
vn 0.685678 0.725700 -0.026164
vn 0.550979 0.760782 -0.337144
vn 0.576007 0.769117 -0.273390
vn 0.608531 0.754010 -0.232770
vn 0.484809 0.202437 0.844806
vn 0.346690 0.061208 0.923374
vn 0.439778 0.122404 0.882882
vn 0.638975 0.624593 0.441041
vn 0.598523 0.681254 0.417620
vn 0.667672 0.608626 0.396163
vn 0.641300 0.756157 -0.084970
vn 0.686683 0.486046 0.536798
vn 0.598164 0.448175 0.657039
vn 0.663372 0.530549 0.518626
vn 0.640267 0.627378 0.439136
vn 0.655266 0.682427 0.294362
vn 0.657241 0.663371 0.344362
vn 0.485097 0.723759 -0.480702
vn 0.403778 0.689184 -0.597153
vn 0.478599 0.722912 -0.487103
vn 0.633938 0.748841 -0.168058
vn 0.624951 0.747841 -0.203559
vn 0.713369 0.696025 0.062730
vn 0.715020 0.668772 0.181617
vn 0.675963 0.731336 0.043401
vn 0.705348 0.616793 0.331915
vn 0.687706 0.699627 0.172704
vn 0.684467 0.647006 0.324009
vn 0.640104 0.758049 -0.104434
vn 0.664805 0.741033 -0.080231
vn 0.667878 0.740779 -0.024964
vn 0.663345 0.744049 -0.021139
vn 0.684385 0.638183 0.331283
vn 0.681666 0.708842 0.156019
vn 0.697821 0.673105 0.235797
vn 0.620390 0.520922 0.578059
vn 0.475144 0.309700 0.784542
vn 0.620461 0.471392 0.607208
vn 0.655193 0.680664 0.321675
vn 0.671844 0.630362 0.388453
vn 0.667680 0.719946 0.141869
vn 0.679446 0.722728 0.116503
vn 0.704141 0.707465 0.058092
vn 0.444495 0.337880 0.795402
vn 0.710782 0.577025 0.384481
vn 0.565092 0.704760 -0.421269
vn 0.597257 0.737485 -0.310544
vn 0.533886 0.729192 -0.413121
vn 0.675549 0.558054 0.478112
vn 0.317749 0.096961 0.935748
vn 0.570398 0.732755 -0.369234
vn 0.563446 0.742563 -0.359279
vn 0.592628 0.741130 -0.312930
vn 0.436736 0.730111 -0.524038
vn 0.460794 0.726054 -0.510334
vn 0.497142 0.747837 -0.428637
vn 0.687964 0.706822 0.135669
vn 0.713553 0.683711 0.125679
vn 0.549028 0.395885 0.729872
vn 0.651798 0.578532 0.490017
vn 0.647113 0.523190 0.548613
vn 0.660932 0.628342 0.402287
vn 0.597582 0.753629 -0.265399
vn 0.588862 0.775959 -0.220952
vn 0.616330 0.770315 -0.135640
vn 0.655241 0.729881 -0.168730
vn 0.568378 0.405487 0.705505
vn 0.651272 0.505810 0.561861
vn 0.683307 0.541606 0.475887
vn 0.621068 0.461171 0.631158
vn 0.667529 0.666427 0.316011
vn 0.718431 0.639885 0.258630
vn 0.685164 0.601180 0.404463
vn 0.702404 0.683319 0.188157
vn 0.706593 0.637197 0.301140
vn 0.314371 0.128783 0.932083
vn 0.538187 0.436499 0.699206
vn 0.253882 0.574847 -0.772091
vn 0.299388 0.637376 -0.704339
vn 0.283454 0.642508 -0.710823
vn 0.688167 0.560792 0.453677
vn 0.676515 0.571861 0.454720
vn 0.637999 0.729433 0.242389
vn 0.679356 0.717439 0.051713
vn 0.421349 0.245975 0.860793
vn 0.349452 0.209280 0.909176
vn 0.706587 0.547076 0.440538
vn 0.683991 0.725910 0.008189
vn 0.647584 0.579924 0.491614
vn 0.667213 0.520615 0.529019
vn 0.557545 0.762958 -0.325272
vn 0.653009 0.748048 -0.115759
vn 0.666298 0.742109 -0.053159
vn 0.672578 0.737157 -0.028692
vn 0.674679 0.735487 -0.004733
vn 0.691989 0.713960 0.077261
vn 0.650016 0.740372 -0.148558
vn 0.722481 0.598396 0.329271
vn 0.714986 0.595654 0.351076
vn 0.559986 0.794096 -0.232718
vn 0.587636 0.761654 -0.265349
vn 0.610562 0.464452 0.629584
vn 0.492341 0.741627 -0.451554
vn 0.549439 0.748140 -0.351537
vn 0.518361 0.734453 -0.433017
vn 0.711835 0.629739 0.302758
vn 0.692111 0.683128 0.216555
vn 0.666481 0.577196 0.464616
vn 0.683328 0.541062 0.486664
vn 0.679983 0.523060 0.513161
vn 0.589509 0.503789 0.615716
vn 0.668643 0.731606 -0.124844
vn 0.659448 0.726344 -0.182462
vn 0.576533 0.761549 -0.291244
vn 0.570479 0.739130 -0.357808
vn 0.667336 0.551485 0.495969
vn 0.735615 0.610203 0.278598
vn 0.505256 0.255777 0.812193
vn 0.668407 0.559142 0.483142
vn 0.677902 0.575699 0.454548
vn 0.649333 0.585189 0.480884
vn 0.636639 0.763085 -0.108572
vn 0.634197 0.744264 -0.193468
vn 0.659886 0.749122 -0.033071
vn 0.674808 0.734821 -0.034678
vn 0.620668 0.762388 -0.151365
vn 0.616337 0.745067 -0.245288
vn 0.524375 0.679038 -0.512139
vn 0.487708 0.693475 -0.528533
vn 0.606883 0.727618 -0.313204
vn 0.657049 0.612701 0.426340
vn 0.593362 0.755914 -0.266500
vn 0.611339 0.769302 -0.174968
vn 0.364767 0.214616 0.899699
vn 0.655092 0.564324 0.493630
vn 0.602737 0.747607 -0.270551
vn 0.691512 0.715341 0.078531
vn 0.555093 0.746378 -0.357258
vn -0.139908 -0.400697 0.905377
vn -0.099999 -0.369281 0.921065
vn -0.068674 -0.342745 0.932947
vn 0.680487 0.585684 0.423466
vn 0.580777 0.743494 -0.299766
vn 0.620198 0.424749 0.629005
vn 0.665204 0.556596 0.489184
vn 0.677146 0.689275 0.253000
vn 0.658146 0.745558 -0.096299
vn 0.659310 0.584154 0.469229
vn 0.672109 0.719218 0.134415
vn 0.677911 0.730295 -0.072086
vn 0.572185 0.716804 -0.394579
vn 0.509254 0.688462 -0.509489
vn 0.557945 0.691749 -0.446426
vn 0.638886 0.747617 -0.170681
vn 0.418126 0.695866 -0.583813
vn 0.066876 -0.212853 0.971452
vn 0.009913 -0.261263 0.963215
vn 0.411295 0.658379 -0.617982
vn 0.323514 0.574840 -0.746473
vn 0.349838 0.067560 0.923533
vn 0.176826 -0.103286 0.973090
vn 0.524656 0.692089 -0.486593
vn 0.335700 0.558166 -0.752304
vn 0.460748 0.650710 -0.597493
vn 0.374591 0.653606 -0.650804
vn 0.597642 0.459907 0.613294
vn 0.349427 0.169731 0.913422
vn 0.426110 0.239310 0.862791
vn 0.588951 0.722518 -0.361184
vn 0.401240 0.232089 0.880426
vn 0.249590 0.070549 0.949328
vn 0.154910 -0.101155 0.979423
vn 0.734789 0.652127 0.171402
vn 0.026615 -0.244770 0.964612
vn 0.199833 -0.070942 0.970398
vn 0.716051 0.692618 0.035432
vn 0.044740 -0.216118 0.971685
vn 0.106537 -0.130769 0.982997
vn 0.643200 0.724600 -0.240019
vn 0.532624 0.739515 -0.405027
vn 0.644813 0.749738 -0.143624
vn -0.071881 -0.345327 0.932460
vn 0.599774 0.720855 -0.344038
vn 0.158274 -0.092889 0.975089
vn 0.313898 0.623362 -0.716162
vn -0.126375 -0.404614 0.905688
vn -0.086893 -0.361974 0.925278
vn -0.138840 -0.410837 0.901034
vn 0.585175 0.596405 0.532164
vn 0.605404 0.694619 0.387164
vn 0.631473 0.685884 0.359396
vn 0.655109 0.596799 0.188975
vn -0.131926 0.107469 0.259454
vn -0.183460 -0.185581 0.078727
vn 0.510446 0.477765 0.709943
vn 0.534165 0.531230 0.655214
vn -0.936310 0.108396 -0.203351
vn -0.993921 0.002481 -0.087324
vn -0.996290 -0.026770 -0.062900
vn 0.490578 0.380638 0.780560
vn 0.479834 0.437765 0.756865
vn 0.416399 0.353424 0.833035
vn 0.248253 0.013717 0.946618
vn 0.102595 -0.194548 0.969998
vn 0.081897 -0.161661 0.979799
vn 0.371406 0.294213 0.874597
vn 0.462397 0.315441 0.820551
vn 0.449624 0.442080 0.772314
vn 0.559501 0.513549 0.642854
vn 0.568883 0.602818 0.552900
vn 0.525202 0.511110 0.670093
vn 0.575875 0.616975 0.531561
vn -0.278405 0.283627 0.806742
vn 0.050454 0.112588 0.948884
vn 0.275240 0.421026 0.858181
vn 0.132176 -0.009995 0.989022
vn 0.232018 0.089492 0.962236
vn 0.167305 -0.012697 0.983783
vn 0.430188 0.474468 0.751633
vn 0.478653 0.618490 0.622498
vn 0.455901 0.615537 0.639760
vn 0.621223 0.624083 0.462973
vn 0.595671 0.621181 0.504232
vn 0.594227 0.603137 0.524614
vn 0.582602 0.577089 0.566088
vn 0.526826 0.535832 0.647663
vn 0.616635 0.590889 0.503124
vn 0.542980 0.681242 0.485837
vn 0.599699 0.679497 0.405709
vn 0.586279 0.697932 0.401241
vn 0.605495 0.718129 0.336871
vn 0.473914 0.410230 0.777089
vn 0.575439 0.727926 0.362204
vn 0.557077 0.660984 0.487742
vn 0.629613 0.716794 0.282978
vn -0.730626 -0.445964 0.488921
vn -0.337770 0.129977 0.624367
vn -0.553916 -0.060308 0.713986
vn 0.487849 0.375575 0.787792
vn 0.533528 0.479488 0.684713
vn 0.519970 0.393309 0.755268
vn 0.428359 0.412959 0.795398
vn 0.537043 0.558249 0.618164
vn 0.460921 0.491991 0.729749
vn 0.363914 0.426922 0.823676
vn 0.347353 0.331799 0.857874
vn 0.405704 0.332427 0.842628
vn 0.615895 0.464644 0.636222
vn 0.569892 0.568502 0.581166
vn 0.469823 0.850647 0.224004
vn 0.553834 0.773120 0.271370
vn 0.567696 0.791567 0.212228
vn 0.427898 0.370826 0.821046
vn 0.491598 0.637901 0.588916
vn 0.648319 0.658948 0.367725
vn 0.612324 0.668290 0.414430
vn -0.949953 0.174982 -0.092041
vn -0.637732 0.648340 -0.354358
vn -0.785582 0.432984 -0.293485
vn 0.495990 0.420152 0.758701
vn 0.480538 0.465128 0.735184
vn 0.592262 0.539984 0.588968
vn 0.687220 0.553175 0.447302
vn 0.446779 0.454374 0.769747
vn 0.441420 0.378339 0.810419
vn 0.596716 0.487528 0.629504
vn 0.532717 0.455054 0.711926
vn 0.551090 0.537459 0.628538
vn 0.569935 0.477826 0.661682
vn 0.617680 0.581814 0.515502
vn 0.559891 0.587820 0.577724
vn 0.501544 0.556524 0.658308
vn 0.522308 0.589651 0.613973
vn 0.543325 0.662947 0.506220
vn 0.602543 0.652573 0.453432
vn 0.597962 0.656217 0.447710
vn 0.555482 0.700600 0.440696
vn 0.308864 0.142592 0.934894
vn 0.637924 0.633709 0.429021
vn 0.070002 0.543667 0.783237
vn 0.369957 0.509590 0.766036
vn 0.326885 0.658454 0.659707
vn 0.344107 0.277663 0.891046
vn 0.565045 0.507523 0.647069
vn 0.586318 0.629999 0.497475
vn 0.365622 0.849496 0.360887
vn 0.363452 0.819464 0.422798
vn 0.478942 0.440925 0.757637
vn -0.990207 -0.074407 0.098879
vn -0.998069 -0.029716 0.046406
vn -0.988601 -0.101981 0.094863
vn 0.631445 0.738522 0.221067
vn 0.622333 0.677255 0.378014
vn 0.647343 0.683653 0.331121
vn -0.859462 -0.260161 0.425703
vn -0.932854 -0.131970 0.311539
vn -0.930149 -0.239478 0.265095
vn -0.996030 0.023421 -0.083884
vn -0.997354 -0.032681 -0.013869
vn -0.997359 -0.001283 -0.055020
vn 0.574632 0.623183 0.521593
vn 0.579729 0.509372 0.631141
vn 0.648692 0.710568 0.229337
vn 0.625579 0.755537 0.181702
vn 0.633020 0.762537 0.119074
vn 0.496191 0.558806 0.656402
vn 0.682287 0.619952 0.377984
vn 0.658894 0.647726 0.375592
vn -0.609271 0.028503 0.709255
vn -0.119646 -0.055237 0.965904
vn 0.507382 0.501508 0.691967
vn 0.392237 0.371514 0.828653
vn -0.956444 -0.233677 0.159760
vn -0.925311 -0.298061 0.223090
vn -0.969984 -0.168615 0.167380
vn -0.550342 -0.068517 0.764375
vn -0.999237 -0.006498 0.031169
vn -0.999245 0.006958 0.016292
vn -0.534464 -0.158908 0.779074
vn -0.107736 -0.070518 0.971772
vn -0.176698 -0.121001 0.957806
vn 0.642389 0.550031 0.521042
vn 0.604521 0.564410 0.553071
vn 0.634036 0.584207 0.496781
vn -0.997678 -0.051471 -0.008333
vn -0.994758 -0.028625 -0.030633
vn 0.492506 0.602993 0.624746
vn 0.607448 0.659831 0.425881
vn 0.641678 0.695304 0.318538
vn -0.999476 0.007535 0.013944
vn 0.011280 -0.284774 0.957666
vn -0.024957 -0.291989 0.954323
vn -0.022690 -0.294994 0.953467
vn -0.432371 0.681650 -0.543999
vn -0.199950 0.674721 -0.709818
vn -0.316084 0.655226 -0.667583
vn 0.081796 -0.255686 0.943895
vn 0.013485 -0.257744 0.963611
vn 0.070005 -0.189657 0.974569
vn 0.414308 0.290700 0.855013
vn 0.369494 0.238834 0.895621
vn 0.671062 0.699551 0.241629
vn 0.092375 -0.175483 0.974196
vn -0.217789 0.606889 0.645593
vn -0.663271 0.370031 0.558408
vn 0.501329 0.443499 0.732970
vn 0.676140 0.676045 0.276146
vn 0.025382 -0.097437 0.985117
vn 0.492502 0.503880 0.704644
vn 0.424304 0.300527 0.846490
vn 0.484092 0.412149 0.768491
vn 0.691862 0.696820 0.180936
vn 0.674243 0.699511 0.219741
vn 0.575298 0.652749 0.478272
vn 0.481152 0.577553 0.647931
vn -0.999661 0.011115 0.020495
vn -0.989857 -0.021678 0.115504
vn 0.094921 0.149563 0.976067
vn 0.136681 0.061427 0.985029
vn 0.067908 -0.030990 0.993326
vn 0.541726 0.626738 0.555716
vn 0.395660 0.303060 0.866142
vn 0.464804 0.382708 0.793125
vn 0.347441 0.197685 0.905963
vn 0.655819 0.726606 0.202461
vn 0.229778 0.154293 0.953795
vn 0.562769 0.556085 0.588474
vn 0.485595 0.485280 0.681041
vn 0.595248 0.486984 0.603597
vn 0.318847 0.162528 0.926620
vn 0.324685 0.173140 0.926861
vn 0.047892 -0.054415 0.993072
vn 0.065155 -0.057013 0.991059
vn 0.099530 0.006645 0.994402
vn -0.992170 0.020367 -0.070238
vn -0.995679 0.014539 -0.056603
vn -0.860612 -0.080862 0.485970
vn 0.027827 0.014846 0.993665
vn 0.099642 -0.088189 0.989838
vn 0.206536 0.007634 0.975767
vn 0.144551 -0.052954 0.980538
vn -0.990272 0.016765 -0.103468
vn -0.991381 0.050909 -0.116463
vn -0.993663 0.026352 -0.079672
vn 0.465190 0.631274 0.617216
vn -0.642041 0.559877 -0.476862
vn 0.259283 0.007210 0.947530
vn 0.334661 0.099038 0.897899
vn 0.540179 0.775834 0.295705
vn 0.603105 0.712521 0.344136
vn -0.928374 0.243237 0.272661
vn -0.918234 0.198917 0.341083
vn -0.858220 0.325019 0.366380
vn 0.347418 0.383995 0.840457
vn -0.966693 0.140244 0.187640
vn -0.944340 0.158052 0.280168
vn 0.583087 0.484699 0.645594
vn 0.583564 0.715515 0.292587
vn 0.519555 0.571698 0.627696
vn 0.501869 0.520294 0.684486
vn 0.525131 0.497552 0.682292
vn 0.505862 0.444471 0.738589
vn 0.247262 0.212012 0.940484
vn 0.433789 0.294603 0.840620
vn 0.327368 0.439167 0.811163
vn 0.317450 0.182336 0.913614
vn 0.581921 0.543055 0.583406
vn -0.997383 -0.003714 0.008853
vn 0.520122 0.625302 0.524323
vn 0.001249 0.014104 0.973295
vn 0.476656 0.290056 0.811942
vn 0.617327 0.755840 0.207530
vn 0.202468 0.229960 0.949189
vn -0.013708 -0.143412 0.987064
vn -0.027646 -0.212798 0.973535
vn 0.082174 -0.095281 0.986250
vn 0.550335 0.595381 0.578267
vn -0.561847 -0.639822 0.487925
vn -0.206704 -0.352446 0.318060
vn 0.075506 -0.289314 0.744105
vn -0.410565 -0.629927 0.628787
vn -0.849071 0.163346 0.479550
vn -0.622974 -0.570123 0.529872
vn -0.667410 -0.573652 0.426967
vn 0.563818 0.549860 0.612036
vn 0.590348 0.573525 0.561437
vn -0.977525 0.045151 0.176027
vn 0.270952 0.134187 0.901505
vn -0.911909 0.106903 0.389999
vn 0.207523 0.341122 0.874047
vn 0.681604 0.621133 0.385610
vn -0.998225 -0.042584 0.007935
vn -0.941357 0.055620 0.327713
vn -0.819024 -0.384205 0.385309
vn 0.553944 0.430222 0.691893
vn -0.997733 0.022049 0.059136
vn 0.022204 0.769638 0.571684
vn 0.052924 -0.161904 0.983806
vn -0.704502 0.504794 0.368711
vn -0.332179 0.748078 0.436726
vn -0.814622 0.460276 0.314350
vn -0.877529 -0.013201 0.462769
vn -0.955647 -0.030133 0.278892
vn -0.019426 -0.237308 0.968924
vn -0.927218 -0.332123 0.172799
vn 0.638755 0.761442 0.108136
vn -0.975622 -0.102670 0.185620
vn -0.909268 -0.345615 0.226989
vn -0.997527 0.000436 -0.055160
vn -0.029710 -0.323567 0.945708
vn -0.635173 -0.143493 0.688884
vn -0.920472 0.278727 0.264401
vn -0.998878 0.000690 0.022897
vn -0.999491 0.007732 0.013229
vn 0.274196 0.127346 0.821543
vn 0.305251 -0.002942 0.848705
vn -0.016505 -0.453285 0.854739
vn -0.231579 -0.607164 0.759917
vn 0.331789 0.720341 0.589548
vn 0.636240 0.748970 0.182801
vn 0.625549 0.764265 0.128519
vn -0.997971 0.002164 0.039099
vn -0.499049 0.747324 -0.426217
vn -0.297329 0.716425 -0.610111
vn 0.029134 0.813129 0.486194
vn 0.281409 0.891640 0.335210
vn -0.535644 0.606447 0.472965
vn -0.911289 0.179104 -0.283929
vn -0.452150 0.663581 -0.590358
vn -0.502137 0.660222 -0.557051
vn -0.466285 0.686722 -0.555248
vn -0.499518 0.666168 -0.549838
vn -0.462490 0.681635 -0.558944
vn -0.420154 0.726824 -0.528735
vn -0.317097 0.572319 -0.750109
vn -0.415648 0.617311 -0.665496
vn -0.413228 0.617553 -0.666921
vn 0.120044 0.469623 -0.874174
vn 0.078046 0.499081 -0.861538
vn 0.147090 0.500721 -0.851103
vn -0.312940 0.887287 -0.331368
vn -0.342655 0.887067 -0.308557
vn -0.361693 0.859781 -0.357692
vn 0.150689 0.765255 -0.622256
vn 0.219857 0.785047 -0.577130
vn 0.204747 0.792983 -0.573043
vn -0.315568 0.858784 -0.401317
vn -0.374959 0.846292 -0.376232
vn -0.380589 0.842263 -0.381482
vn 0.166559 0.327934 -0.929386
vn 0.135920 0.379408 -0.912787
vn 0.181374 0.394996 -0.900034
vn -0.057400 0.485004 -0.871053
vn -0.058115 0.461382 -0.882693
vn -0.138555 0.486668 -0.861500
vn -0.240197 0.816532 -0.520255
vn -0.235945 0.868214 -0.430831
vn -0.141481 0.836160 -0.524723
vn -0.479545 0.670330 -0.564877
vn -0.488354 0.661187 -0.567952
vn -0.226207 0.478506 -0.848362
vn -0.227425 0.473930 -0.850533
vn -0.243816 0.500312 -0.830256
vn -0.304535 0.864793 -0.394449
vn -0.327070 0.743088 -0.569887
vn -0.338370 0.842146 -0.412583
vn -0.335685 0.769171 -0.535608
vn -0.089884 0.095041 -0.989491
vn -0.135492 0.056550 -0.985759
vn -0.146416 0.219036 -0.961219
vn -0.191557 0.495562 -0.844292
vn -0.125508 0.494919 -0.859071
vn 0.128764 0.733570 -0.664742
vn 0.080231 0.755188 -0.648490
vn 0.174847 0.785072 -0.588792
vn 0.128999 0.757864 -0.634504
vn 0.093915 0.800534 -0.589096
vn -0.175691 0.718343 -0.670674
vn -0.260655 0.747666 -0.606951
vn -0.201316 0.781112 -0.587483
vn 0.220453 0.734902 -0.634119
vn 0.290517 0.697389 -0.654317
vn 0.246156 0.698152 -0.670596
vn 0.044341 0.460753 -0.885031
vn -0.111931 0.919225 -0.370957
vn -0.190370 0.931258 -0.305841
vn -0.178939 0.902970 -0.383997
vn -0.302116 0.809189 -0.488406
vn -0.273882 0.518661 -0.808990
vn -0.221604 0.548052 -0.806089
vn -0.209848 0.501354 -0.837908
vn -0.387686 0.630597 -0.671527
vn -0.444608 0.611944 -0.653362
vn -0.325066 0.515249 -0.792623
vn -0.341612 0.561649 -0.752843
vn -0.300943 0.538558 -0.785969
vn -0.344101 0.560914 -0.750739
vn -0.403203 0.679842 -0.606162
vn -0.312615 0.884579 -0.340711
vn -0.281109 0.906624 -0.308471
vn -0.117949 -0.089611 -0.986117
vn -0.092394 -0.000365 -0.995142
vn -0.154791 0.497973 -0.851317
vn -0.182296 0.489286 -0.850981
vn -0.335566 0.873183 -0.347273
vn -0.188271 0.525404 -0.827048
vn -0.203679 0.486910 -0.836384
vn -0.232345 0.693628 -0.664844
vn -0.224046 0.826256 -0.502902
vn -0.245714 0.255829 -0.933464
vn -0.254880 0.158295 -0.952922
vn -0.274872 0.239829 -0.929521
vn 0.067465 0.686024 -0.720953
vn -0.025680 0.682015 -0.727727
vn 0.026811 0.732407 -0.679449
vn 0.231913 0.501659 -0.831945
vn 0.196769 0.434619 -0.878341
vn 0.185840 0.453360 -0.870925
vn 0.094450 0.439840 -0.892285
vn 0.160073 0.424860 -0.890735
vn -0.466980 0.676551 -0.567235
vn -0.484677 0.663931 -0.568285
vn -0.455060 0.666793 -0.589276
vn -0.432633 0.680481 -0.587256
vn -0.391937 0.770897 -0.497787
vn 0.351261 0.555842 -0.751627
vn 0.326649 0.495263 -0.803363
vn 0.300490 0.501483 -0.808597
vn -0.201076 0.488940 -0.848491
vn -0.212764 0.462979 -0.860010
vn 0.281385 0.532886 -0.796573
vn 0.231785 0.472109 -0.849313
vn -0.416392 0.745250 -0.507877
vn -0.224519 0.387363 -0.892894
vn -0.183163 0.444202 -0.876306
vn -0.173577 0.333486 -0.923218
vn -0.017904 0.167033 -0.985599
vn -0.070205 0.201657 -0.974757
vn -0.034509 0.257247 -0.962558
vn -0.207982 0.163606 -0.961981
vn -0.233292 0.270584 -0.928932
vn -0.005522 0.895260 -0.444266
vn -0.031509 0.885893 -0.457875
vn 0.036114 0.875184 -0.479526
vn -0.280032 0.591115 -0.742920
vn -0.166233 0.626816 -0.759134
vn -0.329806 0.669296 -0.661625
vn -0.301076 0.663469 -0.684269
vn -0.350724 0.523414 -0.769554
vn -0.365636 0.557672 -0.740729
vn -0.334647 0.602527 -0.721210
vn -0.437244 0.725766 -0.522652
vn -0.111993 0.933357 -0.322605
vn -0.233161 0.428440 -0.872120
vn -0.115878 0.623252 -0.771876
vn -0.133713 0.594760 -0.791673
vn -0.167406 0.613404 -0.769190
vn -0.220279 0.596731 -0.763982
vn -0.145042 0.862776 -0.471060
vn -0.170703 0.501806 -0.846973
vn -0.098832 0.337875 -0.933805
vn -0.201145 0.544494 -0.810150
vn 0.042278 0.276686 -0.957946
vn -0.001894 0.353834 -0.933393
vn -0.210293 0.514416 -0.826744
vn -0.396055 0.831520 -0.389269
vn -0.390788 0.819013 -0.417578
vn -0.248310 0.186711 -0.948224
vn 0.013356 0.440364 -0.897090
vn 0.257715 0.768061 -0.583237
vn -0.277370 0.290570 -0.914281
vn -0.250265 0.355275 -0.899553
vn -0.053825 0.106087 -0.991278
vn 0.204938 0.485132 -0.847769
vn -0.157639 0.396049 -0.904115
vn -0.117833 0.427789 -0.894353
vn 0.274642 0.549764 -0.787548
vn 0.296992 0.535833 -0.788806
vn 0.030225 0.470224 -0.879995
vn -0.241379 0.548759 -0.799219
vn -0.097384 0.789388 -0.600075
vn -0.002383 0.726464 -0.683279
vn -0.140464 0.681616 -0.716952
vn -0.085305 0.726411 -0.679081
vn -0.174299 0.816195 -0.549964
vn -0.471776 0.628811 -0.616118
vn -0.222609 0.675229 -0.700283
vn 0.217899 0.618732 -0.753324
vn 0.184777 0.582384 -0.787206
vn 0.135184 0.641351 -0.754305
vn -0.329629 0.889890 -0.312482
vn -0.321063 0.799844 -0.504659
vn -0.302347 0.838323 -0.449756
vn -0.318465 0.881808 -0.338025
vn 0.010767 0.769986 -0.634757
vn -0.022523 0.818218 -0.572156
vn 0.017655 0.815340 -0.574216
vn -0.114802 0.880891 -0.451081
vn 0.039117 0.899806 -0.431949
vn 0.086841 0.867233 -0.488369
vn 0.058633 0.865066 -0.493638
vn -0.186455 0.532782 -0.822759
vn 0.062642 0.816180 -0.566622
vn 0.080428 0.760873 -0.641930
vn 0.224459 0.792594 -0.566910
vn -0.256960 0.456852 -0.850484
vn -0.273561 0.499714 -0.820373
vn -0.238294 0.383063 -0.891814
vn -0.192661 0.904325 -0.373296
vn -0.385922 0.850976 -0.354159
vn -0.175978 0.477526 -0.860329
vn -0.227607 0.345573 -0.908051
vn -0.301560 0.845485 -0.440234
vn -0.308884 0.857828 -0.408818
vn -0.435515 0.734890 -0.512247
vn 0.025996 0.829772 -0.554199
vn -0.007918 0.848756 -0.518379
vn -0.291847 0.882330 -0.356317
vn -0.250960 0.309903 -0.914479
vn -0.326446 0.646218 -0.686923
vn -0.222127 0.421454 -0.878902
vn -0.315129 0.599852 -0.731576
vn -0.130857 0.867707 -0.467629
vn -0.169236 0.756000 -0.621350
vn -0.114462 0.749047 -0.644777
vn -0.334800 0.868332 -0.363957
vn -0.352762 0.835563 -0.418753
vn 0.195981 0.820907 -0.530758
vn -0.301191 0.887791 -0.327991
vn 0.101102 0.591054 -0.799069
vn 0.077344 0.768193 -0.634766
vn 0.243225 0.495159 -0.832172
vn -0.120852 0.626565 -0.767889
vn -0.044673 0.677752 -0.729275
vn -0.390127 0.839039 -0.379213
vn 0.129893 0.459665 -0.877595
vn -0.166643 0.546187 -0.819378
vn 0.194408 0.712870 -0.671014
vn 0.136922 0.686247 -0.713961
vn -0.088675 0.592215 -0.795499
vn 0.006527 0.542968 -0.834460
vn -0.123527 0.503677 -0.853412
vn 0.046915 0.408951 -0.909681
vn -0.040206 0.410041 -0.910513
vn -0.058687 0.558869 -0.818138
vn 0.005834 0.600075 -0.799923
vn 0.002928 0.620885 -0.782221
vn -0.179424 -0.011307 -0.973954
vn -0.163016 -0.193782 -0.967014
vn -0.514133 0.633004 -0.578713
vn -0.111952 0.577090 -0.801103
vn -0.415317 0.655717 -0.630426
vn 0.279108 0.593106 -0.754164
vn 0.297304 0.610860 -0.732074
vn -0.288030 0.534611 -0.793870
vn -0.355471 0.604520 -0.712849
vn -0.378019 0.613344 -0.691256
vn 0.176956 0.730878 -0.657582
vn -0.318700 0.728625 -0.596727
vn -0.009185 0.509889 -0.858759
vn -0.252693 0.550225 -0.794421
vn -0.023773 0.653617 -0.755815
vn 0.255230 0.807506 -0.530578
vn 0.067203 0.761262 -0.643878
vn -0.298255 0.688478 -0.660015
vn 0.048141 0.750833 -0.655906
vn -0.257895 0.016314 -0.959886
vn -0.233540 0.114936 -0.965150
vn 0.289709 0.669152 -0.683248
vn 0.253019 0.640299 -0.722209
vn -0.242352 0.549210 -0.797731
vn -0.334435 0.883077 -0.323166
vn -0.088433 0.682231 -0.721739
vn -0.290211 -0.061150 -0.953070
vn -0.287015 0.089499 -0.951927
vn -0.104932 0.499567 -0.857834
vn -0.075093 0.494515 -0.864051
vn 0.048336 0.631978 -0.771547
vn -0.058275 0.899541 -0.429192
vn -0.011557 0.916323 -0.397763
vn -0.011910 0.928696 -0.365796
vn -0.208703 -0.083076 -0.964742
vn -0.246595 0.389348 -0.886461
vn -0.078429 0.668222 -0.733866
vn -0.061971 0.737458 -0.671846
vn -0.263317 0.599132 -0.753281
vn 0.077050 0.877635 -0.464014
vn 0.003029 0.900429 -0.432330
vn 0.309923 0.660582 -0.683120
vn 0.268902 0.478771 -0.834409
vn -0.238503 -0.151744 -0.956903
vn -0.147525 0.461066 -0.874675
vn -0.072493 0.439940 -0.893797
vn -0.375814 0.814144 -0.440404
vn -0.007846 0.644528 -0.761854
vn 0.003531 0.682069 -0.726930
vn -0.289188 0.181605 -0.939129
vn 0.082788 0.540140 -0.836396
vn 0.109877 0.847425 -0.518242
vn -0.154103 0.666616 -0.728389
vn 0.054216 0.897203 -0.434851
vn 0.124588 0.868101 -0.477722
vn 0.279396 0.500587 -0.817652
vn 0.264636 0.546088 -0.791190
vn -0.052160 0.868276 -0.488642
vn -0.028459 0.926789 -0.368430
vn -0.493418 0.620524 -0.607675
vn 0.001202 0.500941 -0.863490
vn 0.208561 0.835335 -0.505407
vn -0.183302 0.487848 -0.853028
vn 0.075593 0.331812 -0.939730
vn 0.015143 0.913798 -0.401818
vn 0.139452 0.856888 -0.495442
vn -0.075472 0.898441 -0.427203
vn 0.078665 0.879403 -0.467662
vn 0.037972 0.858482 -0.509756
vn -0.071428 0.824567 -0.554383
vn 0.119328 0.308142 -0.943415
vn -0.265227 0.901460 -0.338300
vn 0.286062 0.545974 -0.785386
vn 0.238251 0.572689 -0.784388
vn 0.083415 0.755441 -0.648461
vn 0.257495 0.603525 -0.754258
vn -0.300122 0.886793 -0.344688
vn -0.283017 0.866246 -0.411141
vn 0.371241 0.534250 -0.758807
vn 0.179877 0.656725 -0.731254
vn 0.375867 0.577107 -0.724437
vn 0.210411 0.813677 -0.541008
vn -0.744685 -0.122930 -0.653120
vn -0.817909 -0.160097 -0.548541
vn -0.738608 -0.147505 -0.652881
vn -0.177894 0.398010 -0.897315
vn -0.238448 0.429519 -0.866220
vn -0.279060 0.366155 -0.883378
vn 0.047750 0.408507 -0.901822
vn 0.060363 0.335533 -0.933538
vn -0.073502 0.277990 -0.951356
vn -0.317517 0.479128 -0.814589
vn -0.278660 0.303480 -0.902389
vn -0.293371 0.249281 -0.916908
vn -0.297022 0.425324 -0.845252
vn -0.298300 0.280929 -0.908611
vn -0.331687 0.395544 -0.848675
vn -0.261043 0.515023 -0.815059
vn -0.314606 0.444391 -0.827704
vn -0.282576 0.514451 -0.803981
vn -0.304598 0.328601 -0.886684
vn -0.115273 0.344163 -0.928858
vn -0.059365 0.333477 -0.937278
vn -0.015949 0.450911 -0.889062
vn -0.646432 0.014046 -0.757381
vn -0.748543 -0.040576 -0.653131
vn -0.660445 -0.087568 -0.741660
vn -0.349572 0.541632 -0.757760
vn -0.351469 0.535892 -0.761394
vn -0.328934 0.603824 -0.721185
vn -0.306604 0.542051 -0.777913
vn -0.524303 -0.012109 -0.846885
vn -0.525178 0.046649 -0.845624
vn -0.247283 0.224322 -0.941884
vn -0.222610 0.213454 -0.949639
vn -0.207856 0.260520 -0.941515
vn -0.444040 0.513638 -0.729722
vn -0.387622 0.646381 -0.650445
vn -0.272686 0.468860 -0.834507
vn -0.455225 0.830218 -0.319920
vn -0.408403 0.847175 -0.339408
vn -0.478801 0.794633 -0.364381
vn -0.333261 0.674479 -0.653985
vn -0.320201 0.620960 -0.707987
vn -0.131477 0.331422 -0.932232
vn 0.051709 0.506311 -0.852725
vn 0.173409 0.493105 -0.844351
vn 0.106496 0.483757 -0.861158
vn -0.344526 0.672715 -0.652410
vn -0.350707 0.766674 -0.523650
vn -0.139242 0.190174 -0.966740
vn -0.135609 0.192104 -0.969699
vn -0.241112 0.139408 -0.958858
vn -0.613258 -0.202666 -0.758830
vn -0.567378 -0.128665 -0.809627
vn -0.501880 -0.061771 -0.856241
vn -0.463673 0.011561 -0.880234
vn -0.314968 0.165720 -0.927602
vn -0.266908 0.180910 -0.936758
vn -0.399691 0.757542 -0.503250
vn -0.648199 -0.242732 -0.719961
vn -0.336230 0.751902 -0.555312
vn -0.381849 0.841837 -0.372820
vn -0.429533 0.804152 -0.402290
vn -0.353990 0.856826 -0.369691
vn -0.337641 0.703829 -0.624950
vn -0.285016 0.085656 -0.942551
vn -0.101226 0.319843 -0.932476
vn -0.188032 0.202802 -0.958838
vn -0.539562 0.793690 -0.277970
vn -0.472750 0.825927 -0.300547
vn -0.548733 0.785522 -0.280403
vn -0.200030 0.347305 -0.913064
vn -0.139516 0.326896 -0.932422
vn 0.159265 0.501840 -0.846709
vn 0.112184 0.434156 -0.890159
vn 0.208219 0.485244 -0.846097
vn 0.025315 0.326322 -0.939010
vn 0.002598 0.264213 -0.959393
vn -0.587445 0.689983 -0.419778
vn -0.537404 0.762678 -0.351039
vn 0.026277 0.401271 -0.902474
vn -0.158809 0.229106 -0.954794
vn -0.044010 0.358370 -0.920505
vn -0.356721 0.839683 -0.408022
vn 0.158338 0.491612 -0.852390
vn -0.353570 0.847215 -0.394989
vn -0.397947 0.848145 -0.346384
vn -0.377981 0.867781 -0.317206
vn -0.623042 -0.202779 -0.749857
vn -0.656326 -0.270766 -0.693021
vn -0.562888 -0.110614 -0.815347
vn -0.055230 0.296095 -0.948271
vn 0.092607 0.431394 -0.895454
vn 0.015343 0.373225 -0.912580
vn 0.111681 0.475283 -0.872162
vn 0.090499 0.400518 -0.901925
vn 0.125569 0.559594 -0.815694
vn 0.002085 0.470989 -0.877808
vn 0.067479 0.534950 -0.839549
vn -0.598759 0.404300 -0.682999
vn -0.546051 0.310542 -0.774297
vn -0.514638 0.438345 -0.731845
vn -0.496857 0.594952 -0.620599
vn 0.171325 0.558084 -0.808763
vn -0.150841 0.270807 -0.943425
vn -0.080484 0.356370 -0.925527
vn -0.090627 0.353098 -0.927725
vn -0.488068 0.229025 -0.838531
vn -0.501568 0.160640 -0.847728
vn -0.395131 0.186186 -0.897525
vn 0.187175 0.494220 -0.843487
vn 0.081240 0.358873 -0.926240
vn -0.073848 0.270256 -0.956018
vn -0.560036 0.106277 -0.818488
vn -0.432004 0.121292 -0.890597
vn -0.730879 -0.357262 -0.579254
vn -0.718038 -0.349223 -0.601155
vn -0.699768 -0.308984 -0.642039
vn 0.243717 0.484096 -0.835945
vn 0.095261 0.406223 -0.901705
vn -0.664598 0.280533 -0.685362
vn 0.302837 0.554092 -0.774237
vn 0.201866 0.489264 -0.837879
vn -0.574560 0.236086 -0.781507
vn -0.389847 0.041953 -0.913778
vn -0.382096 0.064643 -0.916379
vn -0.682192 -0.256548 -0.680403
vn -0.682441 -0.312116 -0.658087
vn -0.139394 0.450796 -0.881625
vn -0.609708 0.708139 -0.346040
vn -0.354243 0.859537 -0.368014
vn -0.707962 -0.319172 -0.624034
vn -0.410053 0.845406 -0.341614
vn -0.106674 0.423111 -0.894459
vn 0.145259 0.513047 -0.843217
vn 0.118975 0.466912 -0.875461
vn -0.335105 0.101655 -0.929713
vn -0.436629 0.051092 -0.895988
vn -0.773551 -0.504462 -0.374971
vn -0.745902 -0.425050 -0.506934
vn -0.752944 -0.413779 -0.509108
vn -0.668244 0.216036 -0.708681
vn -0.629925 -0.196540 -0.748257
vn 0.229290 0.528216 -0.814448
vn -0.132737 0.286456 -0.941842
vn -0.663782 -0.107810 -0.735853
vn -0.592128 -0.070750 -0.799641
vn -0.824707 0.308140 -0.468831
vn -0.780301 0.285961 -0.550143
vn -0.756903 0.399528 -0.508689
vn -0.112624 0.269839 -0.951117
vn -0.157355 0.234152 -0.948640
vn -0.088186 0.295283 -0.947337
vn -0.565167 0.589498 -0.568537
vn -0.317580 0.077485 -0.940249
vn -0.389391 0.238764 -0.887622
vn -0.321396 0.236507 -0.915865
vn -0.785642 -0.541299 -0.298994
vn -0.768207 -0.499936 -0.388590
vn -0.508123 -0.023809 -0.854888
vn -0.086462 0.334209 -0.930440
vn 0.114178 0.284858 -0.949664
vn -0.679711 -0.255926 -0.686701
vn 0.077516 0.451890 -0.885234
vn 0.131925 0.393227 -0.908734
vn 0.029961 0.436145 -0.890519
vn 0.222296 0.557484 -0.798482
vn -0.870511 0.143805 -0.470483
vn -0.843899 0.207117 -0.489503
vn -0.871481 0.220770 -0.431304
vn -0.140160 0.272728 -0.947071
vn -0.149019 0.235131 -0.948366
vn -0.173558 0.208283 -0.961095
vn -0.061883 0.279975 -0.953487
vn -0.122413 0.260116 -0.955140
vn 0.106279 0.402937 -0.905562
vn -0.310128 0.158403 -0.935813
vn -0.299082 0.198201 -0.932577
vn -0.256093 0.284243 -0.919961
vn 0.159216 0.522789 -0.834061
vn -0.423379 0.846877 -0.319298
vn 0.246086 0.544687 -0.796501
vn -0.445020 0.068284 -0.892216
vn -0.185196 0.243628 -0.948520
vn -0.210323 0.189663 -0.953256
vn -0.258137 0.138501 -0.952617
vn -0.353334 0.172383 -0.919151
vn -0.174425 0.401360 -0.897426
vn 0.136664 0.410218 -0.892110
vn -0.584203 0.740091 -0.321773
vn -0.502387 0.784912 -0.348718
vn -0.264932 0.245370 -0.930706
vn -0.390303 0.063834 -0.914827
vn -0.290912 0.243361 -0.922816
vn -0.184370 0.307682 -0.930398
vn -0.677293 0.581779 -0.432909
vn -0.596289 0.709567 -0.374231
vn -0.735647 -0.412814 -0.528411
vn 0.095823 0.364618 -0.918469
vn 0.101614 0.400161 -0.908837
vn 0.104669 0.446064 -0.886992
vn -0.477732 0.797530 -0.362789
vn -0.430785 0.838211 -0.326199
vn -0.627474 -0.119035 -0.765974
vn -0.029006 0.474890 -0.877945
vn 0.185555 0.530553 -0.823464
vn -0.367078 0.062116 -0.925716
vn 0.163659 0.523419 -0.833355
vn -0.274911 0.141350 -0.941977
vn -0.451676 0.367445 -0.806992
vn 0.003790 0.487193 -0.871273
vn -0.504473 0.732159 -0.451012
vn -0.600847 -0.140006 -0.782204
vn -0.669783 0.430740 -0.586353
vn -0.541493 -0.075447 -0.832225
vn -0.454776 0.001226 -0.888370
vn -0.035352 0.474539 -0.878832
vn -0.605341 0.746170 -0.274843
vn -0.455530 0.827559 -0.323669
vn -0.328959 0.875706 -0.353070
vn -0.496784 -0.043327 -0.856689
vn -0.463077 -0.003124 -0.877213
vn 0.091043 0.361871 -0.920959
vn -0.060280 0.472003 -0.873481
vn -0.519324 -0.038885 -0.845330
vn 0.226890 0.584356 -0.779133
vn 0.087158 0.346369 -0.933576
vn 0.111305 0.338258 -0.934332
vn 0.119192 0.328644 -0.933627
vn -0.178006 0.286596 -0.940251
vn 0.091375 0.414144 -0.902898
vn 0.139223 0.378554 -0.910016
vn -0.228229 0.235216 -0.939253
vn -0.673255 0.620444 -0.391142
vn -0.742093 0.475572 -0.463299
vn 0.040182 0.360232 -0.930447
vn 0.085244 0.365032 -0.921986
vn 0.132139 0.353287 -0.917178
vn -0.326361 0.429068 -0.841632
vn -0.331304 0.122219 -0.932744
vn -0.230698 0.184292 -0.954062
vn 0.121402 0.378474 -0.915644
vn 0.050819 0.474788 -0.872611
vn 0.129749 0.486732 -0.863063
vn 0.078661 0.353668 -0.929199
vn -0.150595 0.268932 -0.947408
vn -0.008878 0.375514 -0.920477
vn -0.571596 0.656270 -0.475215
vn 0.218838 0.547220 -0.801023
vn 0.032465 0.393621 -0.907413
vn -0.113443 0.267495 -0.955942
vn -0.308465 0.097723 -0.935211
vn -0.818751 0.143725 -0.552696
vn -0.777626 0.213591 -0.584784
vn 0.245226 0.589709 -0.767439
vn -0.132498 0.308765 -0.939858
vn 0.115005 0.392647 -0.911994
vn -0.489388 0.709288 -0.496886
vn 0.008102 0.327373 -0.940613
vn -0.646830 -0.136600 -0.745902
vn -0.040436 0.323681 -0.939680
vn -0.629898 0.647300 -0.429179
vn -0.844514 -0.210529 -0.485462
vn -0.883044 -0.164382 -0.430472
vn -0.359455 0.099566 -0.925329
vn -0.749978 -0.217588 -0.607530
vn -0.721550 -0.213936 -0.648396
vn -0.939955 -0.272871 -0.199143
vn -0.908887 -0.245974 -0.318630
vn -0.936606 -0.181028 -0.279213
vn -0.861452 -0.257151 -0.436445
vn -0.794638 -0.202403 -0.561320
vn 0.129789 0.298365 -0.944401
vn -0.728351 -0.143044 -0.669684
vn -0.908530 -0.338953 -0.235421
vn -0.787767 -0.239587 -0.555762
vn -0.722419 -0.162896 -0.665626
vn -0.766646 -0.349548 -0.517701
vn -0.882440 -0.304511 -0.349558
vn -0.894165 0.072489 -0.440112
vn -0.898914 -0.039756 -0.420533
vn -0.848967 -0.025204 -0.512987
vn -0.809137 -0.459709 -0.350025
vn -0.780451 -0.534331 -0.324331
vn -0.703069 -0.178165 -0.687105
vn -0.908321 -0.376794 -0.172267
vn -0.736768 -0.381062 -0.554605
vn -0.847080 -0.309651 -0.428653
vn -0.881977 -0.372261 -0.265861
vn 0.082757 0.395324 -0.913728
vn 0.066829 0.362832 -0.927093
vn -0.761365 -0.471432 -0.440803
vn -0.892086 -0.428171 -0.140955
vn 0.014809 0.323934 -0.943614
vn -0.013196 0.411193 -0.903547
vn 0.016307 0.349752 -0.932263
vn -0.835920 -0.331948 -0.424652
vn -0.137012 0.267794 -0.952646
vn -0.868183 -0.404566 -0.274514
vn -0.820602 -0.489097 -0.283010
vn 0.065428 0.534195 -0.842825
vn -0.852836 0.102949 -0.507493
vn -0.402240 0.303278 -0.862366
vn -0.375185 0.070391 -0.916697
vn 0.273238 0.505146 -0.818638
vn -0.875334 0.152843 -0.458671
vn -0.717646 0.155679 -0.672825
vn -0.592143 0.168990 -0.784823
vn -0.781507 0.069922 -0.612451
vn -0.664307 0.106124 -0.735423
vn 0.114913 0.475670 -0.869600
vn -0.637105 0.685519 -0.345087
vn 0.668228 0.738744 0.073426
vn 0.709730 0.702775 0.025002
vn 0.646931 0.753896 -0.030285
vn 0.602551 0.789258 -0.104787
vn 0.615763 0.765019 -0.178634
vn 0.602404 0.769494 -0.203920
vn 0.608822 0.786991 -0.052557
vn 0.610003 0.790289 -0.024060
vn 0.607093 0.792386 -0.006301
vn 0.618232 0.779638 -0.059652
vn 0.618562 0.783464 0.036493
vn 0.656528 0.738330 -0.132813
vn 0.611068 0.768679 -0.187930
vn 0.604850 0.760802 -0.229627
vn 0.567337 0.818271 0.015718
vn 0.618678 0.782062 0.037305
vn 0.545245 0.830484 0.110488
vn 0.522903 0.848762 0.058950
vn 0.461875 0.873296 0.128302
vn 0.593482 0.782751 -0.178357
vn 0.333615 0.679627 -0.650396
vn 0.449305 0.707557 -0.528227
vn 0.420110 0.649233 -0.632398
vn 0.483277 0.764166 -0.423155
vn 0.467247 0.701900 -0.519664
vn 0.512102 0.736637 -0.434986
vn 0.124453 0.437477 -0.887765
vn 0.114320 0.399696 -0.903657
vn 0.173455 0.485662 -0.855804
vn 0.193110 0.507129 -0.838409
vn 0.232103 0.525656 -0.814739
vn 0.301557 0.595059 -0.740296
vn 0.300647 0.593206 -0.743821
vn 0.347750 0.642631 -0.677954
vn 0.348709 0.633645 -0.687778
vn 0.073489 0.390739 -0.916000
vn 0.130557 0.460392 -0.875436
vn 0.282166 0.606489 -0.735199
vn 0.268369 0.555565 -0.779854
vn 0.018157 0.332441 -0.940678
vn 0.042581 0.380051 -0.921969
vn 0.209412 0.543615 -0.810325
vn 0.373214 0.664163 -0.646849
vn 0.400236 0.640132 -0.655741
vn 0.106390 0.434134 -0.893548
vn 0.178709 0.490639 -0.850694
vn 0.193291 0.496161 -0.843108
vn 0.370863 0.599069 -0.706420
vn 0.311500 0.624279 -0.710798
vn 0.269959 0.556438 -0.783769
vn 0.340720 0.610774 -0.712119
vn 0.322134 0.656090 -0.680817
vn 0.349110 0.600152 -0.716845
vn 0.014122 0.360800 -0.926502
vn 0.129180 0.435134 -0.890550
vn -0.071447 0.281875 -0.956756
vn -0.049523 0.273939 -0.960198
vn 0.065179 0.395946 -0.908598
vn 0.129982 0.464459 -0.874428
vn 0.432797 0.673580 -0.591747
vn 0.289728 0.574390 -0.762965
vn 0.286817 0.597263 -0.747788
vn 0.204097 0.510957 -0.829223
vn 0.144420 0.540111 -0.827089
vn 0.119077 0.510632 -0.847646
vn 0.259290 0.568203 -0.778067
vn 0.184760 0.529332 -0.821831
vn 0.096166 0.532834 -0.839934
vn 0.253747 0.611223 -0.746883
vn 0.139430 0.536261 -0.830473
vn 0.268266 0.621097 -0.734824
vn 0.233036 0.547099 -0.800792
vn 0.251192 0.535887 -0.802329
vn 0.196925 0.540097 -0.814162
vn 0.386594 0.632160 -0.667935
vn 0.234642 0.578232 -0.773574
vn 0.261282 0.575100 -0.771228
vn 0.180681 0.510771 -0.839714
vn 0.253112 0.530582 -0.802762
vn 0.229181 0.600914 -0.762337
vn 0.257101 0.582615 -0.765187
vn 0.322665 0.619598 -0.714783
vn 0.295357 0.635261 -0.710988
vn 0.203757 0.628473 -0.750213
vn 0.154512 0.491943 -0.853009
vn 0.207327 0.599734 -0.772874
vn 0.345277 0.614921 -0.707441
vn 0.350372 0.648866 -0.673743
vn 0.381866 0.619278 -0.680351
vn 0.323364 0.658250 -0.673327
vn -0.037414 0.312742 -0.947280
vn 0.356238 0.653234 -0.665981
vn 0.380334 0.677321 -0.628843
vn 0.072404 0.330493 -0.940068
vn 0.009914 0.284419 -0.957974
vn 0.067162 0.346434 -0.932064
vn -0.914543 0.377746 0.053491
vn -0.714687 0.672731 -0.081891
vn -0.896026 0.419291 -0.049708
vn 0.459133 0.714751 -0.525864
vn 0.503003 0.739546 -0.441499
vn 0.480738 0.718515 -0.500934
vn 0.006711 0.268414 -0.959260
vn -0.064088 0.186901 -0.975541
vn 0.048508 0.320082 -0.943534
vn 0.186501 0.446586 -0.869517
vn -0.004782 0.245242 -0.960694
vn -0.090393 0.220930 -0.967358
vn -0.154339 0.118935 -0.977475
vn 0.485631 0.718880 -0.491488
vn 0.487384 0.726635 -0.478554
vn 0.500719 0.699649 -0.497547
vn -0.783531 0.543404 -0.183076
vn 0.039867 0.297522 -0.952796
vn -0.104542 0.369140 -0.916210
vn 0.113784 0.502423 -0.848631
vn 0.003320 0.487815 -0.868713
vn 0.525678 0.685349 -0.496879
vn 0.518130 0.700022 -0.489627
vn 0.473558 0.678537 -0.558622
vn 0.466838 0.701148 -0.535614
vn -0.349721 -0.064104 -0.933344
vn -0.329581 -0.028066 -0.939763
vn -0.275449 0.011262 -0.956554
vn 0.566624 0.746280 -0.339930
vn 0.565543 0.743907 -0.342620
vn 0.594829 0.767320 -0.236010
vn -0.179188 0.128715 -0.966048
vn -0.050269 0.252273 -0.962604
vn 0.449284 0.786015 -0.394883
vn 0.540498 0.790521 -0.279019
vn 0.514198 0.769126 -0.372531
vn 0.262527 0.534168 -0.799611
vn 0.299669 0.513002 -0.801248
vn 0.373756 0.574654 -0.722142
vn 0.310640 0.663441 -0.676969
vn -0.283551 0.360107 -0.863711
vn 0.002467 0.470774 -0.868669
vn -0.393522 0.165189 -0.878785
vn -0.571468 0.237437 -0.763592
vn -0.143023 0.103066 -0.979396
vn -0.726906 0.043940 -0.641772
vn -0.595478 0.008012 -0.788949
vn 0.339143 0.525452 -0.775671
vn 0.358951 0.601650 -0.703100
vn 0.378708 0.520333 -0.753448
vn -0.752380 0.232347 -0.518129
vn -0.845971 0.119456 -0.459502
vn -0.968817 0.021787 -0.243326
vn 0.507160 0.770435 -0.380022
vn 0.452432 0.746068 -0.480631
vn 0.133133 0.369113 -0.914593
vn 0.239093 0.461171 -0.850084
vn 0.205825 0.469617 -0.857755
vn 0.456356 0.682185 -0.559761
vn 0.383401 0.617733 -0.677629
vn -0.386116 -0.097903 -0.917218
vn -0.382868 -0.105879 -0.916642
vn -0.334328 -0.046844 -0.939950
vn -0.342584 -0.106433 -0.929742
vn -0.257865 0.023113 -0.963274
vn -0.067158 0.077819 -0.988638
vn -0.198623 0.167892 -0.952079
vn -0.028668 0.239176 -0.920352
vn 0.499679 0.672544 -0.537529
vn 0.505067 0.689497 -0.509624
vn 0.555424 0.732720 -0.373524
vn 0.179875 0.212368 -0.930804
vn 0.062364 0.221189 -0.964475
vn -0.549747 0.412603 -0.711298
vn 0.600517 0.775585 -0.194229
vn 0.589621 0.776229 -0.220033
vn -0.275604 0.141361 -0.948429
vn -0.202802 0.294462 -0.928992
vn 0.310621 0.516035 -0.791038
vn 0.445931 0.617811 -0.634215
vn 0.375997 0.567645 -0.727017
vn -0.861980 -0.049671 -0.495069
vn -0.943929 0.025481 -0.315340
vn -0.804362 0.538909 0.175070
vn -0.224675 0.876143 0.172514
vn -0.490402 0.804263 0.061969
vn 0.123744 0.400401 -0.901869
vn 0.001764 0.302688 -0.949379
vn -0.363751 -0.159394 -0.917494
vn -0.401450 -0.163952 -0.900636
vn -0.993363 0.039999 0.072569
vn -0.995737 0.053233 -0.040789
vn -0.993056 -0.006375 0.032384
vn 0.002475 0.262378 -0.962036
vn -0.011223 0.273853 -0.951453
vn 0.075482 0.348081 -0.932090
vn -0.412860 0.036532 -0.900035
vn -0.442653 -0.030801 -0.892141
vn -0.070749 0.195500 -0.969368
vn -0.011475 0.246313 -0.967536
vn -0.161484 0.095271 -0.973844
vn -0.377627 0.551201 -0.721217
vn -0.188667 0.561221 -0.780513
vn -0.070540 0.418348 -0.894582
vn 0.460711 0.626174 -0.620698
vn -0.268351 0.003978 -0.956161
vn 0.511224 0.703048 -0.489751
vn 0.205313 0.471352 -0.854950
vn 0.339271 0.540384 -0.765828
vn 0.176074 0.486122 -0.851136
vn 0.266868 0.540907 -0.788948
vn 0.223558 0.500872 -0.828647
vn 0.296418 0.545996 -0.780388
vn 0.274185 0.485378 -0.823670
vn -0.049461 0.244455 -0.965639
vn -0.146169 0.141836 -0.970915
vn -0.297993 -0.087492 -0.946973
vn -0.133499 0.137727 -0.976714
vn -0.257590 0.021538 -0.963001
vn 0.495131 0.721120 -0.483196
vn 0.281573 0.620505 -0.722899
vn 0.240930 0.509446 -0.814886
vn 0.272529 0.476405 -0.829268
vn 0.295877 0.548529 -0.770142
vn 0.232866 0.474119 -0.832397
vn -0.187197 0.044413 -0.978820
vn 0.263434 0.525514 -0.801521
vn -0.162114 0.843873 -0.362539
vn 0.108622 0.825139 -0.470088
vn -0.458610 0.784508 -0.385006
vn -0.596645 0.750437 -0.277697
vn -0.193939 0.091181 -0.974377
vn 0.548234 0.798207 -0.233863
vn 0.437536 0.635822 -0.633630
vn 0.285482 0.539070 -0.788964
vn -0.343397 -0.109023 -0.931377
vn -0.249041 -0.017582 -0.967477
vn 0.019320 0.425566 -0.878686
vn 0.263033 0.531807 -0.785477
vn -0.103070 0.126705 -0.983077
vn -0.975742 0.023517 -0.217656
vn 0.319457 0.471396 -0.816043
vn 0.377118 0.567651 -0.726793
vn 0.400019 0.618647 -0.668927
vn 0.447375 0.609466 -0.652862
vn 0.462973 0.630277 -0.616274
vn 0.580417 0.786432 -0.202526
vn 0.561506 0.807271 -0.156026
vn 0.586413 0.760551 -0.276709
vn 0.545644 0.734782 -0.386494
vn 0.144587 0.394416 -0.902078
vn 0.589480 0.746362 -0.302379
vn -0.996232 -0.010117 0.048493
vn -0.997949 0.011202 0.025525
vn -0.995940 -0.048000 0.046594
vn 0.073650 0.371443 -0.924334
vn -0.976838 0.176538 0.092815
vn -0.995898 0.067599 0.026231
vn -0.987599 0.105875 0.083759
vn -0.002923 0.274270 -0.956424
vn 0.426048 0.644640 -0.629390
vn 0.394411 0.623805 -0.667193
vn 0.313055 0.571107 -0.754759
vn 0.306936 0.645751 -0.698623
vn 0.324767 0.612666 -0.717695
vn 0.544215 0.735020 -0.392089
vn 0.550031 0.733015 -0.395226
vn -0.230969 0.045515 -0.969215
vn 0.458516 0.874796 -0.061327
vn 0.163290 0.889539 -0.250192
vn 0.016659 0.954133 0.008190
vn 0.600902 0.760877 -0.242108
vn -0.169995 0.140764 -0.967733
vn -0.244329 -0.003011 -0.969527
vn -0.117119 0.171449 -0.969677
vn 0.064853 0.330431 -0.937108
vn 0.336468 0.587558 -0.728763
vn -0.999132 -0.036882 -0.014750
vn -0.999613 -0.003493 -0.012334
vn -0.570473 0.481764 -0.664505
vn 0.281072 0.516605 -0.803942
vn -0.444922 0.857611 -0.160364
vn -0.967207 0.183189 -0.015597
vn -0.958827 0.145646 -0.041517
vn -0.997844 0.020484 -0.002026
vn 0.335212 0.612111 -0.710507
vn 0.169430 0.628932 -0.747573
vn 0.255042 0.330483 -0.899896
vn 0.099880 0.362609 -0.923113
vn 0.143797 0.671826 -0.709417
vn 0.240691 0.494194 -0.831918
vn 0.170924 0.441531 -0.876200
vn -0.771330 0.551934 -0.208461
vn 0.489279 0.675560 -0.548262
vn -0.061859 0.253991 -0.963873
vn -0.073856 0.280492 -0.956816
vn 0.112174 0.350799 -0.927514
vn 0.332522 0.468219 -0.812172
vn 0.260327 0.385787 -0.879004
vn 0.345798 0.724471 -0.580275
vn 0.080946 0.765129 -0.588271
vn 0.331450 0.562709 -0.753368
vn -0.952094 0.251691 0.163228
vn 0.448445 0.726445 -0.513352
vn 0.328739 0.695760 -0.631889
vn 0.541721 0.828560 -0.096957
vn 0.279848 0.925119 0.232942
vn 0.169308 0.944950 0.147954
vn 0.455094 0.881681 0.056697
vn -0.965976 0.246341 0.044711
vn 0.011699 0.314910 -0.947959
vn 0.385712 0.696965 -0.601162
vn 0.381865 0.640997 -0.648800
vn 0.304089 0.570821 -0.757313
vn 0.339554 0.584600 -0.733140
vn 0.342152 0.537778 -0.769660
vn 0.295635 0.499654 -0.811335
vn -0.876986 0.426536 0.117610
vn 0.303359 0.466880 -0.819543
vn 0.097847 0.368844 -0.919504
vn 0.162635 0.437089 -0.881922
vn 0.561118 0.780033 -0.273332
vn 0.541358 0.777034 -0.314322
vn 0.582326 0.769553 -0.249078
vn -0.993934 -0.058405 -0.093188
vn 0.289743 0.557377 -0.770577
vn 0.179110 0.453328 -0.869196
vn 0.383505 0.604642 -0.696025
vn 0.252327 0.513845 -0.818694
vn 0.518136 0.705130 -0.479865
vn 0.339368 0.599776 -0.720779
vn 0.317576 0.579260 -0.724245
vn 0.517252 0.719743 -0.456565
vn 0.564011 0.576468 0.590285
vn 0.556972 0.594352 0.579968
vn 0.533998 0.587106 0.607183
vn 0.106995 0.749763 0.627047
vn -0.004280 0.803351 0.579120
vn 0.051988 0.760959 0.633774
vn 0.430770 0.654516 0.618103
vn 0.385253 0.728021 0.564167
vn 0.468910 0.673313 0.568696
vn 0.129613 0.875154 0.448431
vn 0.236185 0.842189 0.481430
vn 0.140704 0.825634 0.525662
vn 0.038518 0.881728 0.404079
vn 0.302084 0.920665 0.163703
vn 0.032671 0.980501 0.124387
vn 0.545459 0.781637 0.297816
vn 0.499776 0.819506 0.276011
vn 0.472259 0.828041 0.298854
vn 0.546952 0.648843 0.525053
vn 0.519296 0.684842 0.506111
vn 0.555821 0.618777 0.552880
vn 0.508958 0.740925 0.435027
vn 0.529197 0.702871 0.473338
vn 0.537804 0.676983 0.501134
vn 0.123374 0.618618 0.771325
vn 0.124911 0.708404 0.683924
vn 0.163223 0.563317 0.806956
vn -0.042206 0.922191 0.352935
vn 0.530088 0.675914 0.508971
vn 0.534771 0.642492 0.546275
vn 0.328907 0.791992 0.508239
vn 0.361082 0.729853 0.577428
vn 0.363580 0.793108 0.487450
vn 0.559099 0.570469 0.596142
vn 0.548165 0.618940 0.558495
vn 0.601491 0.636491 0.477965
vn 0.511087 0.706196 0.488751
vn 0.547370 0.669924 0.500030
vn 0.506835 0.744280 0.432139
vn 0.505011 0.747557 0.429521
vn 0.541899 0.635872 0.548556
vn 0.083358 0.929868 0.346543
vn 0.148254 0.951446 0.256430
vn 0.171818 0.919753 0.341805
vn 0.550416 0.622201 0.554787
vn 0.602867 0.693018 0.391332
vn 0.645935 0.641437 0.410275
vn 0.621713 0.716238 0.312898
vn 0.074552 0.966233 0.218986
vn 0.158080 0.957236 0.235400
vn 0.170333 0.929474 0.318243
vn 0.530805 0.821400 0.194748
vn 0.458893 0.875451 0.143847
vn 0.559013 0.814953 0.122628
vn 0.186577 0.964729 0.137312
vn 0.564177 0.601665 0.565255
vn 0.558012 0.595984 0.577375
vn 0.588842 0.597864 0.543111
vn 0.557128 0.589351 0.584840
vn 0.546124 0.615995 0.565839
vn 0.553338 0.598050 0.577960
vn 0.355790 0.795613 0.482651
vn 0.294339 0.849566 0.423240
vn 0.403166 0.782370 0.473539
vn 0.479575 0.839090 0.251824
vn 0.522954 0.818687 0.232746
vn 0.663588 0.713183 0.208263
vn 0.730574 0.675423 0.089703
vn 0.706183 0.689096 0.140806
vn 0.512444 0.780411 0.355405
vn 0.398940 0.872366 0.277944
vn 0.412969 0.876406 0.241919
vn 0.370958 0.886616 0.267804
vn 0.448790 0.779159 0.431653
vn 0.470163 0.827433 0.295464
vn 0.521279 0.778478 0.344294
vn 0.499563 0.742523 0.443821
vn 0.489157 0.755859 0.430250
vn 0.487762 0.660202 0.568944
vn 0.410581 0.712188 0.568470
vn 0.448827 0.671458 0.587955
vn 0.550902 0.621612 0.554472
vn 0.520371 0.683291 0.508060
vn 0.550332 0.597111 0.583497
vn 0.388748 0.885071 0.251164
vn 0.414444 0.873668 0.243967
vn 0.389267 0.865251 0.302772
vn 0.375246 0.874532 0.302840
vn 0.564426 0.746805 0.346875
vn 0.566588 0.761633 0.311373
vn 0.151643 0.923380 0.349422
vn 0.141666 0.913913 0.376662
vn 0.057738 0.932758 0.347059
vn 0.547651 0.655566 0.519275
vn 0.219603 0.928479 0.294893
vn 0.241992 0.873629 0.411371
vn 0.199893 0.909241 0.363451
vn 0.560762 0.766163 0.312742
vn 0.568600 0.760281 0.313040
vn 0.564979 0.609401 0.555547
vn 0.233823 0.746934 0.613521
vn 0.360967 0.712384 0.597407
vn 0.323908 0.641181 0.688757
vn 0.210399 0.879380 0.423975
vn 0.311899 0.821001 0.471198
vn 0.484685 0.687032 0.538392
vn 0.471828 0.738579 0.475040
vn 0.450185 0.849188 0.272184
vn 0.423704 0.860705 0.277724
vn 0.465584 0.804607 0.364743
vn 0.303324 0.727445 0.600232
vn 0.226158 0.913104 0.336866
vn 0.266449 0.898268 0.345519
vn 0.677476 0.730589 0.065217
vn 0.650168 0.751343 0.084899
vn 0.384508 0.791981 0.438052
vn 0.441987 0.743242 0.498813
vn 0.612347 0.734733 0.277319
vn 0.604455 0.740317 0.256238
vn 0.466407 0.797803 0.377467
vn 0.401980 0.863730 0.280260
vn 0.366096 0.872247 0.321103
vn 0.456164 0.834373 0.304793
vn 0.215655 0.849910 0.457119
vn 0.440609 0.627048 0.640078
vn 0.451710 0.646042 0.612067
vn 0.389110 0.675208 0.626507
vn 0.246753 0.901138 0.353620
vn 0.209242 0.914271 0.343894
vn 0.268454 0.869206 0.412356
vn 0.374717 0.873858 0.306066
vn 0.367192 0.873858 0.313155
vn 0.365673 0.874383 0.313328
vn 0.344833 0.881933 0.318071
vn 0.374120 0.880388 0.285990
vn 0.281835 0.894829 0.339157
vn 0.300248 0.869875 0.380886
vn 0.527385 0.728962 0.428848
vn 0.373887 0.876593 0.301226
vn 0.405869 0.862104 0.300785
vn 0.228553 0.906319 0.351911
vn 0.231700 0.907051 0.349436
vn 0.332943 0.840095 0.425433
vn 0.369626 0.819157 0.434943
vn 0.321338 0.811045 0.484427
vn 0.397166 0.750593 0.524968
vn 0.373835 0.698349 0.609394
vn 0.552583 0.809622 0.158834
vn 0.459761 0.856343 0.231193
vn 0.310470 0.864457 0.391804
vn 0.356404 0.755752 0.548647
vn 0.422161 0.853689 0.300410
vn 0.440717 0.838576 0.318152
vn 0.292049 0.901442 0.315447
vn 0.562638 0.786191 0.242337
vn 0.584027 0.762329 0.273879
vn 0.548705 0.793059 0.246365
vn 0.314314 0.468243 0.816404
vn 0.295750 0.559285 0.771992
vn 0.411826 0.558609 0.716103
vn 0.269668 0.897120 0.342819
vn 0.301126 0.866140 0.394667
vn 0.452863 0.841368 0.288308
vn 0.400744 0.882249 0.243388
vn 0.455516 0.857738 0.233604
vn 0.289052 0.836148 0.465357
vn 0.551357 0.620948 0.555989
vn 0.324355 0.822657 0.464577
vn 0.496561 0.600043 0.626518
vn 0.142715 0.832160 0.529591
vn 0.093680 0.898262 0.425299
vn 0.321604 0.793474 0.515366
vn 0.116951 0.768664 0.615353
vn 0.130204 0.777307 0.612714
vn 0.353354 0.752319 0.552209
vn 0.347369 0.744253 0.559656
vn 0.221804 0.880801 0.397560
vn 0.378768 0.801395 0.446203
vn 0.449904 0.861454 0.228250
vn 0.549869 0.629268 0.547696
vn 0.562272 0.593724 0.575275
vn 0.198455 0.545574 0.810248
vn 0.368822 0.738314 0.562968
vn 0.430357 0.612751 0.661339
vn 0.395177 0.664782 0.631143
vn 0.360214 0.691389 0.625508
vn 0.628699 0.738193 0.240892
vn 0.402218 0.698829 0.591344
vn 0.126183 0.580123 0.800669
vn 0.052353 0.577246 0.811283
vn 0.642631 0.698492 0.310149
vn 0.632655 0.736633 0.236281
vn 0.598480 0.722833 0.336653
vn 0.360366 0.679101 0.639037
vn 0.453745 0.810672 0.363849
vn 0.437401 0.834961 0.332528
vn 0.424969 0.850380 0.308923
vn 0.575918 0.507239 0.637448
vn 0.479939 0.505980 0.709173
vn 0.568747 0.761362 0.309876
vn 0.561150 0.569795 0.597295
vn 0.570507 0.541431 0.615489
vn 0.388424 0.637138 0.663663
vn 0.385456 0.672711 0.631125
vn 0.524897 0.616095 0.586069
vn 0.515418 0.812487 0.263118
vn 0.532354 0.793072 0.289491
vn 0.558324 0.568391 0.603498
vn 0.339498 0.891285 0.255329
vn 0.564501 0.583122 0.583815
vn 0.602484 0.550289 0.577071
vn 0.398831 0.654872 0.639996
vn 0.582623 0.494121 0.642718
vn 0.551186 0.598172 0.581528
vn 0.357811 0.885624 0.293655
vn 0.348821 0.895418 0.276077
vn 0.347006 0.896251 0.274229
vn 0.619444 0.529402 0.579510
vn 0.551273 0.607828 0.571471
vn 0.189805 0.794284 0.564210
vn 0.430982 0.842606 0.320549
vn 0.546580 0.720593 0.423672
vn 0.288902 0.806305 0.498620
vn 0.228840 0.652287 0.715114
vn 0.648091 0.697866 -0.303673
vn 0.636970 0.726163 -0.250223
vn 0.657021 0.720726 -0.215540
vn 0.590629 0.747500 -0.301851
vn 0.571702 0.786169 -0.228064
vn 0.616117 0.736536 -0.277252
vn 0.556230 0.782657 -0.270976
vn 0.558087 0.754666 -0.343761
vn 0.527376 0.793586 -0.289107
vn 0.558011 0.760137 -0.332252
vn 0.611245 0.729195 -0.306615
vn 0.620125 0.724766 -0.299350
vn 0.627499 0.735852 -0.250136
vn 0.363581 0.860402 0.356703
vn 0.389410 0.854648 0.341716
vn 0.371808 0.877636 0.294882
vn 0.405626 0.866297 0.285822
vn 0.361877 0.892696 0.262312
vn -0.519061 0.525303 0.674007
vn -0.541310 0.541385 0.641060
vn -0.498373 0.463170 0.729891
vn -0.192853 0.575403 0.791880
vn -0.247171 0.601486 0.757022
vn -0.227323 0.526981 0.817945
vn 0.587783 0.669907 0.450730
vn -0.411986 0.393920 0.820946
vn -0.346481 0.418905 0.837758
vn -0.459207 0.381660 0.799938
vn -0.348168 0.750367 0.560357
vn -0.345069 0.791391 0.502329
vn -0.243827 0.809931 0.522184
vn -0.499347 0.634634 0.588336
vn -0.476347 0.699872 0.530557
vn -0.445526 0.654556 0.604120
vn -0.410493 0.484842 0.764367
vn -0.478446 0.496154 0.717654
vn -0.456378 0.555304 0.693999
vn -0.477968 0.693426 0.536828
vn -0.504257 0.607879 0.610067
vn -0.395657 0.696120 0.591741
vn -0.412451 0.824713 0.386749
vn -0.432635 0.775403 0.453758
vn -0.362159 0.836629 0.405269
vn -0.459262 0.458459 0.757909
vn -0.415019 0.545631 0.725408
vn -0.495666 0.527791 0.688474
vn -0.459842 0.409490 0.785934
vn -0.334851 0.509318 0.787092
vn -0.588151 0.635774 0.498584
vn -0.585701 0.575758 0.566980
vn -0.538565 0.645834 0.534909
vn -0.240484 0.485509 0.840133
vn -0.207475 0.491207 0.845601
vn -0.447173 0.724730 0.520700
vn -0.206453 0.727910 0.640273
vn -0.301390 0.625219 0.718427
vn -0.325755 0.687920 0.644406
vn 0.429664 0.848367 0.297777
vn -0.384783 0.419185 0.820657
vn -0.336960 0.616968 0.708782
vn -0.364073 0.822900 0.430862
vn -0.284002 0.861609 0.416125
vn -0.427927 0.716422 0.531514
vn -0.412716 0.742262 0.516962
vn -0.411894 0.631157 0.653886
vn -0.283245 0.411667 0.862483
vn -0.275243 0.489873 0.823676
vn -0.229721 0.519455 0.814897
vn -0.620089 0.528079 0.579731
vn -0.593523 0.500482 0.629007
vn -0.616242 0.529614 0.581889
vn -0.415690 0.399219 0.812599
vn -0.435329 0.772194 0.455239
vn -0.401787 0.804777 0.429632
vn -0.600698 0.516306 0.609449
vn -0.572691 0.544195 0.613088
vn -0.586038 0.498004 0.638313
vn -0.444609 0.794244 0.410826
vn -0.516165 0.724958 0.451963
vn -0.490981 0.747127 0.446660
vn -0.439699 0.605629 0.660109
vn -0.427668 0.806000 0.407347
vn -0.469347 0.379228 0.794544
vn -0.622355 0.566038 0.539578
vn -0.347812 0.737888 0.576513
vn -0.450839 0.599777 0.658659
vn -0.208235 0.645328 0.730293
vn -0.404953 0.393749 0.824969
vn -0.454790 0.380057 0.802205
vn -0.423950 0.412964 0.805087
vn -0.455224 0.782189 0.420441
vn -0.486639 0.745371 0.452330
vn -0.374169 0.589427 0.712723
vn -0.461508 0.399518 0.790766
vn 0.336076 0.887355 0.311727
vn -0.547297 0.472472 0.688944
vn -0.539020 0.475849 0.693263
vn -0.575436 0.513467 0.635836
vn 0.417933 0.846305 0.328777
vn -0.297120 0.446285 0.843301
vn -0.487035 0.437223 0.754259
vn -0.482697 0.365916 0.794903
vn -0.481889 0.742860 0.463142
vn 0.410402 0.889944 0.192268
vn 0.377722 0.877958 0.291662
vn 0.364470 0.876920 0.312814
vn 0.429431 0.826984 0.359167
vn 0.396723 0.848944 0.344985
vn 0.452705 0.800402 0.388084
vn -0.356826 0.780436 0.509477
vn -0.267507 0.684111 0.674079
vn -0.261418 0.762120 0.587032
vn -0.302877 0.577175 0.757400
vn -0.349710 0.668716 0.651051
vn -0.254465 0.843278 0.462174
vn -0.192929 0.662895 0.722346
vn -0.245996 0.470347 0.845705
vn -0.334400 0.433056 0.835562
vn -0.293051 0.215253 0.927317
vn -0.268216 0.285713 0.913762
vn -0.179803 0.235912 0.953682
vn -0.111981 0.723087 0.679269
vn -0.092440 0.795567 0.594653
vn -0.159937 0.695857 0.696491
vn 0.056558 0.819577 0.565114
vn -0.076255 0.792258 0.597663
vn -0.079057 0.866503 0.479503
vn 0.038613 0.665558 0.742534
vn 0.114992 0.602373 0.786053
vn 0.157901 0.670849 0.721860
vn -0.215580 0.491046 0.843133
vn 0.013905 0.837291 0.539495
vn 0.111191 0.849250 0.514530
vn 0.066682 0.885441 0.456732
vn 0.196724 0.904294 0.376906
vn 0.257880 0.867115 0.422120
vn -0.049941 0.779863 0.621685
vn -0.094088 0.684762 0.719036
vn 0.013183 0.657633 0.750595
vn 0.024159 0.728069 0.671623
vn -0.079080 0.674018 0.732968
vn 0.251184 0.642784 0.720586
vn -0.008118 0.749729 0.658656
vn -0.219938 0.870559 0.436562
vn -0.035939 0.888978 0.456285
vn 0.003670 0.906720 0.419494
vn -0.041523 0.877256 0.477151
vn -0.136759 0.786415 0.599886
vn 0.134626 0.563182 0.814406
vn 0.014796 0.570896 0.817926
vn -0.172606 0.362389 0.910888
vn -0.082686 0.251081 0.962760
vn 0.154616 0.391454 0.902398
vn 0.124848 0.488788 0.857633
vn -0.252053 0.515371 0.817531
vn -0.126943 0.534499 0.833855
vn -0.170755 0.551027 0.814725
vn 0.345537 0.653069 0.672565
vn 0.349792 0.621266 0.701181
vn -0.130565 0.867797 0.475277
vn -0.156435 0.882469 0.440511
vn -0.183494 0.873309 0.450266
vn 0.332979 0.669201 0.663441
vn 0.310528 0.651786 0.690476
vn 0.350141 0.688587 0.634506
vn 0.351359 0.664227 0.659456
vn -0.161641 0.602408 0.778682
vn -0.238040 0.550542 0.799891
vn -0.182643 0.741319 0.643956
vn -0.155999 0.817111 0.551276
vn -0.038006 0.907143 0.414276
vn 0.045251 0.916809 0.394258
vn 0.510723 0.827031 0.227582
vn -0.001010 0.934725 0.353110
vn 0.040447 0.942749 0.326556
vn 0.100507 0.951289 0.285729
vn 0.301271 0.724689 0.617823
vn 0.314206 0.675436 0.666543
vn -0.001419 0.924992 0.374824
vn 0.012150 0.933950 0.349077
vn 0.031496 0.931994 0.353398
vn 0.251628 0.832708 0.490429
vn 0.260481 0.772043 0.576972
vn 0.111340 0.911242 0.389924
vn 0.135478 0.931938 0.331740
vn -0.039004 0.840647 0.538294
vn -0.048003 0.876258 0.477413
vn 0.000910 0.897739 0.433868
vn -0.011360 0.889440 0.455283
vn -0.052343 0.859519 0.506695
vn -0.233305 0.514938 0.823423
vn -0.272387 0.507181 0.817016
vn 0.013413 0.900299 0.433885
vn -0.008024 0.334681 0.935769
vn -0.118954 0.436950 0.887688
vn 0.017808 0.428526 0.901016
vn -0.057916 0.607557 0.788112
vn -0.058776 0.668584 0.739145
vn -0.093561 0.843956 0.526800
vn -0.377409 0.234092 0.895971
vn -0.356366 0.260470 0.893759
vn 0.131714 0.724656 0.674479
vn -0.162492 0.570679 0.798936
vn -0.029812 0.520901 0.848221
vn 0.365590 0.885694 0.280059
vn 0.196885 0.750736 0.628183
vn 0.189918 0.812492 0.548577
vn -0.349842 0.360903 0.864178
vn 0.443203 0.429909 0.776480
vn 0.284055 0.390765 0.871047
vn 0.467784 0.432340 0.760081
vn -0.195147 0.552622 0.809328
vn -0.160490 0.633355 0.755519
vn 0.036049 0.717090 0.694447
vn 0.120456 0.332419 0.933402
vn 0.318654 0.639826 0.698740
vn 0.241517 0.705240 0.664179
vn -0.272698 0.515141 0.811953
vn 0.237938 0.601845 0.758500
vn 0.187805 0.941066 0.275266
vn 0.296816 0.632792 0.713603
vn 0.249657 0.623234 0.740984
vn 0.176020 0.869456 0.457755
vn 0.282326 0.599478 0.748117
vn 0.656654 0.744400 0.080991
vn 0.603970 0.785465 0.102011
vn 0.391043 0.872587 0.289854
vn 0.018035 0.271460 0.958909
vn -0.224151 0.526200 0.820190
vn -0.063692 0.618874 0.778423
vn 0.079943 0.764148 0.637853
vn 0.115188 0.798387 0.587395
vn 0.060252 0.869369 0.484610
vn -0.177916 0.871825 0.454183
vn 0.050123 0.932105 0.355709
vn 0.657702 0.712725 0.234100
vn 0.362381 0.895735 0.255983
vn 0.389004 0.868726 0.305749
vn -0.125890 0.215691 0.965830
vn 0.582747 0.467507 0.661798
vn 0.485212 0.856753 0.164099
vn 0.415813 0.871593 0.252087
vn 0.699886 0.706123 0.090927
vn 0.409645 0.851885 0.324104
vn 0.569445 0.635200 0.519502
vn 0.355203 0.863231 0.357049
vn 0.357720 0.913296 0.190418
vn 0.382119 0.914779 0.125143
vn 0.357042 0.870208 0.339069
vn 0.408389 0.873689 0.256797
vn 0.643363 0.602930 0.468881
vn 0.625655 0.519871 0.577412
vn 0.606514 0.578712 0.542260
vn 0.687790 0.705245 0.164695
vn 0.395010 0.877253 0.271429
vn 0.376812 0.892527 0.244439
vn 0.397041 0.861939 0.311784
vn 0.361082 0.906383 0.213068
vn 0.403489 0.889921 0.210014
vn 0.377104 0.913215 0.142098
vn 0.335644 0.888702 0.309861
vn 0.370222 0.883845 0.283545
vn 0.376093 0.825780 0.412958
vn 0.349725 0.858910 0.349577
vn 0.348585 0.884388 0.310372
vn 0.626234 0.666260 0.403456
vn 0.339312 0.905506 0.251201
vn 0.308544 0.895760 0.315974
vn 0.339720 0.930737 0.129244
vn 0.553780 0.810979 0.180051
vn 0.369694 0.875714 0.309524
vn 0.698876 0.681377 0.208972
vn 0.610298 0.628303 0.480682
vn 0.644457 0.731642 0.217029
vn 0.549030 0.829201 -0.089922
vn 0.608723 0.787389 -0.082267
vn 0.543818 0.833473 -0.091313
vn 0.647122 0.761169 0.015675
vn 0.655001 0.752807 -0.039629
vn 0.577259 0.815349 -0.019748
vn 0.587162 0.804799 0.064784
vn 0.602705 0.796374 -0.014321
vn 0.589937 0.798262 -0.108851
vn 0.544283 0.834049 -0.082043
vn 0.514726 0.848830 -0.111489
vn 0.564525 0.820777 -0.057729
vn 0.650233 0.750067 -0.109812
vn 0.708830 0.703638 -0.043356
vn 0.362413 0.928120 -0.076735
vn 0.363469 0.924919 -0.104809
vn 0.338309 0.932852 -0.111615
vn 0.428859 0.887745 0.161640
vn 0.368670 0.928587 -0.019524
vn 0.384709 0.921919 -0.038771
vn 0.356968 0.932555 -0.041576
vn 0.708086 0.704388 0.011477
vn 0.563688 0.822636 -0.006290
vn 0.534339 0.831494 0.140031
vn 0.521157 0.847851 0.037264
vn 0.680477 0.730829 0.039206
vn 0.478909 0.868434 0.016819
vn 0.517112 0.847569 0.087368
vn 0.731868 0.680535 -0.020205
vn 0.640302 0.751268 -0.154103
vn 0.655301 0.736578 -0.166086
vn 0.734714 0.677989 0.013499
vn 0.715515 0.697512 0.031311
vn 0.480342 0.870975 -0.068359
vn 0.495059 0.852406 0.150866
vn 0.694508 0.717514 0.048429
vn 0.408142 0.910385 -0.030049
vn 0.421777 0.904677 -0.033860
vn 0.404760 0.912525 0.043237
vn 0.425703 0.901420 0.037034
vn 0.491479 0.862489 -0.114882
vn 0.437054 0.891449 -0.086761
vn 0.439289 0.894350 -0.061635
vn 0.414249 0.897678 -0.141889
vn 0.408929 0.896116 -0.169671
vn 0.362687 0.928537 -0.043710
vn 0.390213 0.917153 -0.062378
vn 0.357087 0.931705 -0.026024
vn 0.609733 0.780659 -0.135332
vn 0.489342 0.869705 -0.040131
vn 0.434569 0.896747 -0.068744
vn 0.457059 0.884873 -0.089211
vn 0.514156 0.849424 -0.112048
vn 0.610438 0.763422 -0.199017
vn 0.570715 0.796141 -0.195712
vn 0.555492 0.819723 -0.134774
vn 0.381286 0.923624 -0.023156
vn 0.474000 0.864936 -0.161279
vn 0.425149 0.881406 -0.202586
vn 0.471573 0.867070 -0.155023
vn 0.420553 0.897221 0.128092
vn 0.531348 0.830640 -0.160744
vn 0.373841 0.924572 -0.057291
vn 0.716664 0.695376 0.046391
vn 0.484328 0.845933 -0.208185
vn 0.496917 0.861646 -0.074410
vn 0.353025 0.918366 -0.155282
vn 0.396836 0.887248 -0.229592
vn 0.359397 0.895821 -0.245234
vn 0.391524 0.916228 0.042286
vn 0.363436 0.928405 0.058343
vn 0.352258 0.932949 0.050363
vn 0.555377 0.829384 -0.047036
vn 0.567249 0.820974 -0.056226
vn 0.479500 0.875077 -0.038680
vn 0.402756 0.908038 0.110794
vn 0.448693 0.889034 0.003806
vn 0.430695 0.869324 -0.241999
vn 0.401125 0.884394 -0.234708
vn 0.410609 0.904956 -0.107009
vn 0.363198 0.887717 -0.279162
vn 0.269317 0.948040 -0.169151
vn 0.459246 0.880156 0.115814
vn 0.490991 0.591837 0.635886
vn 0.366519 0.588059 0.719025
vn 0.330423 0.708666 0.619037
vn 0.211999 0.603779 0.762789
vn 0.459947 0.596457 0.657648
vn 0.294285 0.777488 0.551735
o Object
usemtl Material
f 1/1/1 2/2/2 3/3/3
f 4/4/4 5/5/5 6/6/6
f 5/5/5 4/4/4 7/7/7
f 8/8/8 9/9/9 10/10/10
f 11/11/11 10/10/10 12/12/12
f 13/13/13 11/11/11 14/14/14
f 10/10/10 9/9/9 12/12/12
f 15/15/15 16/16/16 17/17/17
f 18/18/18 12/12/12 16/16/16
f 11/11/11 15/15/15 14/14/14
f 13/13/13 10/10/10 11/11/11
f 16/16/16 15/15/15 18/18/18
f 9/9/9 8/8/8 19/19/19
f 12/12/12 15/15/15 11/11/11
f 15/15/15 12/12/12 18/18/18
f 10/10/10 13/13/13 8/8/8
f 20/20/20 21/21/21 22/22/22
f 23/23/23 24/24/24 25/25/25
f 23/23/23 26/26/26 27/27/27
f 27/27/27 28/28/28 29/29/29
f 25/25/25 26/26/26 23/23/23
f 30/30/30 31/31/31 32/32/32
f 20/20/20 33/33/33 21/21/21
f 34/34/34 29/29/29 35/35/35
f 30/30/30 20/20/20 36/36/36
f 32/32/32 31/31/31 37/37/37
f 28/28/28 27/27/27 26/26/26
f 30/30/30 32/32/32 34/34/34
f 32/32/32 29/29/29 34/34/34
f 35/35/35 29/29/29 28/28/28
f 29/29/29 32/32/32 38/38/38
f 38/38/38 23/23/23 27/27/27
f 25/25/25 24/24/24 39/39/39
f 38/38/38 32/32/32 37/37/37
f 31/31/31 40/40/40 37/37/37
f 33/33/33 34/34/34 35/35/35
f 29/29/29 38/38/38 27/27/27
f 31/31/31 30/30/30 36/36/36
f 35/35/35 21/21/21 33/33/33
f 33/33/33 20/20/20 30/30/30
f 34/34/34 33/33/33 30/30/30
f 41/41/41 42/42/42 43/43/43
f 44/44/44 45/45/45 46/46/46
f 47/47/47 48/48/48 41/41/41
f 49/49/49 42/42/42 41/41/41
f 44/44/44 50/50/50 51/51/51
f 41/41/41 50/50/50 44/44/44
f 41/41/41 43/43/43 52/52/52
f 53/53/53 46/46/46 54/54/54
f 55/55/55 54/54/54 56/56/56
f 41/41/41 48/48/48 57/57/57
f 41/41/41 53/53/53 58/58/58
f 46/46/46 53/53/53 41/41/41
f 58/58/58 53/53/53 59/59/59
f 54/54/54 55/55/55 53/53/53
f 60/60/60 59/59/59 53/53/53
f 50/50/50 41/41/41 52/52/52
f 61/61/61 54/54/54 46/46/46
f 60/60/60 53/53/53 55/55/55
f 41/41/41 57/57/57 49/49/49
f 46/46/46 41/41/41 44/44/44
f 62/62/62 46/46/46 45/45/45
f 41/41/41 63/63/63 64/64/64
f 54/54/54 61/61/61 65/65/65
f 45/45/45 44/44/44 51/51/51
f 61/61/61 46/46/46 65/65/65
f 62/62/62 65/65/65 46/46/46
f 41/41/41 58/58/58 63/63/63
f 66/66/66 67/67/67 68/68/68
f 69/69/69 70/70/70 71/71/71
f 66/66/66 72/72/72 73/73/73
f 74/74/74 67/67/67 75/75/75
f 76/76/76 77/77/77 78/78/78
f 79/79/79 80/80/80 71/71/71
f 81/81/81 82/82/82 83/83/83
f 84/84/84 85/85/85 78/78/78
f 72/72/72 66/66/66 86/86/86
f 87/87/87 73/73/73 72/72/72
f 73/73/73 75/75/75 67/67/67
f 73/73/73 87/87/87 79/79/79
f 83/83/83 76/76/76 81/81/81
f 75/75/75 73/73/73 71/71/71
f 86/86/86 66/66/66 81/81/81
f 84/84/84 72/72/72 86/86/86
f 67/67/67 66/66/66 73/73/73
f 82/82/82 81/81/81 66/66/66
f 75/75/75 70/70/70 88/88/88
f 70/70/70 75/75/75 71/71/71
f 73/73/73 79/79/79 71/71/71
f 86/86/86 85/85/85 84/84/84
f 74/74/74 75/75/75 88/88/88
f 68/68/68 82/82/82 66/66/66
f 85/85/85 86/86/86 81/81/81
f 71/71/71 80/80/80 69/69/69
f 85/85/85 81/81/81 76/76/76
f 85/85/85 76/76/76 78/78/78
f 89/89/89 77/77/77 90/90/90
f 77/77/77 76/76/76 90/90/90
f 91/91/91 92/92/92 93/93/93
f 91/91/91 94/94/94 95/95/95
f 96/96/96 97/97/97 94/94/94
f 98/98/98 99/99/99 100/100/100
f 101/101/101 100/100/100 102/102/102
f 94/94/94 97/97/97 103/103/103
f 94/94/94 102/102/102 96/96/96
f 102/102/102 100/100/100 99/99/99
f 101/101/101 94/94/94 91/91/91
f 91/91/91 104/104/104 101/101/101
f 103/103/103 105/105/105 106/106/106
f 107/107/107 92/92/92 95/95/95
f 102/102/102 94/94/94 101/101/101
f 97/97/97 108/108/108 105/105/105
f 109/109/109 110/110/110 105/105/105
f 107/107/107 95/95/95 103/103/103
f 111/111/111 112/112/112 113/113/113
f 114/114/114 93/93/93 115/115/115
f 109/109/109 105/105/105 108/108/108
f 112/112/112 111/111/111 98/98/98
f 112/112/112 100/100/100 114/114/114
f 106/106/106 107/107/107 103/103/103
f 114/114/114 100/100/100 104/104/104
f 104/104/104 100/100/100 101/101/101
f 100/100/100 112/112/112 98/98/98
f 95/95/95 94/94/94 103/103/103
f 105/105/105 103/103/103 97/97/97
f 95/95/95 92/92/92 91/91/91
f 110/110/110 109/109/109 116/116/116
f 104/104/104 91/91/91 93/93/93
f 114/114/114 115/115/115 112/112/112
f 93/93/93 114/114/114 104/104/104
f 117/117/117 118/118/118 119/119/119
f 120/120/120 121/121/121 122/122/122
f 123/123/123 124/124/124 125/125/125
f 117/117/117 119/119/119 126/126/126
f 127/127/127 122/122/122 121/121/121
f 128/128/128 125/125/125 124/124/124
f 129/129/129 130/130/130 120/120/120
f 131/131/131 132/132/132 133/133/133
f 126/126/126 119/119/119 134/134/134
f 122/122/122 127/127/127 124/124/124
f 135/135/135 136/136/136 137/137/137
f 138/138/138 136/136/136 128/128/128
f 126/126/126 136/136/136 139/139/139
f 136/136/136 134/134/134 131/131/131
f 138/138/138 124/124/124 127/127/127
f 140/140/140 117/117/117 141/141/141
f 137/137/137 138/138/138 127/127/127
f 133/133/133 128/128/128 131/131/131
f 127/127/127 121/121/121 142/142/142
f 122/122/122 124/124/124 123/123/123
f 141/141/141 117/117/117 139/139/139
f 142/142/142 137/137/137 127/127/127
f 124/124/124 138/138/138 128/128/128
f 136/136/136 135/135/135 139/139/139
f 143/143/143 118/118/118 117/117/117
f 138/138/138 137/137/137 136/136/136
f 139/139/139 117/117/117 126/126/126
f 136/136/136 131/131/131 128/128/128
f 136/136/136 126/126/126 134/134/134
f 131/131/131 134/134/134 132/132/132
f 125/125/125 128/128/128 133/133/133
f 130/130/130 121/121/121 120/120/120
f 143/143/143 117/117/117 140/140/140
f 144/144/144 145/145/145 146/146/146
f 147/147/147 148/148/148 149/149/149
f 150/150/150 151/151/151 144/144/144
f 147/147/147 149/149/149 152/152/152
f 144/144/144 148/148/148 153/153/153
f 147/147/147 154/154/154 148/148/148
f 155/155/155 156/156/156 157/157/157
f 146/146/146 148/148/148 144/144/144
f 158/158/158 145/145/145 151/151/151
f 150/150/150 144/144/144 153/153/153
f 159/159/159 160/160/160 161/161/161
f 160/160/160 159/159/159 162/162/162
f 163/163/163 164/164/164 146/146/146
f 146/146/146 165/165/165 163/163/163
f 166/166/166 167/167/167 168/168/168
f 155/155/155 157/157/157 154/154/154
f 160/160/160 169/169/169 161/161/161
f 148/148/148 154/154/154 153/153/153
f 148/148/148 146/146/146 164/164/164
f 145/145/145 158/158/158 170/170/170
f 155/155/155 154/154/154 147/147/147
f 171/171/171 165/165/165 146/146/146
f 159/159/159 156/156/156 172/172/172
f 170/170/170 171/171/171 145/145/145
f 173/173/173 170/170/170 158/158/158
f 159/159/159 172/172/172 162/162/162
f 145/145/145 144/144/144 151/151/151
f 171/171/171 146/146/146 145/145/145
f 164/164/164 149/149/149 148/148/148
f 172/172/172 156/156/156 155/155/155
f 171/171/171 170/170/170 165/165/165
f 174/174/174 173/173/173 158/158/158
f 173/173/173 174/174/174 168/168/168
f 168/168/168 167/167/167 173/173/173
f 155/155/155 147/147/147 152/152/152
f 151/151/151 174/174/174 158/158/158
f 175/175/175 176/176/176 177/177/177
f 178/178/178 179/179/179 180/180/180
f 180/180/180 179/179/179 181/181/181
f 182/182/182 183/183/183 184/184/184
f 179/179/179 185/185/185 186/186/186
f 186/186/186 181/181/181 179/179/179
f 187/187/187 188/188/188 189/189/189
f 190/190/190 191/191/191 192/192/192
f 184/184/184 190/190/190 182/182/182
f 187/187/187 193/193/193 188/188/188
f 187/187/187 194/194/194 193/193/193
f 186/186/186 176/176/176 181/181/181
f 189/189/189 188/188/188 184/184/184
f 193/193/193 175/175/175 195/195/195
f 191/191/191 177/177/177 192/192/192
f 194/194/194 181/181/181 176/176/176
f 175/175/175 177/177/177 195/195/195
f 196/196/196 186/186/186 185/185/185
f 194/194/194 176/176/176 175/175/175
f 197/197/197 186/186/186 198/198/198
f 198/198/198 186/186/186 196/196/196
f 198/198/198 176/176/176 197/197/197
f 188/188/188 195/195/195 184/184/184
f 198/198/198 196/196/196 199/199/199
f 176/176/176 198/198/198 200/200/200
f 199/199/199 196/196/196 201/201/201
f 199/199/199 200/200/200 198/198/198
f 184/184/184 183/183/183 189/189/189
f 193/193/193 195/195/195 188/188/188
f 184/184/184 195/195/195 191/191/191
f 190/190/190 184/184/184 191/191/191
f 177/177/177 202/202/202 192/192/192
f 180/180/180 181/181/181 194/194/194
f 202/202/202 177/177/177 176/176/176
f 176/176/176 186/186/186 197/197/197
f 193/193/193 194/194/194 175/175/175
f 195/195/195 177/177/177 191/191/191
f 176/176/176 200/200/200 202/202/202
f 203/203/203 204/204/204 205/205/205
f 206/206/206 207/207/207 208/208/208
f 205/205/205 209/209/209 210/210/210
f 209/209/209 211/211/211 210/210/210
f 212/212/212 213/213/213 214/214/214
f 203/203/203 205/205/205 215/215/215
f 207/207/207 206/206/206 216/216/216
f 207/207/207 211/211/211 208/208/208
f 216/216/216 217/217/217 207/207/207
f 218/218/218 203/203/203 219/219/219
f 218/218/218 219/219/219 220/220/220
f 221/221/221 212/212/212 222/222/222
f 223/223/223 224/224/224 225/225/225
f 210/210/210 211/211/211 207/207/207
f 226/226/226 227/227/227 209/209/209
f 216/216/216 228/228/228 222/222/222
f 215/215/215 205/205/205 210/210/210
f 217/217/217 214/214/214 207/207/207
f 222/222/222 212/212/212 217/217/217
f 228/228/228 216/216/216 229/229/229
f 230/230/230 231/231/231 229/229/229
f 216/216/216 206/206/206 229/229/229
f 232/232/232 233/233/233 234/234/234
f 229/229/229 235/235/235 230/230/230
f 213/213/213 215/215/215 214/214/214
f 223/223/223 236/236/236 224/224/224
f 227/227/227 226/226/226 233/233/233
f 235/235/235 229/229/229 206/206/206
f 217/217/217 216/216/216 222/222/222
f 237/237/237 220/220/220 219/219/219
f 238/238/238 220/220/220 239/239/239
f 204/204/204 234/234/234 233/233/233
f 211/211/211 209/209/209 227/227/227
f 226/226/226 204/204/204 233/233/233
f 218/218/218 204/204/204 203/203/203
f 229/229/229 231/231/231 228/228/228
f 234/234/234 204/204/204 218/218/218
f 220/220/220 232/232/232 234/234/234
f 215/215/215 210/210/210 214/214/214
f 204/204/204 226/226/226 205/205/205
f 207/207/207 214/214/214 210/210/210
f 225/225/225 224/224/224 239/239/239
f 239/239/239 237/237/237 225/225/225
f 220/220/220 237/237/237 239/239/239
f 239/239/239 224/224/224 238/238/238
f 234/234/234 218/218/218 220/220/220
f 209/209/209 205/205/205 226/226/226
f 217/217/217 212/212/212 214/214/214
f 240/240/240 241/241/241 242/242/242
f 243/243/243 241/241/241 240/240/240
f 244/244/244 242/242/242 245/245/245
f 246/246/246 241/241/241 247/247/247
f 248/248/248 249/249/249 250/250/250
f 251/251/251 242/242/242 246/246/246
f 252/252/252 253/253/253 254/254/254
f 249/249/249 248/248/248 255/255/255
f 247/247/247 241/241/241 256/256/256
f 254/254/254 257/257/257 258/258/258
f 242/242/242 251/251/251 245/245/245
f 259/259/259 244/244/244 260/260/260
f 248/248/248 261/261/261 262/262/262
f 261/261/261 263/263/263 264/264/264
f 256/256/256 243/243/243 265/265/265
f 247/247/247 251/251/251 246/246/246
f 266/266/266 243/243/243 240/240/240
f 242/242/242 267/267/267 240/240/240
f 266/266/266 265/265/265 243/243/243
f 241/241/241 246/246/246 242/242/242
f 268/268/268 269/269/269 250/250/250
f 268/268/268 266/266/266 269/269/269
f 265/265/265 270/270/270 271/271/271
f 243/243/243 256/256/256 241/241/241
f 269/269/269 263/263/263 250/250/250
f 256/256/256 265/265/265 271/271/271
f 261/261/261 248/248/248 263/263/263
f 272/272/272 265/265/265 266/266/266
f 260/260/260 253/253/253 252/252/252
f 265/265/265 273/273/273 270/270/270
f 259/259/259 261/261/261 264/264/264
f 262/262/262 274/274/274 275/275/275
f 258/258/258 252/252/252 254/254/254
f 258/258/258 259/259/259 260/260/260
f 248/248/248 275/275/275 255/255/255
f 268/268/268 250/250/250 249/249/249
f 274/274/274 262/262/262 257/257/257
f 264/264/264 269/269/269 267/267/267
f 276/276/276 257/257/257 254/254/254
f 277/277/277 254/254/254 253/253/253
f 252/252/252 258/258/258 260/260/260
f 259/259/259 264/264/264 267/267/267
f 248/248/248 250/250/250 263/263/263
f 269/269/269 266/266/266 240/240/240
f 242/242/242 244/244/244 259/259/259
f 277/277/277 278/278/278 254/254/254
f 273/273/273 265/265/265 272/272/272
f 261/261/261 259/259/259 258/258/258
f 258/258/258 257/257/257 261/261/261
f 261/261/261 257/257/257 262/262/262
f 267/267/267 242/242/242 259/259/259
f 240/240/240 267/267/267 269/269/269
f 266/266/266 268/268/268 272/272/272
f 274/274/274 257/257/257 276/276/276
f 262/262/262 275/275/275 248/248/248
f 263/263/263 269/269/269 264/264/264
f 279/279/279 280/280/280 281/281/281
f 282/282/282 283/283/283 284/284/284
f 285/285/285 286/286/286 287/287/287
f 288/288/288 287/287/287 286/286/286
f 289/289/289 290/290/290 291/291/291
f 280/280/280 279/279/279 292/292/292
f 288/288/288 292/292/292 293/293/293
f 294/294/294 295/295/295 296/296/296
f 296/296/296 297/297/297 294/294/294
f 297/297/297 296/296/296 298/298/298
f 283/283/283 299/299/299 288/288/288
f 300/300/300 301/301/301 282/282/282
f 302/302/302 291/291/291 290/290/290
f 287/287/287 289/289/289 291/291/291
f 289/289/289 303/303/303 290/290/290
f 295/295/295 282/282/282 296/296/296
f 290/290/290 304/304/304 302/302/302
f 284/284/284 300/300/300 282/282/282
f 280/280/280 305/305/305 285/285/285
f 306/306/306 301/301/301 300/300/300
f 283/283/283 288/288/288 307/307/307
f 287/287/287 308/308/308 289/289/289
f 294/294/294 309/309/309 295/295/295
f 303/303/303 310/310/310 290/290/290
f 290/290/290 310/310/310 304/304/304
f 280/280/280 311/311/311 312/312/312
f 296/296/296 313/313/313 314/314/314
f 308/308/308 283/283/283 295/295/295
f 315/315/315 289/289/289 316/316/316
f 317/317/317 306/306/306 300/300/300
f 292/292/292 288/288/288 305/305/305
f 291/291/291 302/302/302 285/285/285
f 280/280/280 304/304/304 318/318/318
f 299/299/299 283/283/283 308/308/308
f 319/319/319 311/311/311 318/318/318
f 289/289/289 308/308/308 316/316/316
f 308/308/308 287/287/287 299/299/299
f 296/296/296 314/314/314 298/298/298
f 285/285/285 287/287/287 291/291/291
f 320/320/320 314/314/314 321/321/321
f 322/322/322 317/317/317 307/307/307
f 316/316/316 308/308/308 309/309/309
f 323/323/323 281/281/281 280/280/280
f 302/302/302 280/280/280 285/285/285
f 314/314/314 313/313/313 321/321/321
f 300/300/300 284/284/284 317/317/317
f 323/323/323 280/280/280 324/324/324
f 307/307/307 284/284/284 283/283/283
f 309/309/309 308/308/308 295/295/295
f 286/286/286 285/285/285 305/305/305
f 318/318/318 304/304/304 319/319/319
f 312/312/312 311/311/311 319/319/319
f 311/311/311 280/280/280 318/318/318
f 295/295/295 283/283/283 282/282/282
f 280/280/280 292/292/292 305/305/305
f 322/322/322 288/288/288 293/293/293
f 296/296/296 282/282/282 313/313/313
f 304/304/304 280/280/280 302/302/302
f 287/287/287 288/288/288 299/299/299
f 282/282/282 301/301/301 313/313/313
f 284/284/284 307/307/307 317/317/317
f 303/303/303 289/289/289 315/315/315
f 305/305/305 288/288/288 286/286/286
f 324/324/324 280/280/280 312/312/312
f 288/288/288 322/322/322 307/307/307
f 325/325/325 326/326/326 327/327/327
f 328/328/328 329/329/329 330/330/330
f 331/331/331 332/332/332 333/333/333
f 330/330/330 326/326/326 334/334/334
f 326/326/326 335/335/335 336/336/336
f 337/337/337 338/338/338 339/339/339
f 340/340/340 331/331/331 341/341/341
f 327/327/327 342/342/342 343/343/343
f 344/344/344 345/345/345 332/332/332
f 346/346/346 347/347/347 348/348/348
f 349/349/349 347/347/347 350/350/350
f 333/333/333 351/351/351 331/331/331
f 334/334/334 328/328/328 330/330/330
f 352/352/352 353/353/353 354/354/354
f 353/353/353 355/355/355 354/354/354
f 349/349/349 350/350/350 356/356/356
f 357/357/357 358/358/358 347/347/347
f 359/359/359 356/356/356 350/350/350
f 360/360/360 361/361/361 362/362/362
f 326/326/326 358/358/358 363/363/363
f 362/362/362 364/364/364 359/359/359
f 359/359/359 350/350/350 365/365/365
f 358/358/358 326/326/326 350/350/350
f 366/366/366 364/364/364 362/362/362
f 367/367/367 364/364/364 366/366/366
f 368/368/368 356/356/356 359/359/359
f 362/362/362 359/359/359 365/365/365
f 365/365/365 350/350/350 325/325/325
f 357/357/357 335/335/335 358/358/358
f 345/345/345 369/369/369 370/370/370
f 362/362/362 361/361/361 366/366/366
f 371/371/371 361/361/361 360/360/360
f 332/332/332 371/371/371 344/344/344
f 325/325/325 350/350/350 326/326/326
f 363/363/363 335/335/335 326/326/326
f 334/334/334 326/326/326 336/336/336
f 330/330/330 327/327/327 326/326/326
f 371/371/371 360/360/360 344/344/344
f 343/343/343 362/362/362 365/365/365
f 367/367/367 361/361/361 371/371/371
f 347/347/347 346/346/346 357/357/357
f 365/365/365 325/325/325 343/343/343
f 347/347/347 349/349/349 348/348/348
f 372/372/372 352/352/352 373/373/373
f 343/343/343 360/360/360 362/362/362
f 325/325/325 327/327/327 343/343/343
f 331/331/331 340/340/340 374/374/374
f 340/340/340 371/371/371 374/374/374
f 371/371/371 340/340/340 367/367/367
f 373/373/373 337/337/337 375/375/375
f 371/371/371 331/331/331 374/374/374
f 333/333/333 332/332/332 376/376/376
f 373/373/373 329/329/329 372/372/372
f 343/343/343 377/377/377 360/360/360
f 331/331/331 351/351/351 341/341/341
f 338/338/338 373/373/373 354/354/354
f 342/342/342 377/377/377 343/343/343
f 371/371/371 332/332/332 331/331/331
f 355/355/355 378/378/378 354/354/354
f 360/360/360 377/377/377 344/344/344
f 338/338/338 354/354/354 378/378/378
f 342/342/342 375/375/375 369/369/369
f 377/377/377 345/345/345 344/344/344
f 330/330/330 329/329/329 327/327/327
f 342/342/342 369/369/369 345/345/345
f 370/370/370 332/332/332 345/345/345
f 364/364/364 368/368/368 359/359/359
f 328/328/328 372/372/372 329/329/329
f 369/369/369 375/375/375 337/337/337
f 339/339/339 369/369/369 337/337/337
f 376/376/376 332/332/332 370/370/370
f 337/337/337 373/373/373 338/338/338
f 329/329/329 375/375/375 327/327/327
f 361/361/361 367/367/367 366/366/366
f 347/347/347 358/358/358 350/350/350
f 373/373/373 375/375/375 329/329/329
f 327/327/327 375/375/375 342/342/342
f 373/373/373 352/352/352 354/354/354
f 379/379/379 340/340/340 341/341/341
f 345/345/345 377/377/377 342/342/342
f 335/335/335 363/363/363 358/358/358
f 380/380/380 381/381/381 382/382/382
f 383/383/383 384/384/384 385/385/385
f 386/386/386 387/387/387 388/388/388
f 389/389/389 387/387/387 386/386/386
f 390/390/390 391/391/391 392/392/392
f 383/383/383 381/381/381 380/380/380
f 393/393/393 384/384/384 394/394/394
f 395/395/395 396/396/396 397/397/397
f 398/398/398 399/399/399 400/400/400
f 401/401/401 402/402/402 403/403/403
f 404/404/404 405/405/405 406/406/406
f 407/407/407 396/396/396 408/408/408
f 409/409/409 392/392/392 410/410/410
f 392/392/392 391/391/391 411/411/411
f 412/412/412 413/413/413 414/414/414
f 402/402/402 401/401/401 415/415/415
f 384/384/384 393/393/393 416/416/416
f 407/407/407 384/384/384 416/416/416
f 417/417/417 415/415/415 418/418/418
f 418/418/418 419/419/419 417/417/417
f 420/420/420 389/389/389 386/386/386
f 421/421/421 406/406/406 422/422/422
f 423/423/423 424/424/424 396/396/396
f 417/417/417 402/402/402 415/415/415
f 425/425/425 426/426/426 380/380/380
f 412/412/412 414/414/414 427/427/427
f 427/427/427 414/414/414 401/401/401
f 425/425/425 417/417/417 419/419/419
f 412/412/412 427/427/427 422/422/422
f 402/402/402 417/417/417 421/421/421
f 399/399/399 428/428/428 405/405/405
f 403/403/403 427/427/427 401/401/401
f 421/421/421 403/403/403 402/402/402
f 421/421/421 422/422/422 403/403/403
f 422/422/422 405/405/405 429/429/429
f 421/421/421 382/382/382 381/381/381
f 421/421/421 381/381/381 404/404/404
f 386/386/386 388/388/388 430/430/430
f 406/406/406 421/421/421 404/404/404
f 405/405/405 422/422/422 406/406/406
f 404/404/404 381/381/381 431/431/431
f 381/381/381 383/383/383 409/409/409
f 429/429/429 428/428/428 432/432/432
f 404/404/404 431/431/431 400/400/400
f 386/386/386 431/431/431 381/381/381
f 400/400/400 405/405/405 404/404/404
f 410/410/410 381/381/381 409/409/409
f 398/398/398 400/400/400 433/433/433
f 382/382/382 417/417/417 425/425/425
f 433/433/433 400/400/400 431/431/431
f 420/420/420 386/386/386 381/381/381
f 400/400/400 399/399/399 405/405/405
f 381/381/381 410/410/410 420/420/420
f 431/431/431 430/430/430 433/433/433
f 412/412/412 422/422/422 429/429/429
f 429/429/429 405/405/405 428/428/428
f 428/428/428 399/399/399 434/434/434
f 424/424/424 408/408/408 396/396/396
f 435/435/435 423/423/423 396/396/396
f 420/420/420 411/411/411 389/389/389
f 420/420/420 392/392/392 411/411/411
f 410/410/410 392/392/392 420/420/420
f 408/408/408 391/391/391 390/390/390
f 436/436/436 397/397/397 416/416/416
f 391/391/391 437/437/437 411/411/411
f 438/438/438 436/436/436 393/393/393
f 385/385/385 392/392/392 409/409/409
f 385/385/385 409/409/409 383/383/383
f 426/426/426 394/394/394 380/380/380
f 385/385/385 390/390/390 392/392/392
f 408/408/408 390/390/390 407/407/407
f 421/421/421 417/417/417 382/382/382
f 385/385/385 407/407/407 390/390/390
f 383/383/383 380/380/380 394/394/394
f 384/384/384 407/407/407 385/385/385
f 396/396/396 416/416/416 397/397/397
f 394/394/394 438/438/438 393/393/393
f 384/384/384 383/383/383 394/394/394
f 394/394/394 426/426/426 438/438/438
f 416/416/416 393/393/393 436/436/436
f 389/389/389 411/411/411 437/437/437
f 430/430/430 431/431/431 386/386/386
f 435/435/435 396/396/396 395/395/395
f 382/382/382 425/425/425 380/380/380
f 422/422/422 427/427/427 403/403/403
f 416/416/416 396/396/396 407/407/407
f 419/419/419 426/426/426 425/425/425
f 439/439/439 440/440/440 441/441/441
f 442/442/442 443/443/443 444/444/444
f 445/445/445 446/446/446 447/447/447
f 448/448/448 449/449/449 444/444/444
f 450/450/450 451/451/451 452/452/452
f 442/442/442 453/453/453 443/443/443
f 454/454/454 455/455/455 456/456/456
f 457/457/457 458/458/458 453/453/453
f 459/459/459 443/443/443 460/460/460
f 439/439/439 457/457/457 461/461/461
f 441/441/441 446/446/446 439/439/439
f 459/459/459 460/460/460 462/462/462
f 463/463/463 462/462/462 464/464/464
f 440/440/440 439/439/439 461/461/461
f 440/440/440 461/461/461 465/465/465
f 466/466/466 467/467/467 468/468/468
f 466/466/466 469/469/469 470/470/470
f 444/444/444 443/443/443 448/448/448
f 441/441/441 469/469/469 471/471/471
f 469/469/469 441/441/441 440/440/440
f 454/454/454 448/448/448 455/455/455
f 466/466/466 468/468/468 452/452/452
f 471/471/471 469/469/469 451/451/451
f 472/472/472 446/446/446 445/445/445
f 473/473/473 474/474/474 475/475/475
f 465/465/465 470/470/470 440/440/440
f 444/444/444 476/476/476 442/442/442
f 459/459/459 455/455/455 448/448/448
f 475/475/475 477/477/477 478/478/478
f 451/451/451 469/469/469 452/452/452
f 474/474/474 473/473/473 479/479/479
f 460/460/460 464/464/464 462/462/462
f 480/480/480 470/470/470 481/481/481
f 470/470/470 467/467/467 466/466/466
f 457/457/457 442/442/442 476/476/476
f 450/450/450 452/452/452 482/482/482
f 479/479/479 473/473/473 464/464/464
f 480/480/480 467/467/467 470/470/470
f 456/456/456 483/483/483 454/454/454
f 453/453/453 458/458/458 484/484/484
f 458/458/458 457/457/457 472/472/472
f 471/471/471 447/447/447 441/441/441
f 452/452/452 468/468/468 482/482/482
f 484/484/484 443/443/443 453/453/453
f 457/457/457 439/439/439 446/446/446
f 443/443/443 484/484/484 460/460/460
f 485/485/485 486/486/486 487/487/487
f 476/476/476 461/461/461 457/457/457
f 473/473/473 475/475/475 478/478/478
f 465/465/465 481/481/481 470/470/470
f 440/440/440 470/470/470 469/469/469
f 488/488/488 444/444/444 449/449/449
f 451/451/451 489/489/489 471/471/471
f 490/490/490 472/472/472 445/445/445
f 457/457/457 446/446/446 472/472/472
f 472/472/472 490/490/490 458/458/458
f 453/453/453 442/442/442 457/457/457
f 443/443/443 459/459/459 448/448/448
f 489/489/489 491/491/491 471/471/471
f 492/492/492 475/475/475 474/474/474
f 464/464/464 473/473/473 463/463/463
f 491/491/491 447/447/447 471/471/471
f 484/484/484 464/464/464 460/460/460
f 458/458/458 490/490/490 474/474/474
f 447/447/447 446/446/446 441/441/441
f 458/458/458 474/474/474 484/484/484
f 449/449/449 454/454/454 488/488/488
f 466/466/466 452/452/452 469/469/469
f 484/484/484 474/474/474 479/479/479
f 464/464/464 484/484/484 479/479/479
f 454/454/454 449/449/449 448/448/448
f 447/447/447 491/491/491 445/445/445
f 487/487/487 486/486/486 450/450/450
f 474/474/474 490/490/490 492/492/492
f 482/482/482 487/487/487 450/450/450
f 486/486/486 493/493/493 489/489/489
f 494/494/494 495/495/495 493/493/493
f 486/486/486 494/494/494 493/493/493
f 495/495/495 496/496/496 492/492/492
f 489/489/489 451/451/451 486/486/486
f 495/495/495 492/492/492 490/490/490
f 477/477/477 496/496/496 497/497/497
f 494/494/494 497/497/497 496/496/496
f 445/445/445 495/495/495 490/490/490
f 493/493/493 495/495/495 491/491/491
f 486/486/486 485/485/485 494/494/494
f 451/451/451 450/450/450 486/486/486
f 496/496/496 475/475/475 492/492/492
f 491/491/491 489/489/489 493/493/493
f 491/491/491 495/495/495 445/445/445
f 496/496/496 495/495/495 494/494/494
f 496/496/496 477/477/477 475/475/475
f 498/498/498 499/499/499 500/500/500
f 501/501/501 502/502/502 503/503/503
f 504/504/504 505/505/505 506/506/506
f 507/507/507 508/508/508 509/509/509
f 498/498/498 510/510/510 511/511/511
f 512/512/512 506/506/506 513/513/513
f 514/514/514 515/515/515 516/516/516
f 517/517/517 518/518/518 509/509/509
f 501/501/501 519/519/519 502/502/502
f 501/501/501 520/520/520 519/519/519
f 521/521/521 522/522/522 523/523/523
f 524/524/524 505/505/505 525/525/525
f 501/501/501 526/526/526 517/517/517
f 527/527/527 523/523/523 522/522/522
f 506/506/506 524/524/524 513/513/513
f 528/528/528 503/503/503 502/502/502
f 529/529/529 522/522/522 521/521/521
f 500/500/500 510/510/510 498/498/498
f 516/516/516 530/530/530 514/514/514
f 531/531/531 532/532/532 533/533/533
f 534/534/534 527/527/527 522/522/522
f 504/504/504 535/535/535 525/525/525
f 526/526/526 536/536/536 518/518/518
f 537/537/537 502/502/502 519/519/519
f 538/538/538 539/539/539 540/540/540
f 541/541/541 501/501/501 503/503/503
f 542/542/542 543/543/543 544/544/544
f 502/502/502 545/545/545 528/528/528
f 500/500/500 499/499/499 546/546/546
f 511/511/511 499/499/499 498/498/498
f 547/547/547 548/548/548 541/541/541
f 506/506/506 512/512/512 504/504/504
f 535/535/535 543/543/543 542/542/542
f 549/549/549 499/499/499 511/511/511
f 549/549/549 530/530/530 550/550/550
f 550/550/550 529/529/529 551/551/551
f 536/536/536 507/507/507 518/518/518
f 517/517/517 526/526/526 518/518/518
f 508/508/508 520/520/520 509/509/509
f 552/552/552 541/541/541 546/546/546
f 553/553/553 542/542/542 554/554/554
f 555/555/555 556/556/556 499/499/499
f 554/554/554 542/542/542 544/544/544
f 521/521/521 526/526/526 551/551/551
f 557/557/557 536/536/536 527/527/527
f 526/526/526 523/523/523 536/536/536
f 527/527/527 539/539/539 557/557/557
f 518/518/518 507/507/507 509/509/509
f 539/539/539 534/534/534 558/558/558
f 521/521/521 523/523/523 526/526/526
f 511/511/511 514/514/514 549/549/549
f 552/552/552 501/501/501 541/541/541
f 551/551/551 559/559/559 556/556/556
f 502/502/502 537/537/537 545/545/545
f 504/504/504 512/512/512 540/540/540
f 520/520/520 501/501/501 517/517/517
f 560/560/560 514/514/514 511/511/511
f 522/522/522 529/529/529 554/554/554
f 561/561/561 528/528/528 545/545/545
f 551/551/551 526/526/526 559/559/559
f 515/515/515 514/514/514 560/560/560
f 554/554/554 544/544/544 522/522/522
f 550/550/550 530/530/530 562/562/562
f 550/550/550 562/562/562 529/529/529
f 548/548/548 546/546/546 541/541/541
f 544/544/544 543/543/543 534/534/534
f 540/540/540 512/512/512 538/538/538
f 550/550/550 551/551/551 549/549/549
f 559/559/559 552/552/552 556/556/556
f 551/551/551 556/556/556 555/555/555
f 549/549/549 555/555/555 499/499/499
f 551/551/551 529/529/529 521/521/521
f 534/534/534 539/539/539 527/527/527
f 556/556/556 546/546/546 499/499/499
f 523/523/523 527/527/527 536/536/536
f 559/559/559 501/501/501 552/552/552
f 539/539/539 558/558/558 540/540/540
f 555/555/555 549/549/549 551/551/551
f 530/530/530 533/533/533 562/562/562
f 505/505/505 504/504/504 525/525/525
f 520/520/520 517/517/517 509/509/509
f 505/505/505 524/524/524 506/506/506
f 562/562/562 532/532/532 529/529/529
f 554/554/554 532/532/532 531/531/531
f 541/541/541 503/503/503 547/547/547
f 536/536/536 557/557/557 507/507/507
f 531/531/531 553/553/553 554/554/554
f 504/504/504 540/540/540 558/558/558
f 558/558/558 534/534/534 543/543/543
f 554/554/554 529/529/529 532/532/532
f 522/522/522 544/544/544 534/534/534
f 504/504/504 558/558/558 543/543/543
f 519/519/519 520/520/520 537/537/537
f 546/546/546 556/556/556 552/552/552
f 535/535/535 504/504/504 543/543/543
f 526/526/526 501/501/501 559/559/559
f 530/530/530 549/549/549 514/514/514
f 513/513/513 524/524/524 563/563/563
f 562/562/562 533/533/533 532/532/532
f 533/533/533 530/530/530 516/516/516
f 564/564/564 565/565/565 566/566/566
f 567/567/567 568/568/568 569/569/569
f 570/570/570 571/571/571 572/572/572
f 573/573/573 568/568/568 574/574/574
f 566/566/566 573/573/573 574/574/574
f 575/575/575 576/576/576 577/577/577
f 578/578/578 579/579/579 580/580/580
f 565/565/565 581/581/581 573/573/573
f 568/568/568 581/581/581 569/569/569
f 569/569/569 581/581/581 582/582/582
f 583/583/583 584/584/584 585/585/585
f 586/586/586 587/587/587 588/588/588
f 571/571/571 570/570/570 589/589/589
f 579/579/579 590/590/590 591/591/591
f 592/592/592 584/584/584 593/593/593
f 594/594/594 595/595/595 596/596/596
f 597/597/597 598/598/598 577/577/577
f 588/588/588 580/580/580 586/586/586
f 599/599/599 600/600/600 601/601/601
f 602/602/602 603/603/603 593/593/593
f 595/595/595 604/604/604 596/596/596
f 605/605/605 576/576/576 575/575/575
f 606/606/606 585/585/585 584/584/584
f 572/572/572 607/607/607 597/597/597
f 599/599/599 577/577/577 600/600/600
f 580/580/580 579/579/579 586/586/586
f 591/591/591 608/608/608 579/579/579
f 609/609/609 592/592/592 603/603/603
f 597/597/597 599/599/599 572/572/572
f 585/585/585 606/606/606 610/610/610
f 611/611/611 594/594/594 570/570/570
f 593/593/593 587/587/587 586/586/586
f 576/576/576 612/612/612 583/583/583
f 612/612/612 613/613/613 614/614/614
f 615/615/615 589/589/589 570/570/570
f 615/615/615 616/616/616 617/617/617
f 594/594/594 618/618/618 595/595/595
f 609/609/609 606/606/606 592/592/592
f 600/600/600 585/585/585 619/619/619
f 618/618/618 610/610/610 620/620/620
f 587/587/587 593/593/593 584/584/584
f 607/607/607 598/598/598 597/597/597
f 577/577/577 576/576/576 600/600/600
f 611/611/611 599/599/599 601/601/601
f 621/621/621 591/591/591 590/590/590
f 573/573/573 566/566/566 565/565/565
f 613/613/613 605/605/605 622/622/622
f 586/586/586 579/579/579 608/608/608
f 582/582/582 608/608/608 591/591/591
f 569/569/569 591/591/591 621/621/621
f 623/623/623 582/582/582 602/602/602
f 577/577/577 599/599/599 597/597/597
f 621/621/621 567/567/567 569/569/569
f 600/600/600 619/619/619 601/601/601
f 610/610/610 624/624/624 620/620/620
f 578/578/578 590/590/590 579/579/579
f 577/577/577 598/598/598 575/575/575
f 588/588/588 614/614/614 580/580/580
f 570/570/570 572/572/572 599/599/599
f 594/594/594 616/616/616 615/615/615
f 608/608/608 623/623/623 586/586/586
f 584/584/584 583/583/583 588/588/588
f 591/591/591 569/569/569 582/582/582
f 608/608/608 582/582/582 623/623/623
f 601/601/601 594/594/594 611/611/611
f 570/570/570 594/594/594 615/615/615
f 625/625/625 626/626/626 627/627/627
f 622/622/622 578/578/578 613/613/613
f 623/623/623 602/602/602 593/593/593
f 570/570/570 599/599/599 611/611/611
f 594/594/594 596/596/596 616/616/616
f 619/619/619 618/618/618 601/601/601
f 576/576/576 583/583/583 600/600/600
f 618/618/618 594/594/594 601/601/601
f 578/578/578 580/580/580 614/614/614
f 567/567/567 628/628/628 568/568/568
f 604/604/604 595/595/595 620/620/620
f 590/590/590 578/578/578 629/629/629
f 592/592/592 593/593/593 603/603/603
f 624/624/624 610/610/610 606/606/606
f 612/612/612 614/614/614 588/588/588
f 610/610/610 619/619/619 585/585/585
f 589/589/589 615/615/615 617/617/617
f 628/628/628 626/626/626 574/574/574
f 630/630/630 625/625/625 627/627/627
f 574/574/574 568/568/568 628/628/628
f 627/627/627 631/631/631 630/630/630
f 586/586/586 623/623/623 593/593/593
f 600/600/600 583/583/583 585/585/585
f 595/595/595 618/618/618 620/620/620
f 568/568/568 573/573/573 581/581/581
f 626/626/626 625/625/625 574/574/574
f 613/613/613 578/578/578 614/614/614
f 606/606/606 584/584/584 592/592/592
f 619/619/619 610/610/610 618/618/618
f 606/606/606 609/609/609 624/624/624
f 583/583/583 612/612/612 588/588/588
f 613/613/613 576/576/576 605/605/605
f 578/578/578 622/622/622 629/629/629
f 587/587/587 584/584/584 588/588/588
f 564/564/564 574/574/574 625/625/625
f 613/613/613 612/612/612 576/576/576
f 574/574/574 564/564/564 566/566/566
f 632/632/632 633/633/633 634/634/634
f 635/635/635 636/636/636 637/637/637
f 638/638/638 639/639/639 640/640/640
f 641/641/641 642/642/642 643/643/643
f 644/644/644 645/645/645 646/646/646
f 647/647/647 648/648/648 640/640/640
f 649/649/649 650/650/650 651/651/651
f 651/651/651 652/652/652 653/653/653
f 644/644/644 654/654/654 645/645/645
f 655/655/655 656/656/656 646/646/646
f 657/657/657 658/658/658 659/659/659
f 660/660/660 661/661/661 662/662/662
f 657/657/657 663/663/663 664/664/664
f 636/636/636 665/665/665 637/637/637
f 666/666/666 667/667/667 632/632/632
f 668/668/668 662/662/662 661/661/661
f 653/653/653 669/669/669 651/651/651
f 635/635/635 670/670/670 636/636/636
f 666/666/666 664/664/664 669/669/669
f 641/641/641 654/654/654 644/644/644
f 671/671/671 672/672/672 673/673/673
f 674/674/674 675/675/675 650/650/650
f 632/632/632 667/667/667 633/633/633
f 632/632/632 676/676/676 666/666/666
f 677/677/677 678/678/678 679/679/679
f 680/680/680 665/665/665 636/636/636
f 678/678/678 677/677/677 681/681/681
f 678/678/678 682/682/682 679/679/679
f 681/681/681 668/668/668 661/661/661
f 683/683/683 642/642/642 662/662/662
f 678/678/678 684/684/684 682/682/682
f 685/685/685 682/682/682 684/684/684
f 686/686/686 642/642/642 683/683/683
f 656/656/656 684/684/684 660/660/660
f 655/655/655 646/646/646 645/645/645
f 660/660/660 662/662/662 656/656/656
f 662/662/662 646/646/646 656/656/656
f 662/662/662 668/668/668 683/683/683
f 656/656/656 655/655/655 685/685/685
f 662/662/662 641/641/641 646/646/646
f 663/663/663 683/683/683 687/687/687
f 665/665/665 680/680/680 641/641/641
f 665/665/665 643/643/643 637/637/637
f 649/649/649 674/674/674 650/650/650
f 668/668/668 674/674/674 649/649/649
f 652/652/652 675/675/675 688/688/688
f 689/689/689 633/633/633 690/690/690
f 643/643/643 642/642/642 686/686/686
f 643/643/643 686/686/686 691/691/691
f 637/637/637 691/691/691 692/692/692
f 670/670/670 635/635/635 693/693/693
f 664/664/664 666/666/666 676/676/676
f 692/692/692 635/635/635 637/637/637
f 659/659/659 686/686/686 663/663/663
f 647/647/647 691/691/691 648/648/648
f 692/692/692 691/691/691 671/671/671
f 668/668/668 649/649/649 687/687/687
f 635/635/635 692/692/692 694/694/694
f 686/686/686 659/659/659 648/648/648
f 672/672/672 695/695/695 673/673/673
f 691/691/691 647/647/647 671/671/671
f 671/671/671 694/694/694 692/692/692
f 659/659/659 663/663/663 657/657/657
f 647/647/647 640/640/640 672/672/672
f 686/686/686 683/683/683 663/663/663
f 694/694/694 671/671/671 673/673/673
f 687/687/687 649/649/649 663/663/663
f 633/633/633 696/696/696 690/690/690
f 683/683/683 668/668/668 687/687/687
f 663/663/663 649/649/649 664/664/664
f 676/676/676 657/657/657 664/664/664
f 664/664/664 649/649/649 669/669/669
f 697/697/697 640/640/640 639/639/639
f 634/634/634 633/633/633 689/689/689
f 634/634/634 658/658/658 676/676/676
f 638/638/638 689/689/689 698/698/698
f 699/699/699 690/690/690 696/696/696
f 638/638/638 640/640/640 659/659/659
f 689/689/689 638/638/638 634/634/634
f 669/669/669 653/653/653 666/666/666
f 660/660/660 681/681/681 661/661/661
f 657/657/657 676/676/676 658/658/658
f 638/638/638 658/658/658 634/634/634
f 691/691/691 637/637/637 643/643/643
f 690/690/690 700/700/700 689/689/689
f 638/638/638 659/659/659 658/658/658
f 695/695/695 672/672/672 701/701/701
f 700/700/700 698/698/698 689/689/689
f 641/641/641 680/680/680 654/654/654
f 650/650/650 675/675/675 652/652/652
f 672/672/672 671/671/671 647/647/647
f 646/646/646 641/641/641 644/644/644
f 676/676/676 632/632/632 634/634/634
f 638/638/638 698/698/698 639/639/639
f 642/642/642 641/641/641 662/662/662
f 672/672/672 640/640/640 701/701/701
f 678/678/678 681/681/681 660/660/660
f 691/691/691 686/686/686 648/648/648
f 650/650/650 652/652/652 651/651/651
f 670/670/670 680/680/680 636/636/636
f 669/669/669 649/649/649 651/651/651
f 659/659/659 640/640/640 648/648/648
f 701/701/701 640/640/640 697/697/697
f 684/684/684 656/656/656 685/685/685
f 665/665/665 641/641/641 643/643/643
f 684/684/684 678/678/678 660/660/660
f 702/702/702 703/703/703 704/704/704
f 705/705/705 706/706/706 707/707/707
f 708/708/708 709/709/709 710/710/710
f 711/711/711 712/712/712 713/713/713
f 703/703/703 702/702/702 714/714/714
f 715/715/715 716/716/716 717/717/717
f 718/718/718 719/719/719 720/720/720
f 708/708/708 721/721/721 709/709/709
f 722/722/722 723/723/723 724/724/724
f 725/725/725 726/726/726 727/727/727
f 728/728/728 705/705/705 707/707/707
f 729/729/729 714/714/714 702/702/702
f 717/717/717 716/716/716 729/729/729
f 716/716/716 715/715/715 727/727/727
f 730/730/730 714/714/714 731/731/731
f 704/704/704 713/713/713 702/702/702
f 732/732/732 733/733/733 734/734/734
f 716/716/716 735/735/735 729/729/729
f 726/726/726 716/716/716 727/727/727
f 736/736/736 703/703/703 710/710/710
f 723/723/723 737/737/737 724/724/724
f 720/720/720 705/705/705 728/728/728
f 719/719/719 718/718/718 721/721/721
f 711/711/711 717/717/717 712/712/712
f 738/738/738 739/739/739 737/737/737
f 740/740/740 741/741/741 742/742/742
f 743/743/743 744/744/744 718/718/718
f 745/745/745 718/718/718 720/720/720
f 746/746/746 747/747/747 705/705/705
f 748/748/748 749/749/749 750/750/750
f 735/735/735 746/746/746 731/731/731
f 742/742/742 751/751/751 747/747/747
f 720/720/720 746/746/746 705/705/705
f 752/752/752 734/734/734 753/753/753
f 747/747/747 732/732/732 706/706/706
f 754/754/754 750/750/750 752/752/752
f 726/726/726 740/740/740 755/755/755
f 711/711/711 713/713/713 704/704/704
f 726/726/726 725/725/725 756/756/756
f 757/757/757 737/737/737 758/758/758
f 732/732/732 738/738/738 759/759/759
f 737/737/737 723/723/723 758/758/758
f 712/712/712 717/717/717 729/729/729
f 707/707/707 750/750/750 728/728/728
f 760/760/760 761/761/761 762/762/762
f 708/708/708 710/710/710 703/703/703
f 763/763/763 764/764/764 765/765/765
f 727/727/727 715/715/715 725/725/725
f 758/758/758 723/723/723 722/722/722
f 757/757/757 738/738/738 737/737/737
f 766/766/766 765/765/765 761/761/761
f 732/732/732 751/751/751 738/738/738
f 756/756/756 760/760/760 740/740/740
f 731/731/731 746/746/746 720/720/720
f 732/732/732 759/759/759 733/733/733
f 764/764/764 758/758/758 722/722/722
f 739/739/739 751/751/751 742/742/742
f 752/752/752 750/750/750 707/707/707
f 755/755/755 742/742/742 746/746/746
f 762/762/762 761/761/761 765/765/765
f 760/760/760 741/741/741 740/740/740
f 753/753/753 754/754/754 752/752/752
f 735/735/735 726/726/726 755/755/755
f 741/741/741 739/739/739 742/742/742
f 765/765/765 764/764/764 722/722/722
f 739/739/739 738/738/738 751/751/751
f 706/706/706 732/732/732 767/767/767
f 751/751/751 732/732/732 747/747/747
f 767/767/767 707/707/707 706/706/706
f 752/752/752 767/767/767 734/734/734
f 767/767/767 752/752/752 707/707/707
f 768/768/768 769/769/769 765/765/765
f 762/762/762 765/765/765 722/722/722
f 744/744/744 709/709/709 721/721/721
f 714/714/714 730/730/730 703/703/703
f 732/732/732 734/734/734 767/767/767
f 746/746/746 735/735/735 755/755/755
f 753/753/753 770/770/770 754/754/754
f 730/730/730 708/708/708 703/703/703
f 722/722/722 724/724/724 762/762/762
f 766/766/766 768/768/768 765/765/765
f 720/720/720 728/728/728 745/745/745
f 737/737/737 741/741/741 724/724/724
f 706/706/706 705/705/705 747/747/747
f 720/720/720 719/719/719 731/731/731
f 737/737/737 739/739/739 741/741/741
f 724/724/724 741/741/741 760/760/760
f 748/748/748 750/750/750 754/754/754
f 746/746/746 742/742/742 747/747/747
f 721/721/721 730/730/730 719/719/719
f 759/759/759 738/738/738 757/757/757
f 721/721/721 708/708/708 730/730/730
f 744/744/744 721/721/721 718/718/718
f 731/731/731 714/714/714 735/735/735
f 750/750/750 745/745/745 728/728/728
f 762/762/762 724/724/724 760/760/760
f 761/761/761 756/756/756 725/725/725
f 714/714/714 729/729/729 735/735/735
f 729/729/729 702/702/702 712/712/712
f 750/750/750 749/749/749 743/743/743
f 726/726/726 735/735/735 716/716/716
f 743/743/743 749/749/749 744/744/744
f 704/704/704 703/703/703 736/736/736
f 756/756/756 740/740/740 726/726/726
f 719/719/719 730/730/730 731/731/731
f 742/742/742 755/755/755 740/740/740
f 712/712/712 702/702/702 713/713/713
f 750/750/750 718/718/718 745/745/745
f 750/750/750 743/743/743 718/718/718
f 760/760/760 756/756/756 761/761/761
f 763/763/763 765/765/765 769/769/769
f 771/771/771 772/772/772 773/773/773
f 774/774/774 775/775/775 776/776/776
f 777/777/777 778/778/778 779/779/779
f 780/780/780 781/781/781 782/782/782
f 783/783/783 784/784/784 780/780/780
f 785/785/785 786/786/786 787/787/787
f 781/781/781 788/788/788 782/782/782
f 789/789/789 790/790/790 783/783/783
f 791/791/791 792/792/792 793/793/793
f 794/794/794 790/790/790 772/772/772
f 795/795/795 796/796/796 797/797/797
f 798/798/798 792/792/792 799/799/799
f 772/772/772 771/771/771 800/800/800
f 784/784/784 790/790/790 794/794/794
f 801/801/801 802/802/802 803/803/803
f 804/804/804 805/805/805 806/806/806
f 776/776/776 807/807/807 774/774/774
f 804/804/804 808/808/808 805/805/805
f 800/800/800 794/794/794 772/772/772
f 809/809/809 787/787/787 778/778/778
f 810/810/810 811/811/811 812/812/812
f 813/813/813 814/814/814 815/815/815
f 800/800/800 816/816/816 796/796/796
f 781/781/781 784/784/784 795/795/795
f 817/817/817 783/783/783 818/818/818
f 807/807/807 771/771/771 773/773/773
f 796/796/796 784/784/784 794/794/794
f 795/795/795 819/819/819 788/788/788
f 796/796/796 794/794/794 800/800/800
f 802/802/802 798/798/798 799/799/799
f 798/798/798 802/802/802 801/801/801
f 815/815/815 820/820/820 793/793/793
f 821/821/821 799/799/799 792/792/792
f 822/822/822 819/819/819 823/823/823
f 797/797/797 819/819/819 795/795/795
f 824/824/824 771/771/771 821/821/821
f 778/778/778 777/777/777 809/809/809
f 825/825/825 826/826/826 827/827/827
f 772/772/772 828/828/828 773/773/773
f 797/797/797 829/829/829 823/823/823
f 816/816/816 829/829/829 797/797/797
f 830/830/830 804/804/804 831/831/831
f 832/832/832 810/810/810 833/833/833
f 805/805/805 777/777/777 779/779/779
f 792/792/792 798/798/798 793/793/793
f 791/791/791 824/824/824 821/821/821
f 812/812/812 833/833/833 810/810/810
f 829/829/829 826/826/826 823/823/823
f 776/776/776 802/802/802 799/799/799
f 778/778/778 834/834/834 779/779/779
f 826/826/826 835/835/835 827/827/827
f 831/831/831 829/829/829 816/816/816
f 808/808/808 836/836/836 805/805/805
f 823/823/823 826/826/826 825/825/825
f 801/801/801 813/813/813 815/815/815
f 824/824/824 791/791/791 810/810/810
f 806/806/806 835/835/835 831/831/831
f 824/824/824 810/810/810 837/837/837
f 796/796/796 816/816/816 797/797/797
f 826/826/826 829/829/829 835/835/835
f 806/806/806 831/831/831 804/804/804
f 819/819/819 797/797/797 823/823/823
f 799/799/799 807/807/807 776/776/776
f 810/810/810 791/791/791 793/793/793
f 825/825/825 822/822/822 823/823/823
f 793/793/793 820/820/820 811/811/811
f 784/784/784 783/783/783 790/790/790
f 775/775/775 803/803/803 802/802/802
f 787/787/787 786/786/786 778/778/778
f 811/811/811 810/810/810 793/793/793
f 837/837/837 832/832/832 816/816/816
f 835/835/835 838/838/838 827/827/827
f 839/839/839 814/814/814 813/813/813
f 836/836/836 808/808/808 833/833/833
f 801/801/801 815/815/815 798/798/798
f 798/798/798 815/815/815 793/793/793
f 810/810/810 832/832/832 837/837/837
f 832/832/832 830/830/830 816/816/816
f 783/783/783 817/817/817 789/789/789
f 835/835/835 806/806/806 838/838/838
f 828/828/828 772/772/772 789/789/789
f 812/812/812 840/840/840 833/833/833
f 795/795/795 784/784/784 796/796/796
f 788/788/788 781/781/781 795/795/795
f 782/782/782 818/818/818 780/780/780
f 841/841/841 785/785/785 842/842/842
f 786/786/786 841/841/841 834/834/834
f 808/808/808 830/830/830 832/832/832
f 830/830/830 808/808/808 804/804/804
f 827/827/827 838/838/838 843/843/843
f 837/837/837 771/771/771 824/824/824
f 772/772/772 790/790/790 789/789/789
f 833/833/833 808/808/808 832/832/832
f 806/806/806 834/834/834 838/838/838
f 821/821/821 792/792/792 791/791/791
f 800/800/800 771/771/771 837/837/837
f 833/833/833 840/840/840 836/836/836
f 816/816/816 800/800/800 837/837/837
f 835/835/835 829/829/829 831/831/831
f 806/806/806 779/779/779 834/834/834
f 834/834/834 841/841/841 838/838/838
f 807/807/807 799/799/799 821/821/821
f 843/843/843 841/841/841 844/844/844
f 788/788/788 819/819/819 822/822/822
f 838/838/838 841/841/841 843/843/843
f 783/783/783 780/780/780 818/818/818
f 775/775/775 802/802/802 776/776/776
f 830/830/830 831/831/831 816/816/816
f 834/834/834 778/778/778 786/786/786
f 779/779/779 806/806/806 805/805/805
f 780/780/780 784/784/784 781/781/781
f 771/771/771 807/807/807 821/821/821
f 844/844/844 841/841/841 842/842/842
f 841/841/841 786/786/786 785/785/785
f 845/845/845 846/846/846 847/847/847
f 848/848/848 849/849/849 850/850/850
f 851/851/851 852/852/852 853/853/853
f 854/854/854 855/855/855 856/856/856
f 855/855/855 857/857/857 856/856/856
f 858/858/858 859/859/859 860/860/860
f 861/861/861 862/862/862 863/863/863
f 864/864/864 859/859/859 865/865/865
f 866/866/866 847/847/847 846/846/846
f 867/867/867 868/868/868 869/869/869
f 859/859/859 858/858/858 870/870/870
f 860/860/860 859/859/859 871/871/871
f 872/872/872 873/873/873 874/874/874
f 872/872/872 875/875/875 873/873/873
f 855/855/855 866/866/866 857/857/857
f 876/876/876 877/877/877 878/878/878
f 879/879/879 845/845/845 876/876/876
f 879/879/879 876/876/876 878/878/878
f 852/852/852 880/880/880 853/853/853
f 846/846/846 845/845/845 881/881/881
f 845/845/845 879/879/879 881/881/881
f 882/882/882 873/873/873 883/883/883
f 847/847/847 866/866/866 855/855/855
f 884/884/884 871/871/871 859/859/859
f 885/885/885 886/886/886 883/883/883
f 887/887/887 888/888/888 889/889/889
f 882/882/882 890/890/890 891/891/891
f 885/885/885 892/892/892 863/863/863
f 884/884/884 893/893/893 871/871/871
f 847/847/847 877/877/877 894/894/894
f 870/870/870 865/865/865 859/859/859
f 876/876/876 894/894/894 877/877/877
f 894/894/894 876/876/876 845/845/845
f 881/881/881 879/879/879 895/895/895
f 859/859/859 896/896/896 884/884/884
f 877/877/877 847/847/847 852/852/852
f 845/845/845 847/847/847 894/894/894
f 881/881/881 897/897/897 846/846/846
f 847/847/847 880/880/880 852/852/852
f 898/898/898 874/874/874 899/899/899
f 900/900/900 901/901/901 902/902/902
f 865/865/865 899/899/899 864/864/864
f 882/882/882 891/891/891 874/874/874
f 903/903/903 854/854/854 856/856/856
f 899/899/899 870/870/870 898/898/898
f 863/863/863 886/886/886 885/885/885
f 904/904/904 849/849/849 900/900/900
f 896/896/896 859/859/859 864/864/864
f 896/896/896 893/893/893 884/884/884
f 897/897/897 857/857/857 866/866/866
f 891/891/891 899/899/899 874/874/874
f 905/905/905 868/868/868 906/906/906
f 907/907/907 857/857/857 897/897/897
f 908/908/908 864/864/864 899/899/899
f 878/878/878 905/905/905 906/906/906
f 875/875/875 892/892/892 885/885/885
f 909/909/909 908/908/908 849/849/849
f 908/908/908 896/896/896 864/864/864
f 869/869/869 850/850/850 867/867/867
f 893/893/893 896/896/896 910/910/910
f 891/891/891 908/908/908 899/899/899
f 911/911/911 868/868/868 912/912/912
f 890/890/890 900/900/900 891/891/891
f 904/904/904 867/867/867 849/849/849
f 883/883/883 901/901/901 890/890/890
f 851/851/851 888/888/888 913/913/913
f 895/895/895 907/907/907 881/881/881
f 896/896/896 909/909/909 910/910/910
f 862/862/862 914/914/914 903/903/903
f 901/901/901 886/886/886 895/895/895
f 862/862/862 856/856/856 857/857/857
f 891/891/891 900/900/900 908/908/908
f 868/868/868 867/867/867 906/906/906
f 901/901/901 900/900/900 890/890/890
f 873/873/873 875/875/875 885/885/885
f 863/863/863 907/907/907 886/886/886
f 902/902/902 878/878/878 906/906/906
f 912/912/912 913/913/913 888/888/888
f 865/865/865 870/870/870 899/899/899
f 852/852/852 851/851/851 913/913/913
f 897/897/897 866/866/866 846/846/846
f 848/848/848 910/910/910 909/909/909
f 907/907/907 895/895/895 886/886/886
f 849/849/849 908/908/908 900/900/900
f 886/886/886 901/901/901 883/883/883
f 912/912/912 887/887/887 911/911/911
f 904/904/904 900/900/900 902/902/902
f 857/857/857 863/863/863 862/862/862
f 902/902/902 901/901/901 879/879/879
f 849/849/849 848/848/848 909/909/909
f 914/914/914 854/854/854 903/903/903
f 906/906/906 904/904/904 902/902/902
f 913/913/913 877/877/877 852/852/852
f 907/907/907 897/897/897 881/881/881
f 878/878/878 902/902/902 879/879/879
f 890/890/890 882/882/882 883/883/883
f 905/905/905 878/878/878 877/877/877
f 867/867/867 904/904/904 906/906/906
f 887/887/887 912/912/912 888/888/888
f 850/850/850 849/849/849 867/867/867
f 915/915/915 851/851/851 916/916/916
f 917/917/917 869/869/869 911/911/911
f 869/869/869 868/868/868 911/911/911
f 892/892/892 861/861/861 863/863/863
f 905/905/905 877/877/877 913/913/913
f 883/883/883 873/873/873 885/885/885
f 909/909/909 896/896/896 908/908/908
f 887/887/887 918/918/918 911/911/911
f 868/868/868 905/905/905 912/912/912
f 888/888/888 851/851/851 915/915/915
f 873/873/873 882/882/882 874/874/874
f 853/853/853 916/916/916 851/851/851
f 874/874/874 898/898/898 872/872/872
f 917/917/917 911/911/911 918/918/918
f 913/913/913 912/912/912 905/905/905
f 901/901/901 895/895/895 879/879/879
f 889/889/889 888/888/888 915/915/915
f 856/856/856 862/862/862 903/903/903
f 907/907/907 863/863/863 857/857/857
f 919/919/919 920/920/920 921/921/921
f 922/922/922 923/923/923 924/924/924
f 925/925/925 926/926/926 927/927/927
f 928/928/928 927/927/927 929/929/929
f 930/930/930 931/931/931 932/932/932
f 933/933/933 934/934/934 935/935/935
f 936/936/936 937/937/937 938/938/938
f 939/939/939 919/919/919 940/940/940
f 941/941/941 942/942/942 943/943/943
f 944/944/944 945/945/945 929/929/929
f 922/922/922 946/946/946 947/947/947
f 948/948/948 932/932/932 931/931/931
f 949/949/949 950/950/950 951/951/951
f 935/935/935 952/952/952 953/953/953
f 954/954/954 955/955/955 956/956/956
f 921/921/921 957/957/957 919/919/919
f 951/951/951 958/958/958 959/959/959
f 960/960/960 949/949/949 959/959/959
f 923/923/923 922/922/922 947/947/947
f 961/961/961 962/962/962 963/963/963
f 936/936/936 938/938/938 934/934/934
f 964/964/964 954/954/954 965/965/965
f 966/966/966 948/948/948 931/931/931
f 967/967/967 968/968/968 969/969/969
f 968/968/968 967/967/967 970/970/970
f 954/954/954 956/956/956 971/971/971
f 972/972/972 973/973/973 974/974/974
f 945/945/945 972/972/972 974/974/974
f 921/921/921 920/920/920 975/975/975
f 963/963/963 962/962/962 944/944/944
f 974/974/974 929/929/929 945/945/945
f 976/976/976 937/937/937 936/936/936
f 973/973/973 972/972/972 945/945/945
f 960/960/960 968/968/968 970/970/970
f 965/965/965 977/977/977 964/964/964
f 952/952/952 977/977/977 975/975/975
f 978/978/978 924/924/924 947/947/947
f 944/944/944 962/962/962 979/979/979
f 980/980/980 946/946/946 976/976/976
f 950/950/950 974/974/974 973/973/973
f 945/945/945 944/944/944 981/981/981
f 936/936/936 980/980/980 976/976/976
f 982/982/982 948/948/948 983/983/983
f 953/953/953 952/952/952 975/975/975
f 984/984/984 985/985/985 986/986/986
f 971/971/971 956/956/956 987/987/987
f 987/987/987 930/930/930 971/971/971
f 953/953/953 988/988/988 989/989/989
f 929/929/929 974/974/974 928/928/928
f 989/989/989 990/990/990 953/953/953
f 991/991/991 973/973/973 981/981/981
f 963/963/963 944/944/944 927/927/927
f 977/977/977 952/952/952 964/964/964
f 990/990/990 935/935/935 953/953/953
f 966/966/966 961/961/961 948/948/948
f 930/930/930 987/987/987 931/931/931
f 933/933/933 935/935/935 990/990/990
f 950/950/950 973/973/973 991/991/991
f 933/933/933 992/992/992 934/934/934
f 934/934/934 992/992/992 993/993/993
f 955/955/955 987/987/987 956/956/956
f 994/994/994 975/975/975 920/920/920
f 935/935/935 934/934/934 995/995/995
f 976/976/976 946/946/946 922/922/922
f 973/973/973 945/945/945 981/981/981
f 958/958/958 951/951/951 991/991/991
f 981/981/981 979/979/979 996/996/996
f 926/926/926 925/925/925 982/982/982
f 938/938/938 937/937/937 962/962/962
f 944/944/944 979/979/979 981/981/981
f 977/977/977 921/921/921 975/975/975
f 920/920/920 997/997/997 994/994/994
f 937/937/937 976/976/976 998/998/998
f 948/948/948 926/926/926 983/983/983
f 952/952/952 935/935/935 995/995/995
f 993/993/993 936/936/936 934/934/934
f 966/966/966 995/995/995 961/961/961
f 983/983/983 926/926/926 982/982/982
f 927/927/927 999/999/999 1000/1000/1000
f 996/996/996 937/937/937 998/998/998
f 948/948/948 963/963/963 926/926/926
f 995/995/995 966/966/966 955/955/955
f 991/991/991 951/951/951 950/950/950
f 925/925/925 927/927/927 1000/1000/1000
f 997/997/997 988/988/988 994/994/994
f 938/938/938 961/961/961 995/995/995
f 996/996/996 962/962/962 937/937/937
f 953/953/953 975/975/975 988/988/988
f 948/948/948 961/961/961 963/963/963
f 951/951/951 959/959/959 949/949/949
f 929/929/929 927/927/927 944/944/944
f 998/998/998 922/922/922 924/924/924
f 988/988/988 997/997/997 989/989/989
f 964/964/964 952/952/952 954/954/954
f 985/985/985 941/941/941 943/943/943
f 943/943/943 1001/1001/1001 985/985/985
f 986/986/986 985/985/985 1001/1001/1001
f 938/938/938 962/962/962 961/961/961
f 965/965/965 921/921/921 977/977/977
f 949/949/949 960/960/960 970/970/970
f 966/966/966 931/931/931 987/987/987
f 958/958/958 978/978/978 959/959/959
f 963/963/963 927/927/927 926/926/926
f 981/981/981 996/996/996 924/924/924
f 923/923/923 947/947/947 924/924/924
f 924/924/924 978/978/978 958/958/958
f 924/924/924 996/996/996 998/998/998
f 984/984/984 919/919/919 957/957/957
f 995/995/995 934/934/934 938/938/938
f 979/979/979 962/962/962 996/996/996
f 919/919/919 984/984/984 940/940/940
f 976/976/976 922/922/922 998/998/998
f 959/959/959 978/978/978 960/960/960
f 995/995/995 955/955/955 952/952/952
f 924/924/924 991/991/991 981/981/981
f 986/986/986 940/940/940 984/984/984
f 955/955/955 954/954/954 952/952/952
f 932/932/932 948/948/948 982/982/982
f 1002/1002/1002 927/927/927 928/928/928
f 920/920/920 919/919/919 939/939/939
f 958/958/958 991/991/991 924/924/924
f 987/987/987 955/955/955 966/966/966
f 988/988/988 975/975/975 994/994/994
f 927/927/927 1002/1002/1002 999/999/999
f 1003/1003/1003 1004/1004/1004 1005/1005/1005
f 1006/1006/1006 1007/1007/1007 1008/1008/1008
f 1006/1006/1006 1009/1009/1009 1010/1010/1010
f 1006/1006/1006 1010/1010/1010 1007/1007/1007
f 1011/1011/1011 1012/1012/1012 1013/1013/1013
f 1014/1014/1014 1007/1007/1007 1010/1010/1010
f 1015/1015/1015 1016/1016/1016 1014/1014/1014
f 1017/1017/1017 1005/1005/1005 1018/1018/1018
f 1019/1019/1019 1013/1013/1013 1012/1012/1012
f 1014/1014/1014 1020/1020/1020 1021/1021/1021
f 1022/1022/1022 1023/1023/1023 1024/1024/1024
f 1025/1025/1025 1026/1026/1026 1027/1027/1027
f 1028/1028/1028 1020/1020/1020 1014/1014/1014
f 1015/1015/1015 1021/1021/1021 1020/1020/1020
f 1024/1024/1024 1029/1029/1029 1022/1022/1022
f 1030/1030/1030 1031/1031/1031 1022/1022/1022
f 1020/1020/1020 1032/1032/1032 1015/1015/1015
f 1029/1029/1029 1024/1024/1024 1026/1026/1026
f 1033/1033/1033 1034/1034/1034 1035/1035/1035
f 1027/1027/1027 1026/1026/1026 1024/1024/1024
f 1036/1036/1036 1029/1029/1029 1037/1037/1037
f 1031/1031/1031 1038/1038/1038 1020/1020/1020
f 1028/1028/1028 1014/1014/1014 1010/1010/1010
f 1037/1037/1037 1029/1029/1029 1026/1026/1026
f 1038/1038/1038 1030/1030/1030 1039/1039/1039
f 1040/1040/1040 1041/1041/1041 1036/1036/1036
f 1041/1041/1041 1039/1039/1039 1036/1036/1036
f 1032/1032/1032 1042/1042/1042 1043/1043/1043
f 1031/1031/1031 1028/1028/1028 1022/1022/1022
f 1025/1025/1025 1037/1037/1037 1026/1026/1026
f 1044/1044/1044 1040/1040/1040 1037/1037/1037
f 1038/1038/1038 1045/1045/1045 1042/1042/1042
f 1046/1046/1046 1041/1041/1041 1040/1040/1040
f 1047/1047/1047 1032/1032/1032 1048/1048/1048
f 1042/1042/1042 1045/1045/1045 1043/1043/1043
f 1037/1037/1037 1025/1025/1025 1044/1044/1044
f 1049/1049/1049 1025/1025/1025 1050/1050/1050
f 1044/1044/1044 1046/1046/1046 1040/1040/1040
f 1046/1046/1046 1051/1051/1051 1041/1041/1041
f 1052/1052/1052 1043/1043/1043 1045/1045/1045
f 1044/1044/1044 1025/1025/1025 1049/1049/1049
f 1044/1044/1044 1053/1053/1053 1046/1046/1046
f 1045/1045/1045 1051/1051/1051 1033/1033/1033
f 1045/1045/1045 1035/1035/1035 1052/1052/1052
f 1049/1049/1049 1053/1053/1053 1044/1044/1044
f 1053/1053/1053 1054/1054/1054 1046/1046/1046
f 1051/1051/1051 1046/1046/1046 1033/1033/1033
f 1046/1046/1046 1054/1054/1054 1033/1033/1033
f 1053/1053/1053 1049/1049/1049 1055/1055/1055
f 1055/1055/1055 1049/1049/1049 1056/1056/1056
f 1057/1057/1057 1055/1055/1055 1056/1056/1056
f 1057/1057/1057 1058/1058/1058 1059/1059/1059
f 1011/1011/1011 1060/1060/1060 1012/1012/1012
f 1058/1058/1058 1056/1056/1056 1061/1061/1061
f 1016/1016/1016 1060/1060/1060 1062/1062/1062
f 1051/1051/1051 1045/1045/1045 1038/1038/1038
f 1017/1017/1017 1063/1063/1063 1003/1003/1003
f 1064/1064/1064 1065/1065/1065 1066/1066/1066
f 1067/1067/1067 1018/1018/1018 1005/1005/1005
f 1007/1007/1007 1062/1062/1062 1008/1008/1008
f 1017/1017/1017 1018/1018/1018 1068/1068/1068
f 1062/1062/1062 1069/1069/1069 1008/1008/1008
f 1017/1017/1017 1070/1070/1070 1063/1063/1063
f 1036/1036/1036 1037/1037/1037 1040/1040/1040
f 1071/1071/1071 1022/1022/1022 1028/1028/1028
f 1016/1016/1016 1062/1062/1062 1007/1007/1007
f 1060/1060/1060 1072/1072/1072 1073/1073/1073
f 1022/1022/1022 1071/1071/1071 1023/1023/1023
f 1060/1060/1060 1016/1016/1016 1012/1012/1012
f 1005/1005/1005 1017/1017/1017 1003/1003/1003
f 1020/1020/1020 1042/1042/1042 1032/1032/1032
f 1074/1074/1074 1067/1067/1067 1005/1005/1005
f 1030/1030/1030 1038/1038/1038 1031/1031/1031
f 1062/1062/1062 1060/1060/1060 1069/1069/1069
f 1016/1016/1016 1015/1015/1015 1019/1019/1019
f 1021/1021/1021 1015/1015/1015 1014/1014/1014
f 1056/1056/1056 1003/1003/1003 1063/1063/1063
f 1058/1058/1058 1057/1057/1057 1056/1056/1056
f 1050/1050/1050 1025/1025/1025 1027/1027/1027
f 1060/1060/1060 1011/1011/1011 1072/1072/1072
f 1039/1039/1039 1051/1051/1051 1038/1038/1038
f 1075/1075/1075 1076/1076/1076 1077/1077/1077
f 1035/1035/1035 1045/1045/1045 1033/1033/1033
f 1049/1049/1049 1064/1064/1064 1066/1066/1066
f 1066/1066/1066 1065/1065/1065 1078/1078/1078
f 1016/1016/1016 1007/1007/1007 1014/1014/1014
f 1010/1010/1010 1009/1009/1009 1028/1028/1028
f 1061/1061/1061 1056/1056/1056 1063/1063/1063
f 1055/1055/1055 1057/1057/1057 1053/1053/1053
f 1029/1029/1029 1030/1030/1030 1022/1022/1022
f 1039/1039/1039 1030/1030/1030 1029/1029/1029
f 1052/1052/1052 1048/1048/1048 1043/1043/1043
f 1012/1012/1012 1016/1016/1016 1019/1019/1019
f 1070/1070/1070 1017/1017/1017 1068/1068/1068
f 1056/1056/1056 1049/1049/1049 1066/1066/1066
f 1070/1070/1070 1068/1068/1068 1018/1018/1018
f 1015/1015/1015 1032/1032/1032 1019/1019/1019
f 1079/1079/1079 1080/1080/1080 1081/1081/1081
f 1003/1003/1003 1056/1056/1056 1066/1066/1066
f 1050/1050/1050 1065/1065/1065 1064/1064/1064
f 1075/1075/1075 1077/1077/1077 1081/1081/1081
f 1032/1032/1032 1047/1047/1047 1019/1019/1019
f 1004/1004/1004 1079/1079/1079 1005/1005/1005
f 1059/1059/1059 1054/1054/1054 1057/1057/1057
f 1076/1076/1076 1067/1067/1067 1077/1077/1077
f 1027/1027/1027 1024/1024/1024 1023/1023/1023
f 1041/1041/1041 1051/1051/1051 1039/1039/1039
f 1059/1059/1059 1034/1034/1034 1033/1033/1033
f 1077/1077/1077 1067/1067/1067 1074/1074/1074
f 1033/1033/1033 1054/1054/1054 1059/1059/1059
f 1053/1053/1053 1057/1057/1057 1054/1054/1054
f 1074/1074/1074 1081/1081/1081 1077/1077/1077
f 1048/1048/1048 1032/1032/1032 1043/1043/1043
f 1042/1042/1042 1020/1020/1020 1038/1038/1038
f 1039/1039/1039 1029/1029/1029 1036/1036/1036
f 1071/1071/1071 1028/1028/1028 1009/1009/1009
f 1067/1067/1067 1082/1082/1082 1018/1018/1018
f 1079/1079/1079 1074/1074/1074 1005/1005/1005
f 1079/1079/1079 1081/1081/1081 1074/1074/1074
f 1020/1020/1020 1028/1028/1028 1031/1031/1031
f 1050/1050/1050 1064/1064/1064 1049/1049/1049
f 1078/1078/1078 1083/1083/1083 1004/1004/1004
f 1004/1004/1004 1080/1080/1080 1079/1079/1079
f 1004/1004/1004 1003/1003/1003 1066/1066/1066
f 1083/1083/1083 1080/1080/1080 1004/1004/1004
f 1078/1078/1078 1004/1004/1004 1066/1066/1066
f 1084/1084/1084 1085/1085/1085 1086/1086/1086
f 1087/1087/1087 1088/1088/1088 1089/1089/1089
f 1089/1089/1089 1088/1088/1088 1090/1090/1090
f 1087/1087/1087 1089/1089/1089 1091/1091/1091
f 1092/1092/1092 1093/1093/1093 1094/1094/1094
f 1093/1093/1093 1095/1095/1095 1096/1096/1096
f 1097/1097/1097 1098/1098/1098 1099/1099/1099
f 1100/1100/1100 1101/1101/1101 1102/1102/1102
f 1091/1091/1091 1089/1089/1089 1102/1102/1102
f 1089/1089/1089 1092/1092/1092 1103/1103/1103
f 1094/1094/1094 1103/1103/1103 1092/1092/1092
f 1096/1096/1096 1095/1095/1095 1104/1104/1104
f 1105/1105/1105 1106/1106/1106 1107/1107/1107
f 1108/1108/1108 1103/1103/1103 1094/1094/1094
f 1094/1094/1094 1104/1104/1104 1108/1108/1108
f 1109/1109/1109 1102/1102/1102 1103/1103/1103
f 1103/1103/1103 1108/1108/1108 1110/1110/1110
f 1111/1111/1111 1112/1112/1112 1113/1113/1113
f 1104/1104/1104 1114/1114/1114 1108/1108/1108
f 1115/1115/1115 1109/1109/1109 1103/1103/1103
f 1112/1112/1112 1097/1097/1097 1099/1099/1099
f 1098/1098/1098 1097/1097/1097 1116/1116/1116
f 1108/1108/1108 1114/1114/1114 1085/1085/1085
f 1100/1100/1100 1102/1102/1102 1109/1109/1109
f 1111/1111/1111 1117/1117/1117 1112/1112/1112
f 1113/1113/1113 1099/1099/1099 1118/1118/1118
f 1119/1119/1119 1118/1118/1118 1120/1120/1120
f 1121/1121/1121 1115/1115/1115 1122/1122/1122
f 1123/1123/1123 1115/1115/1115 1110/1110/1110
f 1109/1109/1109 1115/1115/1115 1121/1121/1121
f 1123/1123/1123 1124/1124/1124 1115/1115/1115
f 1085/1085/1085 1084/1084/1084 1110/1110/1110
f 1086/1086/1086 1085/1085/1085 1114/1114/1114
f 1125/1125/1125 1112/1112/1112 1117/1117/1117
f 1126/1126/1126 1127/1127/1127 1128/1128/1128
f 1086/1086/1086 1114/1114/1114 1129/1129/1129
f 1099/1099/1099 1098/1098/1098 1107/1107/1107
f 1085/1085/1085 1110/1110/1110 1108/1108/1108
f 1130/1130/1130 1131/1131/1131 1120/1120/1120
f 1116/1116/1116 1132/1132/1132 1127/1127/1127
f 1131/1131/1131 1124/1124/1124 1084/1084/1084
f 1124/1124/1124 1110/1110/1110 1084/1084/1084
f 1084/1084/1084 1086/1086/1086 1133/1133/1133
f 1134/1134/1134 1118/1118/1118 1135/1135/1135
f 1136/1136/1136 1106/1106/1106 1137/1137/1137
f 1138/1138/1138 1131/1131/1131 1084/1084/1084
f 1138/1138/1138 1084/1084/1084 1133/1133/1133
f 1139/1139/1139 1140/1140/1140 1122/1122/1122
f 1139/1139/1139 1130/1130/1130 1134/1134/1134
f 1098/1098/1098 1141/1141/1141 1105/1105/1105
f 1142/1142/1142 1119/1119/1119 1138/1138/1138
f 1126/1126/1126 1116/1116/1116 1127/1127/1127
f 1120/1120/1120 1131/1131/1131 1138/1138/1138
f 1142/1142/1142 1133/1133/1133 1143/1143/1143
f 1138/1138/1138 1133/1133/1133 1142/1142/1142
f 1130/1130/1130 1139/1139/1139 1124/1124/1124
f 1099/1099/1099 1107/1107/1107 1135/1135/1135
f 1135/1135/1135 1107/1107/1107 1136/1136/1136
f 1144/1144/1144 1139/1139/1139 1134/1134/1134
f 1139/1139/1139 1137/1137/1137 1140/1140/1140
f 1134/1134/1134 1130/1130/1130 1120/1120/1120
f 1138/1138/1138 1119/1119/1119 1120/1120/1120
f 1116/1116/1116 1141/1141/1141 1098/1098/1098
f 1137/1137/1137 1139/1139/1139 1144/1144/1144
f 1136/1136/1136 1144/1144/1144 1134/1134/1134
f 1120/1120/1120 1118/1118/1118 1134/1134/1134
f 1119/1119/1119 1142/1142/1142 1111/1111/1111
f 1092/1092/1092 1090/1090/1090 1093/1093/1093
f 1089/1089/1089 1090/1090/1090 1092/1092/1092
f 1100/1100/1100 1145/1145/1145 1101/1101/1101
f 1107/1107/1107 1098/1098/1098 1105/1105/1105
f 1144/1144/1144 1136/1136/1136 1137/1137/1137
f 1135/1135/1135 1136/1136/1136 1134/1134/1134
f 1111/1111/1111 1113/1113/1113 1119/1119/1119
f 1099/1099/1099 1135/1135/1135 1118/1118/1118
f 1103/1103/1103 1102/1102/1102 1089/1089/1089
f 1086/1086/1086 1129/1129/1129 1133/1133/1133
f 1146/1146/1146 1147/1147/1147 1148/1148/1148
f 1149/1149/1149 1122/1122/1122 1140/1140/1140
f 1150/1150/1150 1151/1151/1151 1152/1152/1152
f 1128/1128/1128 1127/1127/1127 1153/1153/1153
f 1131/1131/1131 1130/1130/1130 1124/1124/1124
f 1154/1154/1154 1155/1155/1155 1156/1156/1156
f 1104/1104/1104 1095/1095/1095 1114/1114/1114
f 1115/1115/1115 1124/1124/1124 1122/1122/1122
f 1099/1099/1099 1113/1113/1113 1112/1112/1112
f 1093/1093/1093 1096/1096/1096 1094/1094/1094
f 1157/1157/1157 1158/1158/1158 1150/1150/1150
f 1110/1110/1110 1115/1115/1115 1103/1103/1103
f 1109/1109/1109 1145/1145/1145 1100/1100/1100
f 1159/1159/1159 1160/1160/1160 1161/1161/1161
f 1112/1112/1112 1125/1125/1125 1097/1097/1097
f 1125/1125/1125 1132/1132/1132 1097/1097/1097
f 1096/1096/1096 1104/1104/1104 1094/1094/1094
f 1155/1155/1155 1154/1154/1154 1162/1162/1162
f 1132/1132/1132 1116/1116/1116 1097/1097/1097
f 1141/1141/1141 1116/1116/1116 1126/1126/1126
f 1107/1107/1107 1106/1106/1106 1136/1136/1136
f 1124/1124/1124 1123/1123/1123 1110/1110/1110
f 1122/1122/1122 1124/1124/1124 1139/1139/1139
f 1145/1145/1145 1121/1121/1121 1163/1163/1163
f 1153/1153/1153 1127/1127/1127 1132/1132/1132
f 1113/1113/1113 1118/1118/1118 1119/1119/1119
f 1151/1151/1151 1164/1164/1164 1165/1165/1165
f 1151/1151/1151 1106/1106/1106 1164/1164/1164
f 1162/1162/1162 1154/1154/1154 1166/1166/1166
f 1128/1128/1128 1167/1167/1167 1160/1160/1160
f 1151/1151/1151 1168/1168/1168 1137/1137/1137
f 1156/1156/1156 1163/1163/1163 1154/1154/1154
f 1128/1128/1128 1160/1160/1160 1126/1126/1126
f 1109/1109/1109 1121/1121/1121 1145/1145/1145
f 1160/1160/1160 1169/1169/1169 1126/1126/1126
f 1170/1170/1170 1159/1159/1159 1161/1161/1161
f 1169/1169/1169 1141/1141/1141 1126/1126/1126
f 1159/1159/1159 1170/1170/1170 1171/1171/1171
f 1169/1169/1169 1172/1172/1172 1141/1141/1141
f 1173/1173/1173 1171/1171/1171 1174/1174/1174
f 1141/1141/1141 1172/1172/1172 1175/1175/1175
f 1171/1171/1171 1173/1173/1173 1172/1172/1172
f 1173/1173/1173 1176/1176/1176 1172/1172/1172
f 1177/1177/1177 1166/1166/1166 1157/1157/1157
f 1157/1157/1157 1178/1178/1178 1177/1177/1177
f 1179/1179/1179 1105/1105/1105 1175/1175/1175
f 1166/1166/1166 1177/1177/1177 1162/1162/1162
f 1160/1160/1160 1167/1167/1167 1161/1161/1161
f 1172/1172/1172 1179/1179/1179 1175/1175/1175
f 1180/1180/1180 1157/1157/1157 1181/1181/1181
f 1182/1182/1182 1156/1156/1156 1183/1183/1183
f 1170/1170/1170 1174/1174/1174 1171/1171/1171
f 1184/1184/1184 1148/1148/1148 1185/1185/1185
f 1167/1167/1167 1186/1186/1186 1161/1161/1161
f 1187/1187/1187 1121/1121/1121 1188/1188/1188
f 1169/1169/1169 1160/1160/1160 1159/1159/1159
f 1148/1148/1148 1184/1184/1184 1189/1189/1189
f 1173/1173/1173 1190/1190/1190 1176/1176/1176
f 1149/1149/1149 1140/1140/1140 1158/1158/1158
f 1158/1158/1158 1140/1140/1140 1168/1168/1168
f 1172/1172/1172 1176/1176/1176 1179/1179/1179
f 1191/1191/1191 1156/1156/1156 1192/1192/1192
f 1193/1193/1193 1194/1194/1194 1165/1165/1165
f 1171/1171/1171 1172/1172/1172 1159/1159/1159
f 1164/1164/1164 1179/1179/1179 1193/1193/1193
f 1195/1195/1195 1157/1157/1157 1152/1152/1152
f 1105/1105/1105 1179/1179/1179 1196/1196/1196
f 1182/1182/1182 1101/1101/1101 1145/1145/1145
f 1191/1191/1191 1183/1183/1183 1156/1156/1156
f 1182/1182/1182 1197/1197/1197 1156/1156/1156
f 1189/1189/1189 1146/1146/1146 1148/1148/1148
f 1194/1194/1194 1193/1193/1193 1190/1190/1190
f 1182/1182/1182 1145/1145/1145 1197/1197/1197
f 1163/1163/1163 1156/1156/1156 1197/1197/1197
f 1161/1161/1161 1186/1186/1186 1170/1170/1170
f 1163/1163/1163 1197/1197/1197 1145/1145/1145
f 1192/1192/1192 1198/1198/1198 1191/1191/1191
f 1192/1192/1192 1156/1156/1156 1155/1155/1155
f 1137/1137/1137 1106/1106/1106 1151/1151/1151
f 1196/1196/1196 1179/1179/1179 1164/1164/1164
f 1147/1147/1147 1198/1198/1198 1192/1192/1192
f 1155/1155/1155 1148/1148/1148 1192/1192/1192
f 1172/1172/1172 1169/1169/1169 1159/1159/1159
f 1199/1199/1199 1146/1146/1146 1189/1189/1189
f 1192/1192/1192 1148/1148/1148 1147/1147/1147
f 1155/1155/1155 1185/1185/1185 1148/1148/1148
f 1189/1189/1189 1200/1200/1200 1199/1199/1199
f 1166/1166/1166 1154/1154/1154 1187/1187/1187
f 1151/1151/1151 1165/1165/1165 1152/1152/1152
f 1185/1185/1185 1155/1155/1155 1162/1162/1162
f 1184/1184/1184 1200/1200/1200 1189/1189/1189
f 1187/1187/1187 1188/1188/1188 1166/1166/1166
f 1122/1122/1122 1188/1188/1188 1121/1121/1121
f 1201/1201/1201 1186/1186/1186 1167/1167/1167
f 1188/1188/1188 1149/1149/1149 1166/1166/1166
f 1122/1122/1122 1149/1149/1149 1188/1188/1188
f 1150/1150/1150 1158/1158/1158 1168/1168/1168
f 1158/1158/1158 1166/1166/1166 1149/1149/1149
f 1166/1166/1166 1158/1158/1158 1157/1157/1157
f 1180/1180/1180 1178/1178/1178 1157/1157/1157
f 1179/1179/1179 1176/1176/1176 1193/1193/1193
f 1105/1105/1105 1141/1141/1141 1175/1175/1175
f 1121/1121/1121 1187/1187/1187 1163/1163/1163
f 1157/1157/1157 1150/1150/1150 1152/1152/1152
f 1137/1137/1137 1168/1168/1168 1140/1140/1140
f 1168/1168/1168 1151/1151/1151 1150/1150/1150
f 1181/1181/1181 1157/1157/1157 1195/1195/1195
f 1154/1154/1154 1163/1163/1163 1187/1187/1187
f 1152/1152/1152 1181/1181/1181 1195/1195/1195
f 1152/1152/1152 1165/1165/1165 1194/1194/1194
f 1165/1165/1165 1164/1164/1164 1193/1193/1193
f 1196/1196/1196 1164/1164/1164 1106/1106/1106
f 1105/1105/1105 1196/1196/1196 1106/1106/1106
f 1193/1193/1193 1176/1176/1176 1190/1190/1190
f 1202/1202/1202 1203/1203/1203 1204/1204/1204
f 1205/1205/1205 1206/1206/1206 1203/1203/1203
f 1207/1207/1207 1208/1208/1208 1209/1209/1209
f 1210/1210/1210 1211/1211/1211 1212/1212/1212
f 1210/1210/1210 1213/1213/1213 1214/1214/1214
f 1215/1215/1215 1216/1216/1216 1217/1217/1217
f 1218/1218/1218 1219/1219/1219 1220/1220/1220
f 1221/1221/1221 1222/1222/1222 1223/1223/1223
f 1224/1224/1224 1225/1225/1225 1226/1226/1226
f 1207/1207/1207 1227/1227/1227 1228/1228/1228
f 1227/1227/1227 1229/1229/1229 1230/1230/1230
f 1231/1231/1231 1232/1232/1232 1233/1233/1233
f 1234/1234/1234 1221/1221/1221 1235/1235/1235
f 1236/1236/1236 1209/1209/1209 1208/1208/1208
f 1237/1237/1237 1220/1220/1220 1238/1238/1238
f 1236/1236/1236 1239/1239/1239 1209/1209/1209
f 1240/1240/1240 1241/1241/1241 1242/1242/1242
f 1243/1243/1243 1233/1233/1233 1232/1232/1232
f 1234/1234/1234 1244/1244/1244 1221/1221/1221
f 1225/1225/1225 1236/1236/1236 1245/1245/1245
f 1227/1227/1227 1246/1246/1246 1247/1247/1247
f 1234/1234/1234 1237/1237/1237 1238/1238/1238
f 1238/1238/1238 1220/1220/1220 1248/1248/1248
f 1230/1230/1230 1228/1228/1228 1227/1227/1227
f 1243/1243/1243 1249/1249/1249 1233/1233/1233
f 1228/1228/1228 1208/1208/1208 1207/1207/1207
f 1244/1244/1244 1250/1250/1250 1232/1232/1232
f 1251/1251/1251 1252/1252/1252 1253/1253/1253
f 1254/1254/1254 1255/1255/1255 1256/1256/1256
f 1257/1257/1257 1238/1238/1238 1248/1248/1248
f 1258/1258/1258 1234/1234/1234 1238/1238/1238
f 1258/1258/1258 1238/1238/1238 1257/1257/1257
f 1247/1247/1247 1251/1251/1251 1229/1229/1229
f 1256/1256/1256 1259/1259/1259 1249/1249/1249
f 1260/1260/1260 1206/1206/1206 1261/1261/1261
f 1230/1230/1230 1229/1229/1229 1253/1253/1253
f 1212/1212/1212 1262/1262/1262 1210/1210/1210
f 1243/1243/1243 1232/1232/1232 1250/1250/1250
f 1263/1263/1263 1264/1264/1264 1262/1262/1262
f 1265/1265/1265 1250/1250/1250 1266/1266/1266
f 1267/1267/1267 1266/1266/1266 1268/1268/1268
f 1257/1257/1257 1248/1248/1248 1252/1252/1252
f 1249/1249/1249 1269/1269/1269 1256/1256/1256
f 1270/1270/1270 1271/1271/1271 1272/1272/1272
f 1210/1210/1210 1262/1262/1262 1264/1264/1264
f 1256/1256/1256 1255/1255/1255 1259/1259/1259
f 1264/1264/1264 1263/1263/1263 1255/1255/1255
f 1221/1221/1221 1244/1244/1244 1222/1222/1222
f 1273/1273/1273 1228/1228/1228 1230/1230/1230
f 1216/1216/1216 1274/1274/1274 1237/1237/1237
f 1275/1275/1275 1276/1276/1276 1277/1277/1277
f 1278/1278/1278 1209/1209/1209 1239/1239/1239
f 1227/1227/1227 1207/1207/1207 1279/1279/1279
f 1280/1280/1280 1281/1281/1281 1282/1282/1282
f 1259/1259/1259 1255/1255/1255 1233/1233/1233
f 1282/1282/1282 1251/1251/1251 1247/1247/1247
f 1242/1242/1242 1241/1241/1241 1283/1283/1283
f 1229/1229/1229 1251/1251/1251 1253/1253/1253
f 1253/1253/1253 1284/1284/1284 1230/1230/1230
f 1247/1247/1247 1229/1229/1229 1227/1227/1227
f 1245/1245/1245 1208/1208/1208 1285/1285/1285
f 1252/1252/1252 1266/1266/1266 1257/1257/1257
f 1249/1249/1249 1259/1259/1259 1233/1233/1233
f 1284/1284/1284 1253/1253/1253 1248/1248/1248
f 1241/1241/1241 1240/1240/1240 1286/1286/1286
f 1287/1287/1287 1288/1288/1288 1289/1289/1289
f 1290/1290/1290 1269/1269/1269 1265/1265/1265
f 1242/1242/1242 1283/1283/1283 1289/1289/1289
f 1208/1208/1208 1291/1291/1291 1285/1285/1285
f 1273/1273/1273 1284/1284/1284 1219/1219/1219
f 1287/1287/1287 1241/1241/1241 1276/1276/1276
f 1276/1276/1276 1292/1292/1292 1293/1293/1293
f 1294/1294/1294 1244/1244/1244 1232/1232/1232
f 1269/1269/1269 1250/1250/1250 1265/1265/1265
f 1295/1295/1295 1286/1286/1286 1261/1261/1261
f 1258/1258/1258 1266/1266/1266 1250/1250/1250
f 1241/1241/1241 1287/1287/1287 1283/1283/1283
f 1290/1290/1290 1256/1256/1256 1269/1269/1269
f 1289/1289/1289 1283/1283/1283 1287/1287/1287
f 1296/1296/1296 1297/1297/1297 1273/1273/1273
f 1288/1288/1288 1298/1298/1298 1289/1289/1289
f 1287/1287/1287 1281/1281/1281 1288/1288/1288
f 1299/1299/1299 1292/1292/1292 1300/1300/1300
f 1248/1248/1248 1219/1219/1219 1284/1284/1284
f 1286/1286/1286 1271/1271/1271 1301/1301/1301
f 1219/1219/1219 1296/1296/1296 1273/1273/1273
f 1272/1272/1272 1271/1271/1271 1295/1295/1295
f 1273/1273/1273 1297/1297/1297 1228/1228/1228
f 1302/1302/1302 1301/1301/1301 1270/1270/1270
f 1255/1255/1255 1254/1254/1254 1264/1264/1264
f 1219/1219/1219 1248/1248/1248 1220/1220/1220
f 1268/1268/1268 1266/1266/1266 1252/1252/1252
f 1275/1275/1275 1303/1303/1303 1304/1304/1304
f 1277/1277/1277 1276/1276/1276 1241/1241/1241
f 1218/1218/1218 1296/1296/1296 1219/1219/1219
f 1281/1281/1281 1293/1293/1293 1282/1282/1282
f 1274/1274/1274 1218/1218/1218 1220/1220/1220
f 1286/1286/1286 1240/1240/1240 1261/1261/1261
f 1220/1220/1220 1237/1237/1237 1274/1274/1274
f 1276/1276/1276 1281/1281/1281 1287/1287/1287
f 1305/1305/1305 1288/1288/1288 1280/1280/1280
f 1261/1261/1261 1206/1206/1206 1295/1295/1295
f 1210/1210/1210 1264/1264/1264 1213/1213/1213
f 1303/1303/1303 1302/1302/1302 1306/1306/1306
f 1307/1307/1307 1218/1218/1218 1274/1274/1274
f 1269/1269/1269 1249/1249/1249 1243/1243/1243
f 1237/1237/1237 1235/1235/1235 1216/1216/1216
f 1307/1307/1307 1274/1274/1274 1216/1216/1216
f 1216/1216/1216 1235/1235/1235 1217/1217/1217
f 1223/1223/1223 1217/1217/1217 1235/1235/1235
f 1308/1308/1308 1213/1213/1213 1264/1264/1264
f 1303/1303/1303 1277/1277/1277 1302/1302/1302
f 1254/1254/1254 1256/1256/1256 1290/1290/1290
f 1237/1237/1237 1234/1234/1234 1235/1235/1235
f 1276/1276/1276 1293/1293/1293 1281/1281/1281
f 1232/1232/1232 1231/1231/1231 1294/1294/1294
f 1246/1246/1246 1280/1280/1280 1282/1282/1282
f 1288/1288/1288 1281/1281/1281 1280/1280/1280
f 1301/1301/1301 1241/1241/1241 1286/1286/1286
f 1241/1241/1241 1301/1301/1301 1277/1277/1277
f 1301/1301/1301 1302/1302/1302 1277/1277/1277
f 1217/1217/1217 1309/1309/1309 1215/1215/1215
f 1280/1280/1280 1246/1246/1246 1305/1305/1305
f 1305/1305/1305 1279/1279/1279 1310/1310/1310
f 1277/1277/1277 1303/1303/1303 1275/1275/1275
f 1310/1310/1310 1279/1279/1279 1311/1311/1311
f 1233/1233/1233 1255/1255/1255 1263/1263/1263
f 1270/1270/1270 1272/1272/1272 1312/1312/1312
f 1227/1227/1227 1305/1305/1305 1246/1246/1246
f 1206/1206/1206 1205/1205/1205 1272/1272/1272
f 1311/1311/1311 1207/1207/1207 1209/1209/1209
f 1312/1312/1312 1272/1272/1272 1205/1205/1205
f 1291/1291/1291 1208/1208/1208 1297/1297/1297
f 1306/1306/1306 1202/1202/1202 1308/1308/1308
f 1236/1236/1236 1224/1224/1224 1239/1239/1239
f 1245/1245/1245 1236/1236/1236 1208/1208/1208
f 1250/1250/1250 1269/1269/1269 1243/1243/1243
f 1295/1295/1295 1206/1206/1206 1272/1272/1272
f 1292/1292/1292 1276/1276/1276 1275/1275/1275
f 1308/1308/1308 1264/1264/1264 1254/1254/1254
f 1297/1297/1297 1208/1208/1208 1228/1228/1228
f 1248/1248/1248 1253/1253/1253 1252/1252/1252
f 1270/1270/1270 1306/1306/1306 1302/1302/1302
f 1270/1270/1270 1312/1312/1312 1306/1306/1306
f 1251/1251/1251 1268/1268/1268 1252/1252/1252
f 1205/1205/1205 1306/1306/1306 1312/1312/1312
f 1295/1295/1295 1271/1271/1271 1286/1286/1286
f 1282/1282/1282 1247/1247/1247 1246/1246/1246
f 1300/1300/1300 1292/1292/1292 1275/1275/1275
f 1305/1305/1305 1227/1227/1227 1279/1279/1279
f 1299/1299/1299 1293/1293/1293 1292/1292/1292
f 1267/1267/1267 1265/1265/1265 1266/1266/1266
f 1299/1299/1299 1290/1290/1290 1265/1265/1265
f 1301/1301/1301 1271/1271/1271 1270/1270/1270
f 1293/1293/1293 1313/1313/1313 1282/1282/1282
f 1224/1224/1224 1278/1278/1278 1239/1239/1239
f 1222/1222/1222 1244/1244/1244 1294/1294/1294
f 1284/1284/1284 1273/1273/1273 1230/1230/1230
f 1291/1291/1291 1297/1297/1297 1296/1296/1296
f 1250/1250/1250 1244/1244/1244 1234/1234/1234
f 1311/1311/1311 1209/1209/1209 1278/1278/1278
f 1306/1306/1306 1308/1308/1308 1303/1303/1303
f 1205/1205/1205 1202/1202/1202 1306/1306/1306
f 1211/1211/1211 1214/1214/1214 1314/1314/1314
f 1211/1211/1211 1210/1210/1210 1214/1214/1214
f 1236/1236/1236 1225/1225/1225 1224/1224/1224
f 1298/1298/1298 1288/1288/1288 1305/1305/1305
f 1258/1258/1258 1250/1250/1250 1234/1234/1234
f 1315/1315/1315 1304/1304/1304 1303/1303/1303
f 1311/1311/1311 1279/1279/1279 1207/1207/1207
f 1304/1304/1304 1300/1300/1300 1275/1275/1275
f 1213/1213/1213 1202/1202/1202 1214/1214/1214
f 1293/1293/1293 1299/1299/1299 1267/1267/1267
f 1304/1304/1304 1290/1290/1290 1299/1299/1299
f 1313/1313/1313 1251/1251/1251 1282/1282/1282
f 1267/1267/1267 1313/1313/1313 1293/1293/1293
f 1303/1303/1303 1308/1308/1308 1315/1315/1315
f 1214/1214/1214 1202/1202/1202 1204/1204/1204
f 1266/1266/1266 1258/1258/1258 1257/1257/1257
f 1235/1235/1235 1221/1221/1221 1223/1223/1223
f 1304/1304/1304 1315/1315/1315 1254/1254/1254
f 1304/1304/1304 1299/1299/1299 1300/1300/1300
f 1285/1285/1285 1291/1291/1291 1296/1296/1296
f 1314/1314/1314 1214/1214/1214 1316/1316/1316
f 1267/1267/1267 1299/1299/1299 1265/1265/1265
f 1313/1313/1313 1268/1268/1268 1251/1251/1251
f 1267/1267/1267 1268/1268/1268 1313/1313/1313
f 1254/1254/1254 1315/1315/1315 1308/1308/1308
f 1308/1308/1308 1202/1202/1202 1213/1213/1213
f 1202/1202/1202 1205/1205/1205 1203/1203/1203
f 1290/1290/1290 1304/1304/1304 1254/1254/1254
f 1316/1316/1316 1214/1214/1214 1204/1204/1204
f 1317/1317/1317 1318/1318/1318 1319/1319/1319
f 1320/1320/1320 1321/1321/1321 1322/1322/1322
f 1323/1323/1323 1324/1324/1324 1325/1325/1325
f 1326/1326/1326 1327/1327/1327 1328/1328/1328
f 1319/1319/1319 1318/1318/1318 1329/1329/1329
f 1330/1330/1330 1331/1331/1331 1332/1332/1332
f 1320/1320/1320 1333/1333/1333 1334/1334/1334
f 1335/1335/1335 1336/1336/1336 1337/1337/1337
f 1338/1338/1338 1339/1339/1339 1340/1340/1340
f 1341/1341/1341 1342/1342/1342 1343/1343/1343
f 1339/1339/1339 1344/1344/1344 1345/1345/1345
f 1346/1346/1346 1325/1325/1325 1347/1347/1347
f 1348/1348/1348 1349/1349/1349 1350/1350/1350
f 1351/1351/1351 1318/1318/1318 1317/1317/1317
f 1332/1332/1332 1352/1352/1352 1353/1353/1353
f 1320/1320/1320 1334/1334/1334 1321/1321/1321
f 1330/1330/1330 1353/1353/1353 1354/1354/1354
f 1329/1329/1329 1355/1355/1355 1336/1336/1336
f 1356/1356/1356 1357/1357/1357 1358/1358/1358
f 1359/1359/1359 1360/1360/1360 1361/1361/1361
f 1362/1362/1362 1363/1363/1363 1364/1364/1364
f 1365/1365/1365 1366/1366/1366 1367/1367/1367
f 1362/1362/1362 1364/1364/1364 1356/1356/1356
f 1363/1363/1363 1368/1368/1368 1369/1369/1369
f 1347/1347/1347 1325/1325/1325 1370/1370/1370
f 1368/1368/1368 1371/1371/1371 1372/1372/1372
f 1373/1373/1373 1374/1374/1374 1375/1375/1375
f 1376/1376/1376 1377/1377/1377 1361/1361/1361
f 1378/1378/1378 1379/1379/1379 1338/1338/1338
f 1380/1380/1380 1381/1381/1381 1377/1377/1377
f 1350/1350/1350 1329/1329/1329 1348/1348/1348
f 1358/1358/1358 1382/1382/1382 1356/1356/1356
f 1368/1368/1368 1383/1383/1383 1371/1371/1371
f 1384/1384/1384 1375/1375/1375 1374/1374/1374
f 1359/1359/1359 1366/1366/1366 1372/1372/1372
f 1363/1363/1363 1369/1369/1369 1364/1364/1364
f 1333/1333/1333 1340/1340/1340 1335/1335/1335
f 1385/1385/1385 1386/1386/1386 1346/1346/1346
f 1380/1380/1380 1387/1387/1387 1388/1388/1388
f 1385/1385/1385 1347/1347/1347 1383/1383/1383
f 1346/1346/1346 1323/1323/1323 1325/1325/1325
f 1384/1384/1384 1389/1389/1389 1376/1376/1376
f 1317/1317/1317 1319/1319/1319 1390/1390/1390
f 1374/1374/1374 1373/1373/1373 1391/1391/1391
f 1392/1392/1392 1382/1382/1382 1358/1358/1358
f 1382/1382/1382 1323/1323/1323 1362/1362/1362
f 1372/1372/1372 1371/1371/1371 1360/1360/1360
f 1368/1368/1368 1386/1386/1386 1385/1385/1385
f 1357/1357/1357 1356/1356/1356 1369/1369/1369
f 1375/1375/1375 1371/1371/1371 1373/1373/1373
f 1363/1363/1363 1386/1386/1386 1368/1368/1368
f 1380/1380/1380 1376/1376/1376 1389/1389/1389
f 1323/1323/1323 1382/1382/1382 1393/1393/1393
f 1370/1370/1370 1394/1394/1394 1391/1391/1391
f 1374/1374/1374 1394/1394/1394 1395/1395/1395
f 1393/1393/1393 1392/1392/1392 1396/1396/1396
f 1370/1370/1370 1325/1325/1325 1397/1397/1397
f 1370/1370/1370 1343/1343/1343 1394/1394/1394
f 1343/1343/1343 1395/1395/1395 1394/1394/1394
f 1342/1342/1342 1387/1387/1387 1389/1389/1389
f 1395/1395/1395 1389/1389/1389 1374/1374/1374
f 1393/1393/1393 1324/1324/1324 1323/1323/1323
f 1398/1398/1398 1393/1393/1393 1396/1396/1396
f 1399/1399/1399 1324/1324/1324 1393/1393/1393
f 1396/1396/1396 1400/1400/1400 1398/1398/1398
f 1393/1393/1393 1398/1398/1398 1399/1399/1399
f 1324/1324/1324 1401/1401/1401 1397/1397/1397
f 1402/1402/1402 1403/1403/1403 1342/1342/1342
f 1404/1404/1404 1399/1399/1399 1398/1398/1398
f 1404/1404/1404 1401/1401/1401 1399/1399/1399
f 1353/1353/1353 1343/1343/1343 1354/1354/1354
f 1325/1325/1325 1324/1324/1324 1397/1397/1397
f 1402/1402/1402 1342/1342/1342 1341/1341/1341
f 1343/1343/1343 1353/1353/1353 1341/1341/1341
f 1351/1351/1351 1317/1317/1317 1398/1398/1398
f 1390/1390/1390 1401/1401/1401 1404/1404/1404
f 1354/1354/1354 1401/1401/1401 1330/1330/1330
f 1405/1405/1405 1403/1403/1403 1406/1406/1406
f 1390/1390/1390 1404/1404/1404 1317/1317/1317
f 1407/1407/1407 1361/1361/1361 1377/1377/1377
f 1330/1330/1330 1401/1401/1401 1390/1390/1390
f 1366/1366/1366 1368/1368/1368 1372/1372/1372
f 1331/1331/1331 1330/1330/1330 1390/1390/1390
f 1332/1332/1332 1408/1408/1408 1352/1352/1352
f 1409/1409/1409 1410/1410/1410 1355/1355/1355
f 1334/1334/1334 1411/1411/1411 1321/1321/1321
f 1318/1318/1318 1409/1409/1409 1355/1355/1355
f 1390/1390/1390 1319/1319/1319 1331/1331/1331
f 1412/1412/1412 1388/1388/1388 1387/1387/1387
f 1386/1386/1386 1362/1362/1362 1323/1323/1323
f 1331/1331/1331 1408/1408/1408 1332/1332/1332
f 1408/1408/1408 1413/1413/1413 1352/1352/1352
f 1414/1414/1414 1413/1413/1413 1415/1415/1415
f 1350/1350/1350 1319/1319/1319 1329/1329/1329
f 1326/1326/1326 1415/1415/1415 1416/1416/1416
f 1343/1343/1343 1370/1370/1370 1397/1397/1397
f 1417/1417/1417 1414/1414/1414 1415/1415/1415
f 1331/1331/1331 1350/1350/1350 1418/1418/1418
f 1416/1416/1416 1413/1413/1413 1418/1418/1418
f 1344/1344/1344 1326/1326/1326 1416/1416/1416
f 1327/1327/1327 1326/1326/1326 1344/1344/1344
f 1373/1373/1373 1383/1383/1383 1391/1391/1391
f 1419/1419/1419 1337/1337/1337 1420/1420/1420
f 1419/1419/1419 1420/1420/1420 1336/1336/1336
f 1418/1418/1418 1350/1350/1350 1349/1349/1349
f 1347/1347/1347 1391/1391/1391 1383/1383/1383
f 1335/1335/1335 1349/1349/1349 1348/1348/1348
f 1319/1319/1319 1350/1350/1350 1331/1331/1331
f 1418/1418/1418 1345/1345/1345 1416/1416/1416
f 1381/1381/1381 1380/1380/1380 1388/1388/1388
f 1398/1398/1398 1317/1317/1317 1404/1404/1404
f 1383/1383/1383 1368/1368/1368 1385/1385/1385
f 1345/1345/1345 1418/1418/1418 1349/1349/1349
f 1338/1338/1338 1421/1421/1421 1344/1344/1344
f 1349/1349/1349 1335/1335/1335 1345/1345/1345
f 1345/1345/1345 1340/1340/1340 1339/1339/1339
f 1421/1421/1421 1338/1338/1338 1379/1379/1379
f 1354/1354/1354 1343/1343/1343 1397/1397/1397
f 1344/1344/1344 1339/1339/1339 1338/1338/1338
f 1335/1335/1335 1337/1337/1337 1333/1333/1333
f 1376/1376/1376 1361/1361/1361 1375/1375/1375
f 1378/1378/1378 1422/1422/1422 1379/1379/1379
f 1353/1353/1353 1330/1330/1330 1332/1332/1332
f 1340/1340/1340 1320/1320/1320 1338/1338/1338
f 1378/1378/1378 1338/1338/1338 1320/1320/1320
f 1391/1391/1391 1347/1347/1347 1370/1370/1370
f 1378/1378/1378 1322/1322/1322 1422/1422/1422
f 1322/1322/1322 1378/1378/1378 1320/1320/1320
f 1344/1344/1344 1421/1421/1421 1327/1327/1327
f 1321/1321/1321 1422/1422/1422 1322/1322/1322
f 1353/1353/1353 1352/1352/1352 1341/1341/1341
f 1418/1418/1418 1413/1413/1413 1408/1408/1408
f 1389/1389/1389 1395/1395/1395 1342/1342/1342
f 1409/1409/1409 1318/1318/1318 1351/1351/1351
f 1391/1391/1391 1394/1394/1394 1374/1374/1374
f 1401/1401/1401 1354/1354/1354 1397/1397/1397
f 1402/1402/1402 1406/1406/1406 1403/1403/1403
f 1326/1326/1326 1328/1328/1328 1415/1415/1415
f 1414/1414/1414 1417/1417/1417 1423/1423/1423
f 1410/1410/1410 1409/1409/1409 1424/1424/1424
f 1398/1398/1398 1400/1400/1400 1351/1351/1351
f 1401/1401/1401 1324/1324/1324 1399/1399/1399
f 1384/1384/1384 1374/1374/1374 1389/1389/1389
f 1352/1352/1352 1406/1406/1406 1341/1341/1341
f 1340/1340/1340 1333/1333/1333 1320/1320/1320
f 1408/1408/1408 1331/1331/1331 1418/1418/1418
f 1416/1416/1416 1415/1415/1415 1413/1413/1413
f 1410/1410/1410 1336/1336/1336 1355/1355/1355
f 1355/1355/1355 1329/1329/1329 1318/1318/1318
f 1376/1376/1376 1375/1375/1375 1384/1384/1384
f 1336/1336/1336 1335/1335/1335 1348/1348/1348
f 1380/1380/1380 1389/1389/1389 1387/1387/1387
f 1406/1406/1406 1402/1402/1402 1341/1341/1341
f 1392/1392/1392 1393/1393/1393 1382/1382/1382
f 1413/1413/1413 1406/1406/1406 1352/1352/1352
f 1396/1396/1396 1392/1392/1392 1425/1425/1425
f 1405/1405/1405 1406/1406/1406 1414/1414/1414
f 1343/1343/1343 1342/1342/1342 1395/1395/1395
f 1412/1412/1412 1387/1387/1387 1403/1403/1403
f 1336/1336/1336 1348/1348/1348 1329/1329/1329
f 1426/1426/1426 1427/1427/1427 1428/1428/1428
f 1429/1429/1429 1430/1430/1430 1359/1359/1359
f 1361/1361/1361 1407/1407/1407 1429/1429/1429
f 1431/1431/1431 1365/1365/1365 1367/1367/1367
f 1345/1345/1345 1344/1344/1344 1416/1416/1416
f 1359/1359/1359 1361/1361/1361 1429/1429/1429
f 1430/1430/1430 1429/1429/1429 1426/1426/1426
f 1430/1430/1430 1426/1426/1426 1428/1428/1428
f 1426/1426/1426 1407/1407/1407 1432/1432/1432
f 1429/1429/1429 1407/1407/1407 1426/1426/1426
f 1432/1432/1432 1427/1427/1427 1426/1426/1426
f 1428/1428/1428 1431/1431/1431 1430/1430/1430
f 1359/1359/1359 1430/1430/1430 1367/1367/1367
f 1407/1407/1407 1377/1377/1377 1433/1433/1433
f 1336/1336/1336 1420/1420/1420 1337/1337/1337
f 1367/1367/1367 1430/1430/1430 1431/1431/1431
f 1396/1396/1396 1425/1425/1425 1400/1400/1400
f 1364/1364/1364 1369/1369/1369 1356/1356/1356
f 1387/1387/1387 1342/1342/1342 1403/1403/1403
f 1362/1362/1362 1386/1386/1386 1363/1363/1363
f 1336/1336/1336 1410/1410/1410 1419/1419/1419
f 1377/1377/1377 1381/1381/1381 1433/1433/1433
f 1356/1356/1356 1382/1382/1382 1362/1362/1362
f 1328/1328/1328 1417/1417/1417 1415/1415/1415
f 1386/1386/1386 1323/1323/1323 1346/1346/1346
f 1377/1377/1377 1376/1376/1376 1380/1380/1380
f 1335/1335/1335 1340/1340/1340 1345/1345/1345
f 1423/1423/1423 1405/1405/1405 1414/1414/1414
f 1375/1375/1375 1361/1361/1361 1360/1360/1360
f 1360/1360/1360 1359/1359/1359 1372/1372/1372
f 1366/1366/1366 1359/1359/1359 1367/1367/1367
f 1413/1413/1413 1414/1414/1414 1406/1406/1406
f 1371/1371/1371 1383/1383/1383 1373/1373/1373
f 1351/1351/1351 1424/1424/1424 1409/1409/1409
f 1347/1347/1347 1385/1385/1385 1346/1346/1346
f 1371/1371/1371 1375/1375/1375 1360/1360/1360
f 1434/1434/1434 1435/1435/1435 1436/1436/1436
f 1437/1437/1437 1438/1438/1438 1434/1434/1434
f 1439/1439/1439 1434/1434/1434 1440/1440/1440
f 1441/1441/1441 1442/1442/1442 1443/1443/1443
f 1439/1439/1439 1444/1444/1444 1435/1435/1435
f 1438/1438/1438 1445/1445/1445 1440/1440/1440
f 1446/1446/1446 1444/1444/1444 1439/1439/1439
f 1447/1447/1447 1448/1448/1448 1444/1444/1444
f 1445/1445/1445 1449/1449/1449 1440/1440/1440
f 1439/1439/1439 1450/1450/1450 1446/1446/1446
f 1451/1451/1451 1441/1441/1441 1447/1447/1447
f 1452/1452/1452 1453/1453/1453 1454/1454/1454
f 1455/1455/1455 1456/1456/1456 1457/1457/1457
f 1454/1454/1454 1453/1453/1453 1450/1450/1450
f 1451/1451/1451 1444/1444/1444 1446/1446/1446
f 1447/1447/1447 1444/1444/1444 1451/1451/1451
f 1451/1451/1451 1442/1442/1442 1441/1441/1441
f 1450/1450/1450 1453/1453/1453 1446/1446/1446
f 1450/1450/1450 1449/1449/1449 1458/1458/1458
f 1451/1451/1451 1446/1446/1446 1453/1453/1453
f 1442/1442/1442 1451/1451/1451 1453/1453/1453
f 1458/1458/1458 1449/1449/1449 1459/1459/1459
f 1450/1450/1450 1458/1458/1458 1454/1454/1454
f 1442/1442/1442 1452/1452/1452 1443/1443/1443
f 1452/1452/1452 1442/1442/1442 1453/1453/1453
f 1443/1443/1443 1460/1460/1460 1461/1461/1461
f 1456/1456/1456 1462/1462/1462 1463/1463/1463
f 1460/1460/1460 1443/1443/1443 1452/1452/1452
f 1461/1461/1461 1460/1460/1460 1464/1464/1464
f 1452/1452/1452 1454/1454/1454 1460/1460/1460
f 1462/1462/1462 1456/1456/1456 1459/1459/1459
f 1464/1464/1464 1454/1454/1454 1456/1456/1456
f 1449/1449/1449 1462/1462/1462 1459/1459/1459
f 1460/1460/1460 1454/1454/1454 1464/1464/1464
f 1456/1456/1456 1455/1455/1455 1464/1464/1464
f 1439/1439/1439 1435/1435/1435 1434/1434/1434
f 1456/1456/1456 1463/1463/1463 1457/1457/1457
f 1462/1462/1462 1465/1465/1465 1463/1463/1463
f 1457/1457/1457 1466/1466/1466 1467/1467/1467
f 1463/1463/1463 1466/1466/1466 1457/1457/1457
f 1465/1465/1465 1466/1466/1466 1463/1463/1463
f 1468/1468/1468 1447/1447/1447 1441/1441/1441
f 1469/1469/1469 1470/1470/1470 1471/1471/1471
f 1472/1472/1472 1465/1465/1465 1473/1473/1473
f 1474/1474/1474 1475/1475/1475 1476/1476/1476
f 1477/1477/1477 1478/1478/1478 1479/1479/1479
f 1480/1480/1480 1481/1481/1481 1482/1482/1482
f 1472/1472/1472 1467/1467/1467 1466/1466/1466
f 1483/1483/1483 1474/1474/1474 1484/1484/1484
f 1485/1485/1485 1478/1478/1478 1477/1477/1477
f 1483/1483/1483 1486/1486/1486 1487/1487/1487
f 1449/1449/1449 1445/1445/1445 1488/1488/1488
f 1469/1469/1469 1489/1489/1489 1490/1490/1490
f 1491/1491/1491 1475/1475/1475 1487/1487/1487
f 1492/1492/1492 1493/1493/1493 1494/1494/1494
f 1434/1434/1434 1438/1438/1438 1440/1440/1440
f 1495/1495/1495 1469/1469/1469 1496/1496/1496
f 1468/1468/1468 1441/1441/1441 1497/1497/1497
f 1498/1498/1498 1499/1499/1499 1500/1500/1500
f 1438/1438/1438 1489/1489/1489 1495/1495/1495
f 1501/1501/1501 1491/1491/1491 1502/1502/1502
f 1503/1503/1503 1504/1504/1504 1505/1505/1505
f 1506/1506/1506 1488/1488/1488 1445/1445/1445
f 1448/1448/1448 1435/1435/1435 1444/1444/1444
f 1494/1494/1494 1507/1507/1507 1508/1508/1508
f 1503/1503/1503 1509/1509/1509 1500/1500/1500
f 1476/1476/1476 1510/1510/1510 1511/1511/1511
f 1512/1512/1512 1472/1472/1472 1513/1513/1513
f 1440/1440/1440 1450/1450/1450 1439/1439/1439
f 1493/1493/1493 1480/1480/1480 1507/1507/1507
f 1481/1481/1481 1514/1514/1514 1515/1515/1515
f 1516/1516/1516 1517/1517/1517 1518/1518/1518
f 1496/1496/1496 1506/1506/1506 1495/1495/1495
f 1519/1519/1519 1520/1520/1520 1521/1521/1521
f 1505/1505/1505 1472/1472/1472 1473/1473/1473
f 1522/1522/1522 1445/1445/1445 1495/1495/1495
f 1440/1440/1440 1449/1449/1449 1450/1450/1450
f 1516/1516/1516 1492/1492/1492 1517/1517/1517
f 1523/1523/1523 1488/1488/1488 1524/1524/1524
f 1509/1509/1509 1498/1498/1498 1500/1500/1500
f 1517/1517/1517 1492/1492/1492 1525/1525/1525
f 1476/1476/1476 1520/1520/1520 1474/1474/1474
f 1526/1526/1526 1527/1527/1527 1528/1528/1528
f 1505/1505/1505 1529/1529/1529 1530/1530/1530
f 1511/1511/1511 1520/1520/1520 1476/1476/1476
f 1487/1487/1487 1486/1486/1486 1491/1491/1491
f 1531/1531/1531 1525/1525/1525 1492/1492/1492
f 1474/1474/1474 1520/1520/1520 1484/1484/1484
f 1532/1532/1532 1521/1521/1521 1511/1511/1511
f 1516/1516/1516 1532/1532/1532 1533/1533/1533
f 1532/1532/1532 1511/1511/1511 1534/1534/1534
f 1470/1470/1470 1469/1469/1469 1490/1490/1490
f 1486/1486/1486 1535/1535/1535 1491/1491/1491
f 1502/1502/1502 1536/1536/1536 1528/1528/1528
f 1531/1531/1531 1492/1492/1492 1494/1494/1494
f 1533/1533/1533 1532/1532/1532 1480/1480/1480
f 1493/1493/1493 1533/1533/1533 1480/1480/1480
f 1530/1530/1530 1529/1529/1529 1537/1537/1537
f 1482/1482/1482 1506/1506/1506 1507/1507/1507
f 1523/1523/1523 1524/1524/1524 1538/1538/1538
f 1480/1480/1480 1532/1532/1532 1534/1534/1534
f 1511/1511/1511 1510/1510/1510 1534/1534/1534
f 1458/1458/1458 1456/1456/1456 1454/1454/1454
f 1498/1498/1498 1509/1509/1509 1539/1539/1539
f 1475/1475/1475 1501/1501/1501 1527/1527/1527
f 1491/1491/1491 1501/1501/1501 1475/1475/1475
f 1494/1494/1494 1508/1508/1508 1531/1531/1531
f 1507/1507/1507 1494/1494/1494 1493/1493/1493
f 1492/1492/1492 1516/1516/1516 1533/1533/1533
f 1492/1492/1492 1533/1533/1533 1493/1493/1493
f 1540/1540/1540 1530/1530/1530 1537/1537/1537
f 1541/1541/1541 1531/1531/1531 1471/1471/1471
f 1521/1521/1521 1518/1518/1518 1519/1519/1519
f 1481/1481/1481 1480/1480/1480 1534/1534/1534
f 1469/1469/1469 1495/1495/1495 1489/1489/1489
f 1510/1510/1510 1514/1514/1514 1534/1534/1534
f 1542/1542/1542 1526/1526/1526 1510/1510/1510
f 1543/1543/1543 1544/1544/1544 1535/1535/1535
f 1458/1458/1458 1459/1459/1459 1456/1456/1456
f 1501/1501/1501 1528/1528/1528 1527/1527/1527
f 1539/1539/1539 1502/1502/1502 1478/1478/1478
f 1527/1527/1527 1526/1526/1526 1542/1542/1542
f 1469/1469/1469 1471/1471/1471 1508/1508/1508
f 1478/1478/1478 1502/1502/1502 1479/1479/1479
f 1544/1544/1544 1502/1502/1502 1535/1535/1535
f 1479/1479/1479 1544/1544/1544 1543/1543/1543
f 1480/1480/1480 1482/1482/1482 1507/1507/1507
f 1545/1545/1545 1473/1473/1473 1465/1465/1465
f 1506/1506/1506 1508/1508/1508 1507/1507/1507
f 1435/1435/1435 1448/1448/1448 1436/1436/1436
f 1471/1471/1471 1546/1546/1546 1541/1541/1541
f 1540/1540/1540 1536/1536/1536 1547/1547/1547
f 1532/1532/1532 1516/1516/1516 1521/1521/1521
f 1534/1534/1534 1514/1514/1514 1481/1481/1481
f 1528/1528/1528 1501/1501/1501 1502/1502/1502
f 1502/1502/1502 1544/1544/1544 1479/1479/1479
f 1548/1548/1548 1528/1528/1528 1549/1549/1549
f 1471/1471/1471 1470/1470/1470 1546/1546/1546
f 1467/1467/1467 1472/1472/1472 1512/1512/1512
f 1514/1514/1514 1526/1526/1526 1548/1548/1548
f 1510/1510/1510 1476/1476/1476 1542/1542/1542
f 1465/1465/1465 1550/1550/1550 1545/1545/1545
f 1538/1538/1538 1462/1462/1462 1523/1523/1523
f 1548/1548/1548 1526/1526/1526 1528/1528/1528
f 1508/1508/1508 1506/1506/1506 1496/1496/1496
f 1530/1530/1530 1540/1540/1540 1547/1547/1547
f 1508/1508/1508 1496/1496/1496 1469/1469/1469
f 1482/1482/1482 1488/1488/1488 1506/1506/1506
f 1487/1487/1487 1475/1475/1475 1483/1483/1483
f 1537/1537/1537 1545/1545/1545 1551/1551/1551
f 1500/1500/1500 1504/1504/1504 1503/1503/1503
f 1524/1524/1524 1481/1481/1481 1515/1515/1515
f 1547/1547/1547 1536/1536/1536 1509/1509/1509
f 1551/1551/1551 1549/1549/1549 1537/1537/1537
f 1474/1474/1474 1483/1483/1483 1475/1475/1475
f 1524/1524/1524 1488/1488/1488 1482/1482/1482
f 1514/1514/1514 1551/1551/1551 1515/1515/1515
f 1514/1514/1514 1548/1548/1548 1549/1549/1549
f 1536/1536/1536 1540/1540/1540 1528/1528/1528
f 1539/1539/1539 1536/1536/1536 1502/1502/1502
f 1551/1551/1551 1550/1550/1550 1515/1515/1515
f 1549/1549/1549 1551/1551/1551 1514/1514/1514
f 1550/1550/1550 1524/1524/1524 1515/1515/1515
f 1539/1539/1539 1509/1509/1509 1536/1536/1536
f 1552/1552/1552 1539/1539/1539 1478/1478/1478
f 1508/1508/1508 1471/1471/1471 1531/1531/1531
f 1465/1465/1465 1538/1538/1538 1550/1550/1550
f 1522/1522/1522 1495/1495/1495 1506/1506/1506
f 1506/1506/1506 1445/1445/1445 1522/1522/1522
f 1524/1524/1524 1550/1550/1550 1538/1538/1538
f 1488/1488/1488 1523/1523/1523 1449/1449/1449
f 1551/1551/1551 1545/1545/1545 1550/1550/1550
f 1549/1549/1549 1540/1540/1540 1537/1537/1537
f 1552/1552/1552 1478/1478/1478 1485/1485/1485
f 1552/1552/1552 1498/1498/1498 1539/1539/1539
f 1489/1489/1489 1437/1437/1437 1490/1490/1490
f 1502/1502/1502 1491/1491/1491 1535/1535/1535
f 1462/1462/1462 1449/1449/1449 1523/1523/1523
f 1503/1503/1503 1547/1547/1547 1509/1509/1509
f 1530/1530/1530 1547/1547/1547 1503/1503/1503
f 1552/1552/1552 1499/1499/1499 1498/1498/1498
f 1552/1552/1552 1485/1485/1485 1553/1553/1553
f 1553/1553/1553 1485/1485/1485 1554/1554/1554
f 1438/1438/1438 1495/1495/1495 1445/1445/1445
f 1489/1489/1489 1438/1438/1438 1437/1437/1437
f 1465/1465/1465 1462/1462/1462 1538/1538/1538
f 1514/1514/1514 1510/1510/1510 1526/1526/1526
f 1528/1528/1528 1540/1540/1540 1549/1549/1549
f 1545/1545/1545 1537/1537/1537 1529/1529/1529
f 1530/1530/1530 1503/1503/1503 1505/1505/1505
f 1545/1545/1545 1529/1529/1529 1473/1473/1473
f 1516/1516/1516 1518/1518/1518 1521/1521/1521
f 1472/1472/1472 1466/1466/1466 1465/1465/1465
f 1481/1481/1481 1524/1524/1524 1482/1482/1482
f 1473/1473/1473 1529/1529/1529 1505/1505/1505
f 1520/1520/1520 1511/1511/1511 1521/1521/1521
f 1475/1475/1475 1527/1527/1527 1476/1476/1476
f 1513/1513/1513 1505/1505/1505 1504/1504/1504
f 1476/1476/1476 1527/1527/1527 1542/1542/1542
f 1472/1472/1472 1505/1505/1505 1513/1513/1513
f 1555/1555/1555 1556/1556/1556 1557/1557/1557
f 1558/1558/1558 1559/1559/1559 1560/1560/1560
f 1561/1561/1561 1562/1562/1562 1563/1563/1563
f 1564/1564/1564 1565/1565/1565 1566/1566/1566
f 1567/1567/1567 1568/1568/1568 1569/1569/1569
f 1570/1570/1570 1571/1571/1571 1572/1572/1572
f 1573/1573/1573 1574/1574/1574 1575/1575/1575
f 1576/1576/1576 1577/1577/1577 1572/1572/1572
f 1578/1578/1578 1579/1579/1579 1556/1556/1556
f 1580/1580/1580 1581/1581/1581 1582/1582/1582
f 1583/1583/1583 1584/1584/1584 1585/1585/1585
f 1586/1586/1586 1587/1587/1587 1588/1588/1588
f 1589/1589/1589 1590/1590/1590 1591/1591/1591
f 1592/1592/1592 1593/1593/1593 1594/1594/1594
f 1595/1595/1595 1596/1596/1596 1597/1597/1597
f 1578/1578/1578 1556/1556/1556 1555/1555/1555
f 1598/1598/1598 1599/1599/1599 1600/1600/1600
f 1596/1596/1596 1595/1595/1595 1601/1601/1601
f 1602/1602/1602 1579/1579/1579 1578/1578/1578
f 1588/1588/1588 1579/1579/1579 1586/1586/1586
f 1603/1603/1603 1564/1564/1564 1604/1604/1604
f 1605/1605/1605 1579/1579/1579 1604/1604/1604
f 1561/1561/1561 1606/1606/1606 1607/1607/1607
f 1608/1608/1608 1595/1595/1595 1597/1597/1597
f 1564/1564/1564 1556/1556/1556 1605/1605/1605
f 1609/1609/1609 1610/1610/1610 1611/1611/1611
f 1595/1595/1595 1612/1612/1612 1601/1601/1601
f 1613/1613/1613 1614/1614/1614 1615/1615/1615
f 1616/1616/1616 1612/1612/1612 1617/1617/1617
f 1568/1568/1568 1618/1618/1618 1619/1619/1619
f 1563/1563/1563 1566/1566/1566 1565/1565/1565
f 1620/1620/1620 1621/1621/1621 1622/1622/1622
f 1602/1602/1602 1586/1586/1586 1579/1579/1579
f 1596/1596/1596 1611/1611/1611 1610/1610/1610
f 1609/1609/1609 1623/1623/1623 1624/1624/1624
f 1625/1625/1625 1626/1626/1626 1627/1627/1627
f 1628/1628/1628 1616/1616/1616 1617/1617/1617
f 1613/1613/1613 1615/1615/1615 1629/1629/1629
f 1630/1630/1630 1567/1567/1567 1631/1631/1631
f 1601/1601/1601 1612/1612/1612 1616/1616/1616
f 1560/1560/1560 1632/1632/1632 1633/1633/1633
f 1593/1593/1593 1634/1634/1634 1594/1594/1594
f 1635/1635/1635 1629/1629/1629 1636/1636/1636
f 1603/1603/1603 1565/1565/1565 1564/1564/1564
f 1587/1587/1587 1637/1637/1637 1638/1638/1638
f 1639/1639/1639 1640/1640/1640 1627/1627/1627
f 1575/1575/1575 1558/1558/1558 1560/1560/1560
f 1592/1592/1592 1594/1594/1594 1641/1641/1641
f 1614/1614/1614 1575/1575/1575 1574/1574/1574
f 1642/1642/1642 1643/1643/1643 1616/1616/1616
f 1644/1644/1644 1645/1645/1645 1646/1646/1646
f 1647/1647/1647 1566/1566/1566 1648/1648/1648
f 1583/1583/1583 1624/1624/1624 1623/1623/1623
f 1579/1579/1579 1605/1605/1605 1556/1556/1556
f 1645/1645/1645 1649/1649/1649 1650/1650/1650
f 1651/1651/1651 1595/1595/1595 1608/1608/1608
f 1645/1645/1645 1644/1644/1644 1649/1649/1649
f 1612/1612/1612 1595/1595/1595 1651/1651/1651
f 1618/1618/1618 1652/1652/1652 1619/1619/1619
f 1558/1558/1558 1653/1653/1653 1654/1654/1654
f 1559/1559/1559 1571/1571/1571 1570/1570/1570
f 1644/1644/1644 1572/1572/1572 1571/1571/1571
f 1627/1627/1627 1655/1655/1655 1625/1625/1625
f 1608/1608/1608 1597/1597/1597 1656/1656/1656
f 1644/1644/1644 1609/1609/1609 1657/1657/1657
f 1611/1611/1611 1623/1623/1623 1609/1609/1609
f 1599/1599/1599 1598/1598/1598 1652/1652/1652
f 1658/1658/1658 1659/1659/1659 1604/1604/1604
f 1660/1660/1660 1626/1626/1626 1625/1625/1625
f 1621/1621/1621 1620/1620/1620 1625/1625/1625
f 1646/1646/1646 1596/1596/1596 1610/1610/1610
f 1604/1604/1604 1588/1588/1588 1658/1658/1658
f 1661/1661/1661 1662/1662/1662 1578/1578/1578
f 1624/1624/1624 1657/1657/1657 1609/1609/1609
f 1588/1588/1588 1604/1604/1604 1579/1579/1579
f 1585/1585/1585 1663/1663/1663 1583/1583/1583
f 1641/1641/1641 1600/1600/1600 1555/1555/1555
f 1664/1664/1664 1650/1650/1650 1649/1649/1649
f 1556/1556/1556 1564/1564/1564 1557/1557/1557
f 1624/1624/1624 1665/1665/1665 1657/1657/1657
f 1572/1572/1572 1657/1657/1657 1576/1576/1576
f 1598/1598/1598 1580/1580/1580 1652/1652/1652
f 1601/1601/1601 1616/1616/1616 1623/1623/1623
f 1655/1655/1655 1627/1627/1627 1640/1640/1640
f 1574/1574/1574 1615/1615/1615 1614/1614/1614
f 1590/1590/1590 1589/1589/1589 1600/1600/1600
f 1566/1566/1566 1563/1563/1563 1648/1648/1648
f 1666/1666/1666 1583/1583/1583 1663/1663/1663
f 1632/1632/1632 1559/1559/1559 1570/1570/1570
f 1667/1667/1667 1631/1631/1631 1567/1567/1567
f 1640/1640/1640 1668/1668/1668 1606/1606/1606
f 1632/1632/1632 1591/1591/1591 1633/1633/1633
f 1590/1590/1590 1633/1633/1633 1591/1591/1591
f 1625/1625/1625 1565/1565/1565 1621/1621/1621
f 1669/1669/1669 1584/1584/1584 1623/1623/1623
f 1660/1660/1660 1625/1625/1625 1620/1620/1620
f 1622/1622/1622 1603/1603/1603 1659/1659/1659
f 1592/1592/1592 1555/1555/1555 1557/1557/1557
f 1591/1591/1591 1632/1632/1632 1661/1661/1661
f 1666/1666/1666 1665/1665/1665 1583/1583/1583
f 1624/1624/1624 1583/1583/1583 1665/1665/1665
f 1605/1605/1605 1604/1604/1604 1564/1564/1564
f 1570/1570/1570 1577/1577/1577 1661/1661/1661
f 1666/1666/1666 1638/1638/1638 1637/1637/1637
f 1625/1625/1625 1655/1655/1655 1563/1563/1563
f 1670/1670/1670 1576/1576/1576 1637/1637/1637
f 1599/1599/1599 1590/1590/1590 1600/1600/1600
f 1573/1573/1573 1575/1575/1575 1633/1633/1633
f 1616/1616/1616 1628/1628/1628 1642/1642/1642
f 1576/1576/1576 1670/1670/1670 1577/1577/1577
f 1663/1663/1663 1638/1638/1638 1666/1666/1666
f 1577/1577/1577 1670/1670/1670 1661/1661/1661
f 1671/1671/1671 1635/1635/1635 1636/1636/1636
f 1636/1636/1636 1630/1630/1630 1631/1631/1631
f 1577/1577/1577 1570/1570/1570 1572/1572/1572
f 1611/1611/1611 1596/1596/1596 1601/1601/1601
f 1625/1625/1625 1563/1563/1563 1565/1565/1565
f 1597/1597/1597 1596/1596/1596 1646/1646/1646
f 1555/1555/1555 1592/1592/1592 1641/1641/1641
f 1573/1573/1573 1590/1590/1590 1599/1599/1599
f 1557/1557/1557 1647/1647/1647 1592/1592/1592
f 1649/1649/1649 1644/1644/1644 1571/1571/1571
f 1607/1607/1607 1562/1562/1562 1561/1561/1561
f 1672/1672/1672 1673/1673/1673 1671/1671/1671
f 1599/1599/1599 1652/1652/1652 1618/1618/1618
f 1559/1559/1559 1558/1558/1558 1654/1654/1654
f 1661/1661/1661 1632/1632/1632 1570/1570/1570
f 1603/1603/1603 1604/1604/1604 1659/1659/1659
f 1574/1574/1574 1630/1630/1630 1615/1615/1615
f 1655/1655/1655 1606/1606/1606 1561/1561/1561
f 1667/1667/1667 1674/1674/1674 1672/1672/1672
f 1652/1652/1652 1580/1580/1580 1619/1619/1619
f 1566/1566/1566 1647/1647/1647 1557/1557/1557
f 1606/1606/1606 1668/1668/1668 1634/1634/1634
f 1612/1612/1612 1651/1651/1651 1617/1617/1617
f 1674/1674/1674 1582/1582/1582 1675/1675/1675
f 1654/1654/1654 1664/1664/1664 1649/1649/1649
f 1676/1676/1676 1614/1614/1614 1613/1613/1613
f 1653/1653/1653 1676/1676/1676 1677/1677/1677
f 1578/1578/1578 1589/1589/1589 1661/1661/1661
f 1573/1573/1573 1567/1567/1567 1630/1630/1630
f 1600/1600/1600 1641/1641/1641 1594/1594/1594
f 1669/1669/1669 1616/1616/1616 1643/1643/1643
f 1675/1675/1675 1673/1673/1673 1674/1674/1674
f 1630/1630/1630 1636/1636/1636 1615/1615/1615
f 1591/1591/1591 1661/1661/1661 1589/1589/1589
f 1561/1561/1561 1563/1563/1563 1655/1655/1655
f 1622/1622/1622 1621/1621/1621 1603/1603/1603
f 1576/1576/1576 1666/1666/1666 1637/1637/1637
f 1560/1560/1560 1633/1633/1633 1575/1575/1575
f 1619/1619/1619 1678/1678/1678 1568/1568/1568
f 1634/1634/1634 1668/1668/1668 1679/1679/1679
f 1606/1606/1606 1634/1634/1634 1593/1593/1593
f 1562/1562/1562 1647/1647/1647 1648/1648/1648
f 1609/1609/1609 1646/1646/1646 1610/1610/1610
f 1636/1636/1636 1629/1629/1629 1615/1615/1615
f 1580/1580/1580 1634/1634/1634 1679/1679/1679
f 1566/1566/1566 1557/1557/1557 1564/1564/1564
f 1673/1673/1673 1672/1672/1672 1674/1674/1674
f 1581/1581/1581 1680/1680/1680 1681/1681/1681
f 1580/1580/1580 1680/1680/1680 1581/1581/1581
f 1631/1631/1631 1667/1667/1667 1672/1672/1672
f 1682/1682/1682 1585/1585/1585 1669/1669/1669
f 1609/1609/1609 1644/1644/1644 1646/1646/1646
f 1569/1569/1569 1678/1678/1678 1683/1683/1683
f 1680/1680/1680 1580/1580/1580 1681/1681/1681
f 1623/1623/1623 1616/1616/1616 1669/1669/1669
f 1558/1558/1558 1575/1575/1575 1614/1614/1614
f 1670/1670/1670 1602/1602/1602 1662/1662/1662
f 1580/1580/1580 1678/1678/1678 1619/1619/1619
f 1661/1661/1661 1670/1670/1670 1662/1662/1662
f 1653/1653/1653 1558/1558/1558 1614/1614/1614
f 1657/1657/1657 1572/1572/1572 1644/1644/1644
f 1655/1655/1655 1640/1640/1640 1606/1606/1606
f 1574/1574/1574 1573/1573/1573 1630/1630/1630
f 1645/1645/1645 1656/1656/1656 1646/1646/1646
f 1594/1594/1594 1598/1598/1598 1600/1600/1600
f 1632/1632/1632 1560/1560/1560 1559/1559/1559
f 1671/1671/1671 1631/1631/1631 1672/1672/1672
f 1623/1623/1623 1611/1611/1611 1601/1601/1601
f 1665/1665/1665 1666/1666/1666 1576/1576/1576
f 1678/1678/1678 1582/1582/1582 1683/1683/1683
f 1582/1582/1582 1674/1674/1674 1683/1683/1683
f 1593/1593/1593 1647/1647/1647 1562/1562/1562
f 1653/1653/1653 1677/1677/1677 1654/1654/1654
f 1569/1569/1569 1667/1667/1667 1567/1567/1567
f 1606/1606/1606 1593/1593/1593 1607/1607/1607
f 1573/1573/1573 1618/1618/1618 1567/1567/1567
f 1573/1573/1573 1599/1599/1599 1618/1618/1618
f 1634/1634/1634 1598/1598/1598 1594/1594/1594
f 1562/1562/1562 1607/1607/1607 1593/1593/1593
f 1654/1654/1654 1649/1649/1649 1571/1571/1571
f 1654/1654/1654 1571/1571/1571 1559/1559/1559
f 1653/1653/1653 1614/1614/1614 1676/1676/1676
f 1647/1647/1647 1593/1593/1593 1592/1592/1592
f 1602/1602/1602 1670/1670/1670 1637/1637/1637
f 1679/1679/1679 1681/1681/1681 1580/1580/1580
f 1602/1602/1602 1578/1578/1578 1662/1662/1662
f 1654/1654/1654 1677/1677/1677 1664/1664/1664
f 1598/1598/1598 1634/1634/1634 1580/1580/1580
f 1568/1568/1568 1678/1678/1678 1569/1569/1569
f 1618/1618/1618 1568/1568/1568 1567/1567/1567
f 1656/1656/1656 1645/1645/1645 1650/1650/1650
f 1621/1621/1621 1565/1565/1565 1603/1603/1603
f 1646/1646/1646 1656/1656/1656 1597/1597/1597
f 1637/1637/1637 1587/1587/1587 1586/1586/1586
f 1586/1586/1586 1602/1602/1602 1637/1637/1637
f 1636/1636/1636 1631/1631/1631 1671/1671/1671
f 1590/1590/1590 1573/1573/1573 1633/1633/1633
f 1584/1584/1584 1583/1583/1583 1623/1623/1623
f 1578/1578/1578 1555/1555/1555 1589/1589/1589
f 1669/1669/1669 1643/1643/1643 1682/1682/1682
f 1657/1657/1657 1665/1665/1665 1576/1576/1576
f 1668/1668/1668 1640/1640/1640 1639/1639/1639
f 1585/1585/1585 1584/1584/1584 1669/1669/1669
f 1555/1555/1555 1600/1600/1600 1589/1589/1589
f 1562/1562/1562 1648/1648/1648 1563/1563/1563
f 1683/1683/1683 1674/1674/1674 1667/1667/1667
f 1678/1678/1678 1580/1580/1580 1582/1582/1582
f 1667/1667/1667 1569/1569/1569 1683/1683/1683
f 1684/1684/1684 1685/1685/1685 1686/1686/1686
f 1687/1687/1687 1688/1688/1688 1689/1689/1689
f 1690/1690/1690 1687/1687/1687 1691/1691/1691
f 1692/1692/1692 1693/1693/1693 1690/1690/1690
f 1688/1688/1688 1687/1687/1687 1694/1694/1694
f 1695/1695/1695 1696/1696/1696 1697/1697/1697
f 1698/1698/1698 1699/1699/1699 1700/1700/1700
f 1701/1701/1701 1702/1702/1702 1703/1703/1703
f 1704/1704/1704 1705/1705/1705 1706/1706/1706
f 1690/1690/1690 1693/1693/1693 1687/1687/1687
f 1707/1707/1707 1708/1708/1708 1709/1709/1709
f 1710/1710/1710 1711/1711/1711 1712/1712/1712
f 1713/1713/1713 1714/1714/1714 1715/1715/1715
f 1716/1716/1716 1717/1717/1717 1718/1718/1718
f 1719/1719/1719 1720/1720/1720 1721/1721/1721
f 1693/1693/1693 1692/1692/1692 1722/1722/1722
f 1687/1687/1687 1723/1723/1723 1694/1694/1694
f 1724/1724/1724 1725/1725/1725 1726/1726/1726
f 1693/1693/1693 1723/1723/1723 1687/1687/1687
f 1727/1727/1727 1728/1728/1728 1729/1729/1729
f 1730/1730/1730 1714/1714/1714 1731/1731/1731
f 1722/1722/1722 1732/1732/1732 1693/1693/1693
f 1722/1722/1722 1708/1708/1708 1732/1732/1732
f 1733/1733/1733 1709/1709/1709 1708/1708/1708
f 1734/1734/1734 1735/1735/1735 1710/1710/1710
f 1695/1695/1695 1736/1736/1736 1719/1719/1719
f 1737/1737/1737 1738/1738/1738 1739/1739/1739
f 1740/1740/1740 1741/1741/1741 1700/1700/1700
f 1742/1742/1742 1743/1743/1743 1744/1744/1744
f 1723/1723/1723 1738/1738/1738 1694/1694/1694
f 1745/1745/1745 1732/1732/1732 1708/1708/1708
f 1723/1723/1723 1739/1739/1739 1738/1738/1738
f 1746/1746/1746 1747/1747/1747 1748/1748/1748
f 1723/1723/1723 1732/1732/1732 1745/1745/1745
f 1749/1749/1749 1750/1750/1750 1751/1751/1751
f 1752/1752/1752 1753/1753/1753 1754/1754/1754
f 1755/1755/1755 1705/1705/1705 1756/1756/1756
f 1716/1716/1716 1757/1757/1757 1756/1756/1756
f 1758/1758/1758 1739/1739/1739 1723/1723/1723
f 1742/1742/1742 1759/1759/1759 1706/1706/1706
f 1760/1760/1760 1745/1745/1745 1761/1761/1761
f 1762/1762/1762 1763/1763/1763 1764/1764/1764
f 1752/1752/1752 1765/1765/1765 1766/1766/1766
f 1754/1754/1754 1767/1767/1767 1751/1751/1751
f 1745/1745/1745 1758/1758/1758 1723/1723/1723
f 1768/1768/1768 1714/1714/1714 1769/1769/1769
f 1770/1770/1770 1771/1771/1771 1699/1699/1699
f 1704/1704/1704 1759/1759/1759 1772/1772/1772
f 1710/1710/1710 1712/1712/1712 1734/1734/1734
f 1751/1751/1751 1767/1767/1767 1773/1773/1773
f 1774/1774/1774 1715/1715/1715 1775/1775/1775
f 1718/1718/1718 1717/1717/1717 1776/1776/1776
f 1736/1736/1736 1726/1726/1726 1777/1777/1777
f 1778/1778/1778 1745/1745/1745 1707/1707/1707
f 1731/1731/1731 1713/1713/1713 1774/1774/1774
f 1707/1707/1707 1779/1779/1779 1780/1780/1780
f 1729/1729/1729 1728/1728/1728 1781/1781/1781
f 1700/1700/1700 1782/1782/1782 1740/1740/1740
f 1758/1758/1758 1760/1760/1760 1739/1739/1739
f 1760/1760/1760 1758/1758/1758 1745/1745/1745
f 1783/1783/1783 1784/1784/1784 1707/1707/1707
f 1785/1785/1785 1699/1699/1699 1771/1771/1771
f 1741/1741/1741 1784/1784/1784 1783/1783/1783
f 1786/1786/1786 1770/1770/1770 1698/1698/1698
f 1784/1784/1784 1787/1787/1787 1778/1778/1778
f 1788/1788/1788 1775/1775/1775 1789/1789/1789
f 1786/1786/1786 1729/1729/1729 1781/1781/1781
f 1790/1790/1790 1791/1791/1791 1792/1792/1792
f 1760/1760/1760 1793/1793/1793 1794/1794/1794
f 1795/1795/1795 1717/1717/1717 1716/1716/1716
f 1785/1785/1785 1791/1791/1791 1790/1790/1790
f 1754/1754/1754 1796/1796/1796 1752/1752/1752
f 1726/1726/1726 1736/1736/1736 1797/1797/1797
f 1798/1798/1798 1742/1742/1742 1799/1799/1799
f 1749/1749/1749 1709/1709/1709 1733/1733/1733
f 1787/1787/1787 1784/1784/1784 1741/1741/1741
f 1759/1759/1759 1764/1764/1764 1772/1772/1772
f 1787/1787/1787 1800/1800/1800 1761/1761/1761
f 1785/1785/1785 1782/1782/1782 1699/1699/1699
f 1698/1698/1698 1729/1729/1729 1786/1786/1786
f 1761/1761/1761 1800/1800/1800 1801/1801/1801
f 1802/1802/1802 1803/1803/1803 1804/1804/1804
f 1805/1805/1805 1785/1785/1785 1790/1790/1790
f 1748/1748/1748 1806/1806/1806 1798/1798/1798
f 1698/1698/1698 1770/1770/1770 1699/1699/1699
f 1807/1807/1807 1781/1781/1781 1728/1728/1728
f 1808/1808/1808 1759/1759/1759 1742/1742/1742
f 1733/1733/1733 1708/1708/1708 1803/1803/1803
f 1745/1745/1745 1708/1708/1708 1707/1707/1707
f 1805/1805/1805 1782/1782/1782 1785/1785/1785
f 1741/1741/1741 1809/1809/1809 1800/1800/1800
f 1809/1809/1809 1741/1741/1741 1740/1740/1740
f 1810/1810/1810 1747/1747/1747 1746/1746/1746
f 1811/1811/1811 1812/1812/1812 1765/1765/1765
f 1763/1763/1763 1802/1802/1802 1764/1764/1764
f 1780/1780/1780 1729/1729/1729 1698/1698/1698
f 1749/1749/1749 1802/1802/1802 1750/1750/1750
f 1813/1813/1813 1721/1721/1721 1814/1814/1814
f 1755/1755/1755 1756/1756/1756 1757/1757/1757
f 1778/1778/1778 1707/1707/1707 1784/1784/1784
f 1735/1735/1735 1734/1734/1734 1815/1815/1815
f 1715/1715/1715 1774/1774/1774 1713/1713/1713
f 1816/1816/1816 1718/1718/1718 1776/1776/1776
f 1804/1804/1804 1764/1764/1764 1802/1802/1802
f 1817/1817/1817 1800/1800/1800 1809/1809/1809
f 1718/1718/1718 1816/1816/1816 1818/1818/1818
f 1720/1720/1720 1719/1719/1719 1819/1819/1819
f 1820/1820/1820 1703/1703/1703 1702/1702/1702
f 1703/1703/1703 1744/1744/1744 1701/1701/1701
f 1739/1739/1739 1760/1760/1760 1794/1794/1794
f 1762/1762/1762 1806/1806/1806 1821/1821/1821
f 1773/1773/1773 1807/1807/1807 1728/1728/1728
f 1822/1822/1822 1807/1807/1807 1773/1773/1773
f 1783/1783/1783 1700/1700/1700 1741/1741/1741
f 1700/1700/1700 1783/1783/1783 1698/1698/1698
f 1823/1823/1823 1824/1824/1824 1796/1796/1796
f 1750/1750/1750 1825/1825/1825 1754/1754/1754
f 1801/1801/1801 1760/1760/1760 1761/1761/1761
f 1782/1782/1782 1805/1805/1805 1740/1740/1740
f 1769/1769/1769 1714/1714/1714 1730/1730/1730
f 1731/1731/1731 1724/1724/1724 1730/1730/1730
f 1800/1800/1800 1787/1787/1787 1741/1741/1741
f 1743/1743/1743 1701/1701/1701 1744/1744/1744
f 1806/1806/1806 1824/1824/1824 1823/1823/1823
f 1826/1826/1826 1788/1788/1788 1686/1686/1686
f 1743/1743/1743 1706/1706/1706 1815/1815/1815
f 1722/1722/1722 1804/1804/1804 1803/1803/1803
f 1764/1764/1764 1759/1759/1759 1808/1808/1808
f 1727/1727/1727 1729/1729/1729 1780/1780/1780
f 1806/1806/1806 1748/1748/1748 1747/1747/1747
f 1773/1773/1773 1728/1728/1728 1727/1727/1727
f 1822/1822/1822 1752/1752/1752 1766/1766/1766
f 1724/1724/1724 1696/1696/1696 1730/1730/1730
f 1685/1685/1685 1826/1826/1826 1686/1686/1686
f 1826/1826/1826 1827/1827/1827 1788/1788/1788
f 1822/1822/1822 1773/1773/1773 1752/1752/1752
f 1749/1749/1749 1733/1733/1733 1803/1803/1803
f 1796/1796/1796 1754/1754/1754 1825/1825/1825
f 1779/1779/1779 1727/1727/1727 1780/1780/1780
f 1828/1828/1828 1773/1773/1773 1727/1727/1727
f 1802/1802/1802 1749/1749/1749 1803/1803/1803
f 1829/1829/1829 1795/1795/1795 1716/1716/1716
f 1814/1814/1814 1776/1776/1776 1717/1717/1717
f 1830/1830/1830 1737/1737/1737 1739/1739/1739
f 1735/1735/1735 1815/1815/1815 1757/1757/1757
f 1753/1753/1753 1752/1752/1752 1773/1773/1773
f 1721/1721/1721 1813/1813/1813 1795/1795/1795
f 1761/1761/1761 1745/1745/1745 1778/1778/1778
f 1779/1779/1779 1828/1828/1828 1727/1727/1727
f 1773/1773/1773 1828/1828/1828 1751/1751/1751
f 1809/1809/1809 1740/1740/1740 1831/1831/1831
f 1721/1721/1721 1720/1720/1720 1814/1814/1814
f 1736/1736/1736 1697/1697/1697 1797/1797/1797
f 1724/1724/1724 1731/1731/1731 1832/1832/1832
f 1743/1743/1743 1742/1742/1742 1706/1706/1706
f 1736/1736/1736 1695/1695/1695 1697/1697/1697
f 1690/1690/1690 1833/1833/1833 1834/1834/1834
f 1712/1712/1712 1702/1702/1702 1734/1734/1734
f 1829/1829/1829 1716/1716/1716 1835/1835/1835
f 1719/1719/1719 1736/1736/1736 1819/1819/1819
f 1752/1752/1752 1796/1796/1796 1765/1765/1765
f 1773/1773/1773 1767/1767/1767 1753/1753/1753
f 1726/1726/1726 1797/1797/1797 1724/1724/1724
f 1836/1836/1836 1827/1827/1827 1826/1826/1826
f 1765/1765/1765 1796/1796/1796 1824/1824/1824
f 1686/1686/1686 1788/1788/1788 1789/1789/1789
f 1740/1740/1740 1805/1805/1805 1831/1831/1831
f 1724/1724/1724 1832/1832/1832 1725/1725/1725
f 1756/1756/1756 1704/1704/1704 1837/1837/1837
f 1828/1828/1828 1779/1779/1779 1709/1709/1709
f 1726/1726/1726 1725/1725/1725 1777/1777/1777
f 1779/1779/1779 1707/1707/1707 1709/1709/1709
f 1747/1747/1747 1811/1811/1811 1824/1824/1824
f 1819/1819/1819 1736/1736/1736 1777/1777/1777
f 1780/1780/1780 1783/1783/1783 1707/1707/1707
f 1828/1828/1828 1749/1749/1749 1751/1751/1751
f 1805/1805/1805 1790/1790/1790 1792/1792/1792
f 1753/1753/1753 1767/1767/1767 1754/1754/1754
f 1838/1838/1838 1725/1725/1725 1832/1832/1832
f 1817/1817/1817 1801/1801/1801 1800/1800/1800
f 1749/1749/1749 1828/1828/1828 1709/1709/1709
f 1811/1811/1811 1765/1765/1765 1824/1824/1824
f 1815/1815/1815 1755/1755/1755 1757/1757/1757
f 1813/1813/1813 1814/1814/1814 1717/1717/1717
f 1783/1783/1783 1780/1780/1780 1698/1698/1698
f 1835/1835/1835 1839/1839/1839 1829/1829/1829
f 1716/1716/1716 1756/1756/1756 1835/1835/1835
f 1840/1840/1840 1839/1839/1839 1835/1835/1835
f 1756/1756/1756 1840/1840/1840 1835/1835/1835
f 1798/1798/1798 1799/1799/1799 1748/1748/1748
f 1750/1750/1750 1754/1754/1754 1751/1751/1751
f 1699/1699/1699 1782/1782/1782 1700/1700/1700
f 1829/1829/1829 1841/1841/1841 1730/1730/1730
f 1716/1716/1716 1818/1818/1818 1735/1735/1735
f 1796/1796/1796 1825/1825/1825 1823/1823/1823
f 1696/1696/1696 1721/1721/1721 1795/1795/1795
f 1763/1763/1763 1750/1750/1750 1802/1802/1802
f 1696/1696/1696 1795/1795/1795 1829/1829/1829
f 1714/1714/1714 1768/1768/1768 1715/1715/1715
f 1689/1689/1689 1842/1842/1842 1843/1843/1843
f 1824/1824/1824 1806/1806/1806 1747/1747/1747
f 1742/1742/1742 1798/1798/1798 1808/1808/1808
f 1840/1840/1840 1756/1756/1756 1844/1844/1844
f 1841/1841/1841 1843/1843/1843 1730/1730/1730
f 1717/1717/1717 1795/1795/1795 1813/1813/1813
f 1715/1715/1715 1768/1768/1768 1789/1789/1789
f 1811/1811/1811 1747/1747/1747 1810/1810/1810
f 1842/1842/1842 1769/1769/1769 1843/1843/1843
f 1842/1842/1842 1768/1768/1768 1769/1769/1769
f 1806/1806/1806 1823/1823/1823 1821/1821/1821
f 1750/1750/1750 1823/1823/1823 1825/1825/1825
f 1806/1806/1806 1762/1762/1762 1798/1798/1798
f 1708/1708/1708 1722/1722/1722 1803/1803/1803
f 1843/1843/1843 1769/1769/1769 1730/1730/1730
f 1763/1763/1763 1823/1823/1823 1750/1750/1750
f 1738/1738/1738 1737/1737/1737 1685/1685/1685
f 1821/1821/1821 1823/1823/1823 1763/1763/1763
f 1684/1684/1684 1694/1694/1694 1685/1685/1685
f 1746/1746/1746 1845/1845/1845 1810/1810/1810
f 1841/1841/1841 1840/1840/1840 1844/1844/1844
f 1837/1837/1837 1844/1844/1844 1756/1756/1756
f 1763/1763/1763 1762/1762/1762 1821/1821/1821
f 1804/1804/1804 1722/1722/1722 1772/1772/1772
f 1764/1764/1764 1804/1804/1804 1772/1772/1772
f 1808/1808/1808 1798/1798/1798 1762/1762/1762
f 1764/1764/1764 1808/1808/1808 1762/1762/1762
f 1843/1843/1843 1841/1841/1841 1846/1846/1846
f 1744/1744/1744 1746/1746/1746 1748/1748/1748
f 1746/1746/1746 1744/1744/1744 1845/1845/1845
f 1748/1748/1748 1799/1799/1799 1744/1744/1744
f 1787/1787/1787 1761/1761/1761 1778/1778/1778
f 1789/1789/1789 1768/1768/1768 1842/1842/1842
f 1696/1696/1696 1829/1829/1829 1730/1730/1730
f 1703/1703/1703 1845/1845/1845 1744/1744/1744
f 1846/1846/1846 1841/1841/1841 1844/1844/1844
f 1833/1833/1833 1844/1844/1844 1837/1837/1837
f 1744/1744/1744 1799/1799/1799 1742/1742/1742
f 1759/1759/1759 1704/1704/1704 1706/1706/1706
f 1794/1794/1794 1830/1830/1830 1739/1739/1739
f 1702/1702/1702 1701/1701/1701 1734/1734/1734
f 1840/1840/1840 1841/1841/1841 1839/1839/1839
f 1834/1834/1834 1837/1837/1837 1704/1704/1704
f 1837/1837/1837 1834/1834/1834 1833/1833/1833
f 1692/1692/1692 1834/1834/1834 1722/1722/1722
f 1721/1721/1721 1695/1695/1695 1719/1719/1719
f 1701/1701/1701 1743/1743/1743 1734/1734/1734
f 1789/1789/1789 1842/1842/1842 1684/1684/1684
f 1691/1691/1691 1846/1846/1846 1844/1844/1844
f 1738/1738/1738 1685/1685/1685 1694/1694/1694
f 1690/1690/1690 1844/1844/1844 1833/1833/1833
f 1756/1756/1756 1705/1705/1705 1704/1704/1704
f 1705/1705/1705 1755/1755/1755 1706/1706/1706
f 1846/1846/1846 1691/1691/1691 1689/1689/1689
f 1772/1772/1772 1834/1834/1834 1704/1704/1704
f 1847/1847/1847 1820/1820/1820 1702/1702/1702
f 1818/1818/1818 1710/1710/1710 1735/1735/1735
f 1743/1743/1743 1815/1815/1815 1734/1734/1734
f 1684/1684/1684 1686/1686/1686 1789/1789/1789
f 1755/1755/1755 1815/1815/1815 1706/1706/1706
f 1702/1702/1702 1712/1712/1712 1847/1847/1847
f 1684/1684/1684 1842/1842/1842 1688/1688/1688
f 1711/1711/1711 1847/1847/1847 1712/1712/1712
f 1757/1757/1757 1716/1716/1716 1735/1735/1735
f 1832/1832/1832 1731/1731/1731 1838/1838/1838
f 1689/1689/1689 1843/1843/1843 1846/1846/1846
f 1839/1839/1839 1841/1841/1841 1829/1829/1829
f 1737/1737/1737 1830/1830/1830 1836/1836/1836
f 1685/1685/1685 1737/1737/1737 1836/1836/1836
f 1688/1688/1688 1842/1842/1842 1689/1689/1689
f 1690/1690/1690 1691/1691/1691 1844/1844/1844
f 1836/1836/1836 1826/1826/1826 1685/1685/1685
f 1696/1696/1696 1724/1724/1724 1697/1697/1697
f 1697/1697/1697 1724/1724/1724 1797/1797/1797
f 1689/1689/1689 1691/1691/1691 1687/1687/1687
f 1722/1722/1722 1834/1834/1834 1772/1772/1772
f 1731/1731/1731 1714/1714/1714 1713/1713/1713
f 1690/1690/1690 1834/1834/1834 1692/1692/1692
f 1789/1789/1789 1775/1775/1775 1715/1715/1715
f 1696/1696/1696 1695/1695/1695 1721/1721/1721
f 1816/1816/1816 1848/1848/1848 1818/1818/1818
f 1694/1694/1694 1684/1684/1684 1688/1688/1688
f 1818/1818/1818 1716/1716/1716 1718/1718/1718
f 1710/1710/1710 1818/1818/1818 1848/1848/1848
f 1723/1723/1723 1693/1693/1693 1732/1732/1732
f 1793/1793/1793 1760/1760/1760 1801/1801/1801
f 1849/1849/1849 1850/1850/1850 1851/1851/1851
f 1852/1852/1852 1853/1853/1853 1854/1854/1854
f 1854/1854/1854 1855/1855/1855 1852/1852/1852
f 1856/1856/1856 1857/1857/1857 1858/1858/1858
f 1859/1859/1859 1860/1860/1860 1861/1861/1861
f 1862/1862/1862 1863/1863/1863 1864/1864/1864
f 1865/1865/1865 1866/1866/1866 1867/1867/1867
f 1868/1868/1868 1869/1869/1869 1870/1870/1870
f 1871/1871/1871 1870/1870/1870 1872/1872/1872
f 1873/1873/1873 1874/1874/1874 1875/1875/1875
f 1876/1876/1876 1877/1877/1877 1874/1874/1874
f 1870/1870/1870 1856/1856/1856 1868/1868/1868
f 1878/1878/1878 1879/1879/1879 1872/1872/1872
f 1861/1861/1861 1878/1878/1878 1880/1880/1880
f 1879/1879/1879 1871/1871/1871 1872/1872/1872
f 1867/1867/1867 1881/1881/1881 1865/1865/1865
f 1882/1882/1882 1883/1883/1883 1884/1884/1884
f 1885/1885/1885 1886/1886/1886 1887/1887/1887
f 1870/1870/1870 1871/1871/1871 1856/1856/1856
f 1878/1878/1878 1860/1860/1860 1879/1879/1879
f 1888/1888/1888 1889/1889/1889 1890/1890/1890
f 1891/1891/1891 1892/1892/1892 1893/1893/1893
f 1856/1856/1856 1858/1858/1858 1894/1894/1894
f 1893/1893/1893 1895/1895/1895 1896/1896/1896
f 1897/1897/1897 1879/1879/1879 1898/1898/1898
f 1899/1899/1899 1900/1900/1900 1849/1849/1849
f 1898/1898/1898 1857/1857/1857 1897/1897/1897
f 1901/1901/1901 1881/1881/1881 1864/1864/1864
f 1902/1902/1902 1903/1903/1903 1904/1904/1904
f 1905/1905/1905 1906/1906/1906 1907/1907/1907
f 1899/1899/1899 1908/1908/1908 1909/1909/1909
f 1910/1910/1910 1911/1911/1911 1912/1912/1912
f 1861/1861/1861 1913/1913/1913 1859/1859/1859
f 1914/1914/1914 1915/1915/1915 1885/1885/1885
f 1909/1909/1909 1916/1916/1916 1899/1899/1899
f 1917/1917/1917 1918/1918/1918 1895/1895/1895
f 1852/1852/1852 1919/1919/1919 1920/1920/1920
f 1885/1885/1885 1849/1849/1849 1851/1851/1851
f 1886/1886/1886 1921/1921/1921 1887/1887/1887
f 1922/1922/1922 1923/1923/1923 1924/1924/1924
f 1925/1925/1925 1926/1926/1926 1920/1920/1920
f 1858/1858/1858 1926/1926/1926 1875/1875/1875
f 1925/1925/1925 1920/1920/1920 1919/1919/1919
f 1927/1927/1927 1928/1928/1928 1929/1929/1929
f 1925/1925/1925 1930/1930/1930 1926/1926/1926
f 1925/1925/1925 1919/1919/1919 1930/1930/1930
f 1851/1851/1851 1886/1886/1886 1885/1885/1885
f 1888/1888/1888 1850/1850/1850 1889/1889/1889
f 1931/1931/1931 1928/1928/1928 1927/1927/1927
f 1932/1932/1932 1914/1914/1914 1933/1933/1933
f 1934/1934/1934 1875/1875/1875 1930/1930/1930
f 1935/1935/1935 1936/1936/1936 1891/1891/1891
f 1937/1937/1937 1910/1910/1910 1912/1912/1912
f 1869/1869/1869 1938/1938/1938 1870/1870/1870
f 1908/1908/1908 1939/1939/1939 1909/1909/1909
f 1910/1910/1910 1940/1940/1940 1941/1941/1941
f 1932/1932/1932 1921/1921/1921 1891/1891/1891
f 1942/1942/1942 1943/1943/1943 1859/1859/1859
f 1862/1862/1862 1944/1944/1944 1863/1863/1863
f 1929/1929/1929 1945/1945/1945 1927/1927/1927
f 1929/1929/1929 1851/1851/1851 1946/1946/1946
f 1947/1947/1947 1948/1948/1948 1944/1944/1944
f 1949/1949/1949 1950/1950/1950 1886/1886/1886
f 1892/1892/1892 1895/1895/1895 1893/1893/1893
f 1950/1950/1950 1892/1892/1892 1921/1921/1921
f 1891/1891/1891 1893/1893/1893 1935/1935/1935
f 1928/1928/1928 1931/1931/1931 1951/1951/1951
f 1904/1904/1904 1939/1939/1939 1902/1902/1902
f 1915/1915/1915 1914/1914/1914 1902/1902/1902
f 1949/1949/1949 1951/1951/1951 1950/1950/1950
f 1952/1952/1952 1953/1953/1953 1954/1954/1954
f 1955/1955/1955 1917/1917/1917 1956/1956/1956
f 1957/1957/1957 1947/1947/1947 1958/1958/1958
f 1926/1926/1926 1858/1858/1858 1920/1920/1920
f 1914/1914/1914 1932/1932/1932 1903/1903/1903
f 1921/1921/1921 1892/1892/1892 1891/1891/1891
f 1931/1931/1931 1917/1917/1917 1951/1951/1951
f 1907/1907/1907 1906/1906/1906 1918/1918/1918
f 1849/1849/1849 1900/1900/1900 1850/1850/1850
f 1959/1959/1959 1948/1948/1948 1957/1957/1957
f 1960/1960/1960 1862/1862/1862 1864/1864/1864
f 1916/1916/1916 1961/1961/1961 1899/1899/1899
f 1962/1962/1962 1963/1963/1963 1964/1964/1964
f 1914/1914/1914 1903/1903/1903 1902/1902/1902
f 1961/1961/1961 1965/1965/1965 1900/1900/1900
f 1888/1888/1888 1966/1966/1966 1967/1967/1967
f 1951/1951/1951 1949/1949/1949 1928/1928/1928
f 1968/1968/1968 1889/1889/1889 1965/1965/1965
f 1964/1964/1964 1969/1969/1969 1970/1970/1970
f 1971/1971/1971 1945/1945/1945 1972/1972/1972
f 1942/1942/1942 1859/1859/1859 1913/1913/1913
f 1973/1973/1973 1974/1974/1974 1971/1971/1971
f 1975/1975/1975 1976/1976/1976 1977/1977/1977
f 1917/1917/1917 1905/1905/1905 1907/1907/1907
f 1944/1944/1944 1862/1862/1862 1947/1947/1947
f 1851/1851/1851 1850/1850/1850 1946/1946/1946
f 1978/1978/1978 1931/1931/1931 1927/1927/1927
f 1957/1957/1957 1948/1948/1948 1947/1947/1947
f 1900/1900/1900 1899/1899/1899 1961/1961/1961
f 1851/1851/1851 1928/1928/1928 1949/1949/1949
f 1979/1979/1979 1962/1962/1962 1975/1975/1975
f 1933/1933/1933 1921/1921/1921 1932/1932/1932
f 1980/1980/1980 1895/1895/1895 1892/1892/1892
f 1860/1860/1860 1943/1943/1943 1981/1981/1981
f 1849/1849/1849 1982/1982/1982 1899/1899/1899
f 1981/1981/1981 1983/1983/1983 1898/1898/1898
f 1939/1939/1939 1908/1908/1908 1984/1984/1984
f 1918/1918/1918 1896/1896/1896 1895/1895/1895
f 1861/1861/1861 1985/1985/1985 1913/1913/1913
f 1986/1986/1986 1940/1940/1940 1937/1937/1937
f 1987/1987/1987 1988/1988/1988 1881/1881/1881
f 1930/1930/1930 1875/1875/1875 1926/1926/1926
f 1915/1915/1915 1902/1902/1902 1984/1984/1984
f 1970/1970/1970 1969/1969/1969 1883/1883/1883
f 1916/1916/1916 1986/1986/1986 1937/1937/1937
f 1910/1910/1910 1937/1937/1937 1940/1940/1940
f 1924/1924/1924 1989/1989/1989 1922/1922/1922
f 1933/1933/1933 1885/1885/1885 1887/1887/1887
f 1872/1872/1872 1870/1870/1870 1938/1938/1938
f 1918/1918/1918 1990/1990/1990 1896/1896/1896
f 1958/1958/1958 1909/1909/1909 1957/1957/1957
f 1916/1916/1916 1991/1991/1991 1961/1961/1961
f 1855/1855/1855 1854/1854/1854 1992/1992/1992
f 1853/1853/1853 1952/1952/1952 1993/1993/1993
f 1906/1906/1906 1990/1990/1990 1918/1918/1918
f 1966/1966/1966 1994/1994/1994 1967/1967/1967
f 1882/1882/1882 1995/1995/1995 1938/1938/1938
f 1918/1918/1918 1917/1917/1917 1907/1907/1907
f 1875/1875/1875 1894/1894/1894 1858/1858/1858
f 1920/1920/1920 1858/1858/1858 1853/1853/1853
f 1950/1950/1950 1921/1921/1921 1886/1886/1886
f 1892/1892/1892 1950/1950/1950 1980/1980/1980
f 1966/1966/1966 1888/1888/1888 1890/1890/1890
f 1885/1885/1885 1933/1933/1933 1914/1914/1914
f 1980/1980/1980 1950/1950/1950 1917/1917/1917
f 1964/1964/1964 1975/1975/1975 1962/1962/1962
f 1996/1996/1996 1983/1983/1983 1981/1981/1981
f 1997/1997/1997 1998/1998/1998 1999/1999/1999
f 1997/1997/1997 2000/2000/2000 1942/1942/1942
f 1889/1889/1889 1900/1900/1900 1965/1965/1965
f 1928/1928/1928 1851/1851/1851 1929/1929/1929
f 1897/1897/1897 1871/1871/1871 1879/1879/1879
f 1951/1951/1951 1917/1917/1917 1950/1950/1950
f 1987/1987/1987 1881/1881/1881 1901/1901/1901
f 1981/1981/1981 1879/1879/1879 1860/1860/1860
f 1965/1965/1965 1991/1991/1991 1968/1968/1968
f 1874/1874/1874 1868/1868/1868 1856/1856/1856
f 1913/1913/1913 1985/1985/1985 1998/1998/1998
f 1967/1967/1967 1972/1972/1972 1945/1945/1945
f 1913/1913/1913 1998/1998/1998 1997/1997/1997
f 1942/1942/1942 1913/1913/1913 1997/1997/1997
f 1857/1857/1857 1871/1871/1871 1897/1897/1897
f 1890/1890/1890 1889/1889/1889 1968/1968/1968
f 2001/2001/2001 1971/1971/1971 1972/1972/1972
f 1920/1920/1920 1853/1853/1853 1852/1852/1852
f 2001/2001/2001 1973/1973/1973 1971/1971/1971
f 1971/1971/1971 1974/1974/1974 1945/1945/1945
f 1983/1983/1983 2002/2002/2002 1954/1954/1954
f 1967/1967/1967 1946/1946/1946 1850/1850/1850
f 2003/2003/2003 1972/1972/1972 1994/1994/1994
f 1974/1974/1974 1978/1978/1978 1927/1927/1927
f 1911/1911/1911 2004/2004/2004 1882/1882/1882
f 2005/2005/2005 1996/1996/1996 1981/1981/1981
f 1977/1977/1977 1976/1976/1976 1873/1873/1873
f 1975/1975/1975 1964/1964/1964 1976/1976/1976
f 1967/1967/1967 1994/1994/1994 1972/1972/1972
f 1894/1894/1894 1874/1874/1874 1856/1856/1856
f 1984/1984/1984 1902/1902/1902 1939/1939/1939
f 1917/1917/1917 1931/1931/1931 1956/1956/1956
f 1924/1924/1924 1890/1890/1890 1989/1989/1989
f 1958/1958/1958 1862/1862/1862 1986/1986/1986
f 1849/1849/1849 1885/1885/1885 1982/1982/1982
f 1916/1916/1916 1958/1958/1958 1986/1986/1986
f 2006/2006/2006 1893/1893/1893 1896/1896/1896
f 1990/1990/1990 2006/2006/2006 1896/1896/1896
f 2007/2007/2007 2008/2008/2008 1985/1985/1985
f 1972/1972/1972 2003/2003/2003 2001/2001/2001
f 1861/1861/1861 2007/2007/2007 1985/1985/1985
f 1865/1865/1865 2007/2007/2007 1866/1866/1866
f 1983/1983/1983 1954/1954/1954 1898/1898/1898
f 1875/1875/1875 1874/1874/1874 1894/1894/1894
f 1937/1937/1937 1991/1991/1991 1916/1916/1916
f 1994/1994/1994 1966/1966/1966 1924/1924/1924
f 1924/1924/1924 1966/1966/1966 1890/1890/1890
f 1890/1890/1890 1968/1968/1968 1989/1989/1989
f 1937/1937/1937 1912/1912/1912 1991/1991/1991
f 2003/2003/2003 1994/1994/1994 1962/1962/1962
f 1880/1880/1880 1878/1878/1878 1872/1872/1872
f 1957/1957/1957 1939/1939/1939 1959/1959/1959
f 1958/1958/1958 1947/1947/1947 1862/1862/1862
f 1923/1923/1923 1994/1994/1994 1924/1924/1924
f 1989/1989/1989 1991/1991/1991 2009/2009/2009
f 2001/2001/2001 2003/2003/2003 2010/2010/2010
f 1962/1962/1962 1979/1979/1979 2003/2003/2003
f 1908/1908/1908 1982/1982/1982 1915/1915/1915
f 1958/1958/1958 1916/1916/1916 1909/1909/1909
f 1986/1986/1986 1862/1862/1862 1960/1960/1960
f 2009/2009/2009 1991/1991/1991 1912/1912/1912
f 1982/1982/1982 1885/1885/1885 1915/1915/1915
f 2009/2009/2009 1922/1922/1922 1989/1989/1989
f 1979/1979/1979 2010/2010/2010 2003/2003/2003
f 2011/2011/2011 1912/1912/1912 1969/1969/1969
f 1923/1923/1923 1963/1963/1963 1962/1962/1962
f 1921/1921/1921 1933/1933/1933 1887/1887/1887
f 1993/1993/1993 1952/1952/1952 1954/1954/1954
f 1940/1940/1940 1986/1986/1986 1960/1960/1960
f 2009/2009/2009 1912/1912/1912 2011/2011/2011
f 1915/1915/1915 1984/1984/1984 1908/1908/1908
f 2009/2009/2009 1923/1923/1923 1922/1922/1922
f 2007/2007/2007 1988/1988/1988 2008/2008/2008
f 2011/2011/2011 1963/1963/1963 1923/1923/1923
f 1961/1961/1961 1991/1991/1991 1965/1965/1965
f 1886/1886/1886 1851/1851/1851 1949/1949/1949
f 1864/1864/1864 1863/1863/1863 1901/1901/1901
f 1940/1940/1940 1960/1960/1960 1864/1864/1864
f 1911/1911/1911 1884/1884/1884 1912/1912/1912
f 2004/2004/2004 1911/1911/1911 1910/1910/1910
f 1923/1923/1923 2009/2009/2009 2011/2011/2011
f 1976/1976/1976 2012/2012/2012 1873/1873/1873
f 1953/1953/1953 1857/1857/1857 1954/1954/1954
f 1969/1969/1969 1963/1963/1963 2011/2011/2011
f 1939/1939/1939 1957/1957/1957 1909/1909/1909
f 1964/1964/1964 1963/1963/1963 1969/1969/1969
f 1882/1882/1882 1938/1938/1938 1883/1883/1883
f 1899/1899/1899 1982/1982/1982 1908/1908/1908
f 1864/1864/1864 1881/1881/1881 1940/1940/1940
f 1970/1970/1970 1883/1883/1883 1869/1869/1869
f 1910/1910/1910 1941/1941/1941 2004/2004/2004
f 1941/1941/1941 1940/1940/1940 1867/1867/1867
f 1884/1884/1884 1969/1969/1969 1912/1912/1912
f 1884/1884/1884 1911/1911/1911 1882/1882/1882
f 1923/1923/1923 1962/1962/1962 1994/1994/1994
f 1917/1917/1917 1895/1895/1895 1980/1980/1980
f 1976/1976/1976 1964/1964/1964 1970/1970/1970
f 1940/1940/1940 1881/1881/1881 1867/1867/1867
f 1943/1943/1943 2005/2005/2005 1981/1981/1981
f 1850/1850/1850 1888/1888/1888 1967/1967/1967
f 1981/1981/1981 1898/1898/1898 1879/1879/1879
f 1945/1945/1945 1974/1974/1974 1927/1927/1927
f 2013/2013/2013 1880/1880/1880 1995/1995/1995
f 1946/1946/1946 1967/1967/1967 1945/1945/1945
f 2013/2013/2013 2007/2007/2007 1861/1861/1861
f 2002/2002/2002 1993/1993/1993 1954/1954/1954
f 1991/1991/1991 1989/1989/1989 1968/1968/1968
f 1954/1954/1954 1857/1857/1857 1898/1898/1898
f 1992/1992/1992 1854/1854/1854 1993/1993/1993
f 1941/1941/1941 2013/2013/2013 2004/2004/2004
f 1999/1999/1999 2000/2000/2000 1997/1997/1997
f 2013/2013/2013 1941/1941/1941 1867/1867/1867
f 1969/1969/1969 1884/1884/1884 1883/1883/1883
f 1988/1988/1988 1865/1865/1865 1881/1881/1881
f 1942/1942/1942 2005/2005/2005 1943/1943/1943
f 1992/1992/1992 2014/2014/2014 1855/1855/1855
f 1861/1861/1861 1860/1860/1860 1878/1878/1878
f 1882/1882/1882 2004/2004/2004 1995/1995/1995
f 1976/1976/1976 1970/1970/1970 2012/2012/2012
f 1953/1953/1953 1952/1952/1952 1853/1853/1853
f 1995/1995/1995 2004/2004/2004 2013/2013/2013
f 1946/1946/1946 1945/1945/1945 1929/1929/1929
f 1873/1873/1873 2015/2015/2015 1977/1977/1977
f 1970/1970/1970 1868/1868/1868 2012/2012/2012
f 2007/2007/2007 1865/1865/1865 1988/1988/1988
f 1861/1861/1861 1880/1880/1880 2013/2013/2013
f 2013/2013/2013 1866/1866/1866 2007/2007/2007
f 1868/1868/1868 1970/1970/1970 1869/1869/1869
f 1869/1869/1869 1883/1883/1883 1938/1938/1938
f 1872/1872/1872 1938/1938/1938 1995/1995/1995
f 1934/1934/1934 2015/2015/2015 1873/1873/1873
f 1873/1873/1873 2012/2012/2012 1876/1876/1876
f 1856/1856/1856 1871/1871/1871 1857/1857/1857
f 1868/1868/1868 1877/1877/1877 2012/2012/2012
f 1853/1853/1853 1993/1993/1993 1854/1854/1854
f 1943/1943/1943 1860/1860/1860 1859/1859/1859
f 1995/1995/1995 1880/1880/1880 1872/1872/1872
f 1936/1936/1936 1932/1932/1932 1891/1891/1891
f 1932/1932/1932 1936/1936/1936 1903/1903/1903
f 1850/1850/1850 1900/1900/1900 1889/1889/1889
f 1905/1905/1905 1917/1917/1917 1955/1955/1955
f 1959/1959/1959 1939/1939/1939 1904/1904/1904
f 1875/1875/1875 1934/1934/1934 1873/1873/1873
f 1858/1858/1858 1857/1857/1857 1953/1953/1953
f 1876/1876/1876 1874/1874/1874 1873/1873/1873
f 1877/1877/1877 1876/1876/1876 2012/2012/2012
f 1858/1858/1858 1953/1953/1953 1853/1853/1853
f 1874/1874/1874 1877/1877/1877 1868/1868/1868
f 1867/1867/1867 1866/1866/1866 2013/2013/2013
f 2016/2016/2016 2017/2017/2017 2018/2018/2018
f 2019/2019/2019 2020/2020/2020 2021/2021/2021
f 2022/2022/2022 2023/2023/2023 2020/2020/2020
f 2024/2024/2024 2025/2025/2025 2016/2016/2016
f 2024/2024/2024 2026/2026/2026 2027/2027/2027
f 2026/2026/2026 2024/2024/2024 2028/2028/2028
f 2029/2029/2029 2016/2016/2016 2018/2018/2018
f 2030/2030/2030 2031/2031/2031 2032/2032/2032
f 2033/2033/2033 2034/2034/2034 2035/2035/2035
f 2036/2036/2036 2032/2032/2032 2031/2031/2031
f 2017/2017/2017 2016/2016/2016 2025/2025/2025
f 2037/2037/2037 2038/2038/2038 2039/2039/2039
f 2022/2022/2022 2027/2027/2027 2026/2026/2026
f 2028/2028/2028 2040/2040/2040 2026/2026/2026
f 2041/2041/2041 2029/2029/2029 2018/2018/2018
f 2042/2042/2042 2027/2027/2027 2022/2022/2022
f 2043/2043/2043 2044/2044/2044 2038/2038/2038
f 2022/2022/2022 2026/2026/2026 2040/2040/2040
f 2028/2028/2028 2029/2029/2029 2040/2040/2040
f 2045/2045/2045 2029/2029/2029 2041/2041/2041
f 2019/2019/2019 2042/2042/2042 2022/2022/2022
f 2038/2038/2038 2046/2046/2046 2043/2043/2043
f 2029/2029/2029 2028/2028/2028 2016/2016/2016
f 2040/2040/2040 2029/2029/2029 2045/2045/2045
f 2019/2019/2019 2021/2021/2021 2046/2046/2046
f 2021/2021/2021 2043/2043/2043 2046/2046/2046
f 2023/2023/2023 2047/2047/2047 2020/2020/2020
f 2043/2043/2043 2021/2021/2021 2048/2048/2048
f 2049/2049/2049 2043/2043/2043 2048/2048/2048
f 2049/2049/2049 2048/2048/2048 2050/2050/2050
f 2051/2051/2051 2049/2049/2049 2052/2052/2052
f 2049/2049/2049 2050/2050/2050 2052/2052/2052
f 2034/2034/2034 2033/2033/2033 2053/2053/2053
f 2016/2016/2016 2028/2028/2028 2024/2024/2024
f 2054/2054/2054 2055/2055/2055 2056/2056/2056
f 2057/2057/2057 2045/2045/2045 2058/2058/2058
f 2050/2050/2050 2048/2048/2048 2059/2059/2059
f 2060/2060/2060 2061/2061/2061 2062/2062/2062
f 2035/2035/2035 2051/2051/2051 2052/2052/2052
f 2033/2033/2033 2052/2052/2052 2050/2050/2050
f 2063/2063/2063 2059/2059/2059 2064/2064/2064
f 2057/2057/2057 2058/2058/2058 2065/2065/2065
f 2055/2055/2055 2054/2054/2054 2066/2066/2066
f 2067/2067/2067 2068/2068/2068 2047/2047/2047
f 2069/2069/2069 2060/2060/2060 2070/2070/2070
f 2059/2059/2059 2071/2071/2071 2050/2050/2050
f 2072/2072/2072 2073/2073/2073 2074/2074/2074
f 2050/2050/2050 2071/2071/2071 2033/2033/2033
f 2052/2052/2052 2033/2033/2033 2035/2035/2035
f 2073/2073/2073 2072/2072/2072 2075/2075/2075
f 2057/2057/2057 2065/2065/2065 2076/2076/2076
f 2064/2064/2064 2059/2059/2059 2047/2047/2047
f 2071/2071/2071 2059/2059/2059 2063/2063/2063
f 2030/2030/2030 2077/2077/2077 2056/2056/2056
f 2078/2078/2078 2079/2079/2079 2080/2080/2080
f 2036/2036/2036 2081/2081/2081 2082/2082/2082
f 2033/2033/2033 2071/2071/2071 2053/2053/2053
f 2083/2083/2083 2069/2069/2069 2078/2078/2078
f 2084/2084/2084 2076/2076/2076 2085/2085/2085
f 2082/2082/2082 2086/2086/2086 2036/2036/2036
f 2059/2059/2059 2021/2021/2021 2047/2047/2047
f 2057/2057/2057 2067/2067/2067 2045/2045/2045
f 2079/2079/2079 2087/2087/2087 2088/2088/2088
f 2073/2073/2073 2060/2060/2060 2069/2069/2069
f 2087/2087/2087 2054/2054/2054 2089/2089/2089
f 2056/2056/2056 2090/2090/2090 2054/2054/2054
f 2071/2071/2071 2063/2063/2063 2053/2053/2053
f 2057/2057/2057 2084/2084/2084 2068/2068/2068
f 2078/2078/2078 2070/2070/2070 2079/2079/2079
f 2075/2075/2075 2072/2072/2072 2091/2091/2091
f 2073/2073/2073 2069/2069/2069 2074/2074/2074
f 2068/2068/2068 2067/2067/2067 2057/2057/2057
f 2081/2081/2081 2075/2075/2075 2082/2082/2082
f 2031/2031/2031 2056/2056/2056 2055/2055/2055
f 2070/2070/2070 2087/2087/2087 2079/2079/2079
f 2066/2066/2066 2054/2054/2054 2087/2087/2087
f 2067/2067/2067 2040/2040/2040 2045/2045/2045
f 2063/2063/2063 2091/2091/2091 2053/2053/2053
f 2064/2064/2064 2084/2084/2084 2092/2092/2092
f 2070/2070/2070 2066/2066/2066 2087/2087/2087
f 2020/2020/2020 2047/2047/2047 2021/2021/2021
f 2060/2060/2060 2062/2062/2062 2066/2066/2066
f 2023/2023/2023 2040/2040/2040 2067/2067/2067
f 2093/2093/2093 2034/2034/2034 2074/2074/2074
f 2077/2077/2077 2090/2090/2090 2056/2056/2056
f 2063/2063/2063 2064/2064/2064 2092/2092/2092
f 2023/2023/2023 2067/2067/2067 2047/2047/2047
f 2034/2034/2034 2053/2053/2053 2091/2091/2091
f 2064/2064/2064 2047/2047/2047 2068/2068/2068
f 2055/2055/2055 2094/2094/2094 2036/2036/2036
f 2057/2057/2057 2076/2076/2076 2084/2084/2084
f 2055/2055/2055 2062/2062/2062 2094/2094/2094
f 2046/2046/2046 2038/2038/2038 2037/2037/2037
f 2070/2070/2070 2078/2078/2078 2069/2069/2069
f 2074/2074/2074 2069/2069/2069 2083/2083/2083
f 2042/2042/2042 2019/2019/2019 2046/2046/2046
f 2092/2092/2092 2084/2084/2084 2085/2085/2085
f 2031/2031/2031 2030/2030/2030 2056/2056/2056
f 2066/2066/2066 2062/2062/2062 2055/2055/2055
f 2063/2063/2063 2092/2092/2092 2091/2091/2091
f 2032/2032/2032 2036/2036/2036 2095/2095/2095
f 2048/2048/2048 2021/2021/2021 2059/2059/2059
f 2051/2051/2051 2035/2035/2035 2096/2096/2096
f 2034/2034/2034 2072/2072/2072 2074/2074/2074
f 2049/2049/2049 2044/2044/2044 2043/2043/2043
f 2034/2034/2034 2091/2091/2091 2072/2072/2072
f 2061/2061/2061 2060/2060/2060 2073/2073/2073
f 2055/2055/2055 2036/2036/2036 2031/2031/2031
f 2081/2081/2081 2094/2094/2094 2062/2062/2062
f 2020/2020/2020 2019/2019/2019 2022/2022/2022
f 2091/2091/2091 2092/2092/2092 2075/2075/2075
f 2097/2097/2097 2086/2086/2086 2082/2082/2082
f 2088/2088/2088 2080/2080/2080 2079/2079/2079
f 2062/2062/2062 2061/2061/2061 2081/2081/2081
f 2074/2074/2074 2083/2083/2083 2093/2093/2093
f 2092/2092/2092 2098/2098/2098 2075/2075/2075
f 2086/2086/2086 2097/2097/2097 2099/2099/2099
f 2086/2086/2086 2099/2099/2099 2095/2095/2095
f 2049/2049/2049 2051/2051/2051 2044/2044/2044
f 2098/2098/2098 2082/2082/2082 2075/2075/2075
f 2081/2081/2081 2061/2061/2061 2075/2075/2075
f 2051/2051/2051 2096/2096/2096 2044/2044/2044
f 2066/2066/2066 2070/2070/2070 2060/2060/2060
f 2095/2095/2095 2036/2036/2036 2086/2086/2086
f 2064/2064/2064 2068/2068/2068 2084/2084/2084
f 2023/2023/2023 2022/2022/2022 2040/2040/2040
f 2061/2061/2061 2073/2073/2073 2075/2075/2075
f 2094/2094/2094 2081/2081/2081 2036/2036/2036
f 2100/2100/2100 2077/2077/2077 2030/2030/2030
f 2092/2092/2092 2085/2085/2085 2098/2098/2098
f 2054/2054/2054 2090/2090/2090 2089/2089/2089
f 2101/2101/2101 2102/2102/2102 2103/2103/2103
f 2032/2032/2032 2104/2104/2104 2102/2102/2102
f 2104/2104/2104 2103/2103/2103 2102/2102/2102
f 2104/2104/2104 2095/2095/2095 2105/2105/2105
f 2095/2095/2095 2099/2099/2099 2105/2105/2105
f 2106/2106/2106 2107/2107/2107 2108/2108/2108
f 2099/2099/2099 2106/2106/2106 2105/2105/2105
f 2106/2106/2106 2099/2099/2099 2109/2109/2109
f 2110/2110/2110 2111/2111/2111 2112/2112/2112
f 2110/2110/2110 2112/2112/2112 2113/2113/2113
f 2110/2110/2110 2113/2113/2113 2114/2114/2114
f 2114/2114/2114 2113/2113/2113 2115/2115/2115
f 2106/2106/2106 2109/2109/2109 2116/2116/2116
f 2117/2117/2117 2118/2118/2118 2119/2119/2119
f 2120/2120/2120 2117/2117/2117 2119/2119/2119
f 2119/2119/2119 2121/2121/2121 2120/2120/2120
f 2122/2122/2122 2041/2041/2041 2018/2018/2018
f 2041/2041/2041 2122/2122/2122 2123/2123/2123
f 2122/2122/2122 2018/2018/2018 2017/2017/2017
f 2124/2124/2124 2125/2125/2125 2123/2123/2123
f 2126/2126/2126 2127/2127/2127 2128/2128/2128
f 2017/2017/2017 2129/2129/2129 2122/2122/2122
f 2130/2130/2130 2126/2126/2126 2131/2131/2131
f 2132/2132/2132 2124/2124/2124 2123/2123/2123
f 2128/2128/2128 2127/2127/2127 2124/2124/2124
f 2124/2124/2124 2131/2131/2131 2128/2128/2128
f 2133/2133/2133 2116/2116/2116 2111/2111/2111
f 2095/2095/2095 2104/2104/2104 2032/2032/2032
f 2133/2133/2133 2111/2111/2111 2110/2110/2110
f 2127/2127/2127 2121/2121/2121 2125/2125/2125
f 2101/2101/2101 2030/2030/2030 2102/2102/2102
f 2108/2108/2108 2105/2105/2105 2106/2106/2106
f 2108/2108/2108 2103/2103/2103 2104/2104/2104
f 2111/2111/2111 2116/2116/2116 2109/2109/2109
f 2112/2112/2112 2111/2111/2111 2109/2109/2109
f 2134/2134/2134 2101/2101/2101 2103/2103/2103
f 2100/2100/2100 2134/2134/2134 2135/2135/2135
f 2127/2127/2127 2125/2125/2125 2124/2124/2124
f 2032/2032/2032 2102/2102/2102 2030/2030/2030
f 2123/2123/2123 2125/2125/2125 2041/2041/2041
f 2119/2119/2119 2118/2118/2118 2121/2121/2121
f 2132/2132/2132 2123/2123/2123 2122/2122/2122
f 2134/2134/2134 2100/2100/2100 2101/2101/2101
f 2041/2041/2041 2125/2125/2125 2136/2136/2136
f 2137/2137/2137 2045/2045/2045 2041/2041/2041
f 2138/2138/2138 2139/2139/2139 2140/2140/2140
f 2132/2132/2132 2122/2122/2122 2129/2129/2129
f 2137/2137/2137 2136/2136/2136 2139/2139/2139
f 2041/2041/2041 2136/2136/2136 2137/2137/2137
f 2065/2065/2065 2141/2141/2141 2142/2142/2142
f 2121/2121/2121 2139/2139/2139 2125/2125/2125
f 2143/2143/2143 2144/2144/2144 2145/2145/2145
f 2121/2121/2121 2146/2146/2146 2140/2140/2140
f 2137/2137/2137 2138/2138/2138 2141/2141/2141
f 2045/2045/2045 2137/2137/2137 2147/2147/2147
f 2148/2148/2148 2142/2142/2142 2149/2149/2149
f 2150/2150/2150 2151/2151/2151 2098/2098/2098
f 2138/2138/2138 2142/2142/2142 2141/2141/2141
f 2109/2109/2109 2099/2099/2099 2144/2144/2144
f 2152/2152/2152 2140/2140/2140 2146/2146/2146
f 2118/2118/2118 2146/2146/2146 2121/2121/2121
f 2065/2065/2065 2142/2142/2142 2076/2076/2076
f 2145/2145/2145 2153/2153/2153 2154/2154/2154
f 2109/2109/2109 2143/2143/2143 2112/2112/2112
f 2097/2097/2097 2145/2145/2145 2144/2144/2144
f 2152/2152/2152 2155/2155/2155 2138/2138/2138
f 2147/2147/2147 2141/2141/2141 2058/2058/2058
f 2140/2140/2140 2139/2139/2139 2121/2121/2121
f 2138/2138/2138 2155/2155/2155 2142/2142/2142
f 2149/2149/2149 2155/2155/2155 2113/2113/2113
f 2127/2127/2127 2120/2120/2120 2121/2121/2121
f 2141/2141/2141 2147/2147/2147 2137/2137/2137
f 2149/2149/2149 2142/2142/2142 2155/2155/2155
f 2118/2118/2118 2152/2152/2152 2146/2146/2146
f 2138/2138/2138 2140/2140/2140 2152/2152/2152
f 2139/2139/2139 2136/2136/2136 2125/2125/2125
f 2156/2156/2156 2157/2157/2157 2158/2158/2158
f 2159/2159/2159 2160/2160/2160 2161/2161/2161
f 2152/2152/2152 2113/2113/2113 2155/2155/2155
f 2034/2034/2034 2093/2093/2093 2162/2162/2162
f 2163/2163/2163 2164/2164/2164 2165/2165/2165
f 2058/2058/2058 2141/2141/2141 2065/2065/2065
f 2083/2083/2083 2166/2166/2166 2093/2093/2093
f 2167/2167/2167 2168/2168/2168 2169/2169/2169
f 2170/2170/2170 2171/2171/2171 2039/2039/2039
f 2152/2152/2152 2118/2118/2118 2115/2115/2115
f 2154/2154/2154 2148/2148/2148 2149/2149/2149
f 2172/2172/2172 2173/2173/2173 2157/2157/2157
f 2174/2174/2174 2167/2167/2167 2163/2163/2163
f 2076/2076/2076 2142/2142/2142 2148/2148/2148
f 2082/2082/2082 2098/2098/2098 2151/2151/2151
f 2083/2083/2083 2173/2173/2173 2166/2166/2166
f 2113/2113/2113 2112/2112/2112 2149/2149/2149
f 2045/2045/2045 2147/2147/2147 2058/2058/2058
f 2175/2175/2175 2176/2176/2176 2177/2177/2177
f 2175/2175/2175 2169/2169/2169 2168/2168/2168
f 2099/2099/2099 2097/2097/2097 2144/2144/2144
f 2178/2178/2178 2162/2162/2162 2166/2166/2166
f 2148/2148/2148 2085/2085/2085 2076/2076/2076
f 2112/2112/2112 2154/2154/2154 2149/2149/2149
f 2098/2098/2098 2085/2085/2085 2150/2150/2150
f 2085/2085/2085 2148/2148/2148 2150/2150/2150
f 2138/2138/2138 2137/2137/2137 2139/2139/2139
f 2154/2154/2154 2150/2150/2150 2148/2148/2148
f 2179/2179/2179 2180/2180/2180 2181/2181/2181
f 2082/2082/2082 2151/2151/2151 2097/2097/2097
f 2182/2182/2182 2183/2183/2183 2157/2157/2157
f 2167/2167/2167 2169/2169/2169 2163/2163/2163
f 2112/2112/2112 2143/2143/2143 2154/2154/2154
f 2174/2174/2174 2161/2161/2161 2184/2184/2184
f 2035/2035/2035 2034/2034/2034 2162/2162/2162
f 2185/2185/2185 2180/2180/2180 2186/2186/2186
f 2115/2115/2115 2113/2113/2113 2152/2152/2152
f 2159/2159/2159 2163/2163/2163 2165/2165/2165
f 2154/2154/2154 2151/2151/2151 2150/2150/2150
f 2145/2145/2145 2154/2154/2154 2143/2143/2143
f 2154/2154/2154 2153/2153/2153 2151/2151/2151
f 2169/2169/2169 2164/2164/2164 2163/2163/2163
f 2143/2143/2143 2109/2109/2109 2144/2144/2144
f 2156/2156/2156 2177/2177/2177 2172/2172/2172
f 2157/2157/2157 2173/2173/2173 2187/2187/2187
f 2151/2151/2151 2153/2153/2153 2097/2097/2097
f 2187/2187/2187 2182/2182/2182 2157/2157/2157
f 2153/2153/2153 2145/2145/2145 2097/2097/2097
f 2157/2157/2157 2188/2188/2188 2158/2158/2158
f 2096/2096/2096 2189/2189/2189 2190/2190/2190
f 2180/2180/2180 2179/2179/2179 2190/2190/2190
f 2190/2190/2190 2168/2168/2168 2180/2180/2180
f 2156/2156/2156 2164/2164/2164 2169/2169/2169
f 2170/2170/2170 2181/2181/2181 2171/2171/2171
f 2184/2184/2184 2186/2186/2186 2174/2174/2174
f 2096/2096/2096 2190/2190/2190 2179/2179/2179
f 2162/2162/2162 2178/2178/2178 2189/2189/2189
f 2163/2163/2163 2159/2159/2159 2174/2174/2174
f 2170/2170/2170 2039/2039/2039 2038/2038/2038
f 2181/2181/2181 2170/2170/2170 2179/2179/2179
f 2173/2173/2173 2078/2078/2078 2187/2187/2187
f 2179/2179/2179 2044/2044/2044 2096/2096/2096
f 2172/2172/2172 2177/2177/2177 2166/2166/2166
f 2175/2175/2175 2156/2156/2156 2169/2169/2169
f 2172/2172/2172 2157/2157/2157 2156/2156/2156
f 2170/2170/2170 2044/2044/2044 2179/2179/2179
f 2168/2168/2168 2186/2186/2186 2180/2180/2180
f 2078/2078/2078 2173/2173/2173 2083/2083/2083
f 2171/2171/2171 2181/2181/2181 2191/2191/2191
f 2177/2177/2177 2178/2178/2178 2166/2166/2166
f 2035/2035/2035 2162/2162/2162 2189/2189/2189
f 2158/2158/2158 2192/2192/2192 2156/2156/2156
f 2128/2128/2128 2131/2131/2131 2126/2126/2126
f 2100/2100/2100 2030/2030/2030 2101/2101/2101
f 2176/2176/2176 2178/2178/2178 2177/2177/2177
f 2185/2185/2185 2191/2191/2191 2181/2181/2181
f 2183/2183/2183 2188/2188/2188 2157/2157/2157
f 2186/2186/2186 2184/2184/2184 2185/2185/2185
f 2175/2175/2175 2168/2168/2168 2176/2176/2176
f 2173/2173/2173 2172/2172/2172 2166/2166/2166
f 2178/2178/2178 2190/2190/2190 2189/2189/2189
f 2167/2167/2167 2186/2186/2186 2168/2168/2168
f 2105/2105/2105 2108/2108/2108 2104/2104/2104
f 2192/2192/2192 2164/2164/2164 2156/2156/2156
f 2180/2180/2180 2185/2185/2185 2181/2181/2181
f 2170/2170/2170 2038/2038/2038 2044/2044/2044
f 2176/2176/2176 2190/2190/2190 2178/2178/2178
f 2186/2186/2186 2167/2167/2167 2174/2174/2174
f 2035/2035/2035 2189/2189/2189 2096/2096/2096
f 2080/2080/2080 2182/2182/2182 2187/2187/2187
f 2177/2177/2177 2156/2156/2156 2175/2175/2175
f 2120/2120/2120 2127/2127/2127 2126/2126/2126
f 2187/2187/2187 2078/2078/2078 2080/2080/2080
f 2093/2093/2093 2166/2166/2166 2162/2162/2162
f 2107/2107/2107 2106/2106/2106 2116/2116/2116
f 2168/2168/2168 2190/2190/2190 2176/2176/2176
f 2161/2161/2161 2174/2174/2174 2159/2159/2159
f 2193/2193/2193 2194/2194/2194 2195/2195/2195
f 2196/2196/2196 2197/2197/2197 2198/2198/2198
f 2199/2199/2199 2200/2200/2200 2201/2201/2201
f 2201/2201/2201 2200/2200/2200 2202/2202/2202
f 2203/2203/2203 2195/2195/2195 2204/2204/2204
f 2205/2205/2205 2206/2206/2206 2207/2207/2207
f 2208/2208/2208 2209/2209/2209 2201/2201/2201
f 2202/2202/2202 2210/2210/2210 2211/2211/2211
f 2212/2212/2212 2213/2213/2213 2214/2214/2214
f 2215/2215/2215 2216/2216/2216 2217/2217/2217
f 2218/2218/2218 2219/2219/2219 2220/2220/2220
f 2210/2210/2210 2202/2202/2202 2197/2197/2197
f 2200/2200/2200 2197/2197/2197 2202/2202/2202
f 2221/2221/2221 2222/2222/2222 2223/2223/2223
f 2224/2224/2224 2225/2225/2225 2226/2226/2226
f 2227/2227/2227 2228/2228/2228 2229/2229/2229
f 2230/2230/2230 2196/2196/2196 2231/2231/2231
f 2232/2232/2232 2200/2200/2200 2199/2199/2199
f 2233/2233/2233 2234/2234/2234 2235/2235/2235
f 2236/2236/2236 2228/2228/2228 2237/2237/2237
f 2231/2231/2231 2219/2219/2219 2230/2230/2230
f 2219/2219/2219 2231/2231/2231 2220/2220/2220
f 2238/2238/2238 2239/2239/2239 2240/2240/2240
f 2241/2241/2241 2209/2209/2209 2208/2208/2208
f 2208/2208/2208 2217/2217/2217 2241/2241/2241
f 2211/2211/2211 2230/2230/2230 2215/2215/2215
f 2242/2242/2242 2201/2201/2201 2209/2209/2209
f 2243/2243/2243 2218/2218/2218 2220/2220/2220
f 2211/2211/2211 2215/2215/2215 2217/2217/2217
f 2215/2215/2215 2230/2230/2230 2219/2219/2219
f 2241/2241/2241 2217/2217/2217 2244/2244/2244
f 2245/2245/2245 2204/2204/2204 2246/2246/2246
f 2221/2221/2221 2247/2247/2247 2248/2248/2248
f 2229/2229/2229 2241/2241/2241 2227/2227/2227
f 2217/2217/2217 2216/2216/2216 2244/2244/2244
f 2227/2227/2227 2241/2241/2241 2244/2244/2244
f 2249/2249/2249 2235/2235/2235 2250/2250/2250
f 2229/2229/2229 2228/2228/2228 2236/2236/2236
f 2211/2211/2211 2201/2201/2201 2202/2202/2202
f 2251/2251/2251 2247/2247/2247 2252/2252/2252
f 2253/2253/2253 2254/2254/2254 2225/2225/2225
f 2216/2216/2216 2218/2218/2218 2243/2243/2243
f 2243/2243/2243 2220/2220/2220 2255/2255/2255
f 2256/2256/2256 2228/2228/2228 2227/2227/2227
f 2204/2204/2204 2257/2257/2257 2203/2203/2203
f 2258/2258/2258 2227/2227/2227 2259/2259/2259
f 2260/2260/2260 2261/2261/2261 2262/2262/2262
f 2205/2205/2205 2223/2223/2223 2222/2222/2222
f 2263/2263/2263 2216/2216/2216 2243/2243/2243
f 2193/2193/2193 2195/2195/2195 2203/2203/2203
f 2255/2255/2255 2264/2264/2264 2243/2243/2243
f 2236/2236/2236 2265/2265/2265 2229/2229/2229
f 2266/2266/2266 2267/2267/2267 2268/2268/2268
f 2253/2253/2253 2224/2224/2224 2269/2269/2269
f 2228/2228/2228 2256/2256/2256 2237/2237/2237
f 2223/2223/2223 2247/2247/2247 2221/2221/2221
f 2270/2270/2270 2271/2271/2271 2260/2260/2260
f 2263/2263/2263 2272/2272/2272 2273/2273/2273
f 2237/2237/2237 2256/2256/2256 2274/2274/2274
f 2194/2194/2194 2258/2258/2258 2259/2259/2259
f 2263/2263/2263 2264/2264/2264 2272/2272/2272
f 2275/2275/2275 2207/2207/2207 2206/2206/2206
f 2256/2256/2256 2258/2258/2258 2262/2262/2262
f 2276/2276/2276 2214/2214/2214 2277/2277/2277
f 2278/2278/2278 2237/2237/2237 2212/2212/2212
f 2242/2242/2242 2209/2209/2209 2265/2265/2265
f 2272/2272/2272 2246/2246/2246 2273/2273/2273
f 2201/2201/2201 2279/2279/2279 2199/2199/2199
f 2280/2280/2280 2221/2221/2221 2281/2281/2281
f 2214/2214/2214 2276/2276/2276 2212/2212/2212
f 2282/2282/2282 2273/2273/2273 2246/2246/2246
f 2237/2237/2237 2274/2274/2274 2212/2212/2212
f 2205/2205/2205 2207/2207/2207 2223/2223/2223
f 2283/2283/2283 2284/2284/2284 2285/2285/2285
f 2233/2233/2233 2286/2286/2286 2287/2287/2287
f 2274/2274/2274 2256/2256/2256 2262/2262/2262
f 2275/2275/2275 2272/2272/2272 2264/2264/2264
f 2206/2206/2206 2246/2246/2246 2272/2272/2272
f 2194/2194/2194 2259/2259/2259 2282/2282/2282
f 2195/2195/2195 2194/2194/2194 2246/2246/2246
f 2247/2247/2247 2251/2251/2251 2248/2248/2248
f 2194/2194/2194 2282/2282/2282 2246/2246/2246
f 2246/2246/2246 2206/2206/2206 2245/2245/2245
f 2197/2197/2197 2196/2196/2196 2210/2210/2210
f 2213/2213/2213 2212/2212/2212 2274/2274/2274
f 2262/2262/2262 2193/2193/2193 2270/2270/2270
f 2200/2200/2200 2232/2232/2232 2239/2239/2239
f 2274/2274/2274 2262/2262/2262 2261/2261/2261
f 2272/2272/2272 2275/2275/2275 2206/2206/2206
f 2257/2257/2257 2288/2288/2288 2203/2203/2203
f 2289/2289/2289 2240/2240/2240 2239/2239/2239
f 2290/2290/2290 2275/2275/2275 2264/2264/2264
f 2196/2196/2196 2230/2230/2230 2210/2210/2210
f 2261/2261/2261 2213/2213/2213 2274/2274/2274
f 2193/2193/2193 2285/2285/2285 2270/2270/2270
f 2244/2244/2244 2259/2259/2259 2227/2227/2227
f 2290/2290/2290 2207/2207/2207 2275/2275/2275
f 2273/2273/2273 2216/2216/2216 2263/2263/2263
f 2268/2268/2268 2267/2267/2267 2291/2291/2291
f 2292/2292/2292 2293/2293/2293 2286/2286/2286
f 2267/2267/2267 2266/2266/2266 2294/2294/2294
f 2270/2270/2270 2260/2260/2260 2262/2262/2262
f 2244/2244/2244 2216/2216/2216 2273/2273/2273
f 2246/2246/2246 2204/2204/2204 2195/2195/2195
f 2203/2203/2203 2285/2285/2285 2193/2193/2193
f 2278/2278/2278 2212/2212/2212 2276/2276/2276
f 2260/2260/2260 2271/2271/2271 2261/2261/2261
f 2209/2209/2209 2229/2229/2229 2265/2265/2265
f 2270/2270/2270 2285/2285/2285 2295/2295/2295
f 2207/2207/2207 2290/2290/2290 2296/2296/2296
f 2297/2297/2297 2204/2204/2204 2245/2245/2245
f 2245/2245/2245 2205/2205/2205 2297/2297/2297
f 2298/2298/2298 2299/2299/2299 2300/2300/2300
f 2243/2243/2243 2264/2264/2264 2263/2263/2263
f 2196/2196/2196 2301/2301/2301 2302/2302/2302
f 2295/2295/2295 2271/2271/2271 2270/2270/2270
f 2198/2198/2198 2200/2200/2200 2238/2238/2238
f 2285/2285/2285 2284/2284/2284 2295/2295/2295
f 2211/2211/2211 2217/2217/2217 2208/2208/2208
f 2257/2257/2257 2204/2204/2204 2297/2297/2297
f 2222/2222/2222 2297/2297/2297 2205/2205/2205
f 2283/2283/2283 2203/2203/2203 2288/2288/2288
f 2303/2303/2303 2292/2292/2292 2304/2304/2304
f 2303/2303/2303 2281/2281/2281 2268/2268/2268
f 2237/2237/2237 2278/2278/2278 2236/2236/2236
f 2207/2207/2207 2247/2247/2247 2223/2223/2223
f 2252/2252/2252 2247/2247/2247 2296/2296/2296
f 2241/2241/2241 2229/2229/2229 2209/2209/2209
f 2297/2297/2297 2224/2224/2224 2257/2257/2257
f 2269/2269/2269 2297/2297/2297 2222/2222/2222
f 2288/2288/2288 2257/2257/2257 2226/2226/2226
f 2297/2297/2297 2269/2269/2269 2224/2224/2224
f 2222/2222/2222 2249/2249/2249 2269/2269/2269
f 2305/2305/2305 2288/2288/2288 2226/2226/2226
f 2280/2280/2280 2222/2222/2222 2221/2221/2221
f 2281/2281/2281 2303/2303/2303 2304/2304/2304
f 2259/2259/2259 2273/2273/2273 2282/2282/2282
f 2194/2194/2194 2193/2193/2193 2258/2258/2258
f 2249/2249/2249 2250/2250/2250 2269/2269/2269
f 2257/2257/2257 2224/2224/2224 2226/2226/2226
f 2286/2286/2286 2233/2233/2233 2304/2304/2304
f 2305/2305/2305 2226/2226/2226 2254/2254/2254
f 2221/2221/2221 2248/2248/2248 2281/2281/2281
f 2227/2227/2227 2258/2258/2258 2256/2256/2256
f 2248/2248/2248 2251/2251/2251 2268/2268/2268
f 2226/2226/2226 2225/2225/2225 2254/2254/2254
f 2253/2253/2253 2269/2269/2269 2250/2250/2250
f 2292/2292/2292 2303/2303/2303 2291/2291/2291
f 2230/2230/2230 2211/2211/2211 2210/2210/2210
f 2280/2280/2280 2233/2233/2233 2249/2249/2249
f 2268/2268/2268 2281/2281/2281 2248/2248/2248
f 2211/2211/2211 2208/2208/2208 2201/2201/2201
f 2306/2306/2306 2234/2234/2234 2287/2287/2287
f 2219/2219/2219 2218/2218/2218 2215/2215/2215
f 2235/2235/2235 2249/2249/2249 2233/2233/2233
f 2304/2304/2304 2233/2233/2233 2280/2280/2280
f 2307/2307/2307 2253/2253/2253 2250/2250/2250
f 2235/2235/2235 2307/2307/2307 2250/2250/2250
f 2254/2254/2254 2253/2253/2253 2307/2307/2307
f 2280/2280/2280 2281/2281/2281 2304/2304/2304
f 2235/2235/2235 2234/2234/2234 2307/2307/2307
f 2234/2234/2234 2233/2233/2233 2287/2287/2287
f 2304/2304/2304 2292/2292/2292 2286/2286/2286
f 2287/2287/2287 2286/2286/2286 2306/2306/2306
f 2253/2253/2253 2225/2225/2225 2224/2224/2224
f 2291/2291/2291 2267/2267/2267 2308/2308/2308
f 2309/2309/2309 2308/2308/2308 2294/2294/2294
f 2308/2308/2308 2267/2267/2267 2294/2294/2294
f 2310/2310/2310 2306/2306/2306 2286/2286/2286
f 2286/2286/2286 2293/2293/2293 2310/2310/2310
f 2293/2293/2293 2292/2292/2292 2311/2311/2311
f 2311/2311/2311 2291/2291/2291 2308/2308/2308
f 2310/2310/2310 2293/2293/2293 2312/2312/2312
f 2311/2311/2311 2312/2312/2312 2293/2293/2293
f 2308/2308/2308 2312/2312/2312 2311/2311/2311
f 2313/2313/2313 2308/2308/2308 2309/2309/2309
f 2313/2313/2313 2310/2310/2310 2312/2312/2312
f 2312/2312/2312 2308/2308/2308 2313/2313/2313
f 2309/2309/2309 2314/2314/2314 2313/2313/2313
f 2310/2310/2310 2313/2313/2313 2314/2314/2314
f 2315/2315/2315 2316/2316/2316 2317/2317/2317
f 2318/2318/2318 2319/2319/2319 2320/2320/2320
f 2321/2321/2321 2322/2322/2322 2323/2323/2323
f 2324/2324/2324 2271/2271/2271 2295/2295/2295
f 2325/2325/2325 2305/2305/2305 2254/2254/2254
f 2314/2314/2314 2326/2326/2326 2306/2306/2306
f 2234/2234/2234 2306/2306/2306 2318/2318/2318
f 2327/2327/2327 2328/2328/2328 2320/2320/2320
f 2318/2318/2318 2320/2320/2320 2329/2329/2329
f 2298/2298/2298 2319/2319/2319 2330/2330/2330
f 2331/2331/2331 2261/2261/2261 2332/2332/2332
f 2333/2333/2333 2334/2334/2334 2317/2317/2317
f 2335/2335/2335 2300/2300/2300 2299/2299/2299
f 2326/2326/2326 2318/2318/2318 2306/2306/2306
f 2234/2234/2234 2318/2318/2318 2336/2336/2336
f 2261/2261/2261 2271/2271/2271 2332/2332/2332
f 2326/2326/2326 2337/2337/2337 2338/2338/2338
f 2339/2339/2339 2340/2340/2340 2254/2254/2254
f 2318/2318/2318 2329/2329/2329 2336/2336/2336
f 2340/2340/2340 2325/2325/2325 2254/2254/2254
f 2319/2319/2319 2298/2298/2298 2300/2300/2300
f 2341/2341/2341 2334/2334/2334 2342/2342/2342
f 2343/2343/2343 2344/2344/2344 2242/2242/2242
f 2345/2345/2345 2289/2289/2289 2346/2346/2346
f 2342/2342/2342 2334/2334/2334 2345/2345/2345
f 2347/2347/2347 2346/2346/2346 2289/2289/2289
f 2337/2337/2337 2330/2330/2330 2338/2338/2338
f 2347/2347/2347 2289/2289/2289 2239/2239/2239
f 2346/2346/2346 2342/2342/2342 2345/2345/2345
f 2276/2276/2276 2348/2348/2348 2278/2278/2278
f 2349/2349/2349 2232/2232/2232 2344/2344/2344
f 2265/2265/2265 2343/2343/2343 2242/2242/2242
f 2346/2346/2346 2341/2341/2341 2342/2342/2342
f 2317/2317/2317 2316/2316/2316 2350/2350/2350
f 2298/2298/2298 2330/2330/2330 2337/2337/2337
f 2348/2348/2348 2236/2236/2236 2278/2278/2278
f 2290/2290/2290 2351/2351/2351 2296/2296/2296
f 2255/2255/2255 2321/2321/2321 2323/2323/2323
f 2352/2352/2352 2350/2350/2350 2353/2353/2353
f 2242/2242/2242 2344/2344/2344 2279/2279/2279
f 2279/2279/2279 2344/2344/2344 2199/2199/2199
f 2352/2352/2352 2301/2301/2301 2354/2354/2354
f 2290/2290/2290 2264/2264/2264 2355/2355/2355
f 2265/2265/2265 2236/2236/2236 2348/2348/2348
f 2356/2356/2356 2198/2198/2198 2238/2238/2238
f 2357/2357/2357 2333/2333/2333 2317/2317/2317
f 2322/2322/2322 2358/2358/2358 2359/2359/2359
f 2343/2343/2343 2265/2265/2265 2348/2348/2348
f 2238/2238/2238 2240/2240/2240 2356/2356/2356
f 2198/2198/2198 2360/2360/2360 2196/2196/2196
f 2358/2358/2358 2302/2302/2302 2361/2361/2361
f 2357/2357/2357 2354/2354/2354 2356/2356/2356
f 2232/2232/2232 2349/2349/2349 2347/2347/2347
f 2232/2232/2232 2347/2347/2347 2239/2239/2239
f 2344/2344/2344 2232/2232/2232 2199/2199/2199
f 2329/2329/2329 2362/2362/2362 2336/2336/2336
f 2363/2363/2363 2220/2220/2220 2231/2231/2231
f 2358/2358/2358 2364/2364/2364 2359/2359/2359
f 2361/2361/2361 2364/2364/2364 2358/2358/2358
f 2361/2361/2361 2352/2352/2352 2353/2353/2353
f 2365/2365/2365 2255/2255/2255 2323/2323/2323
f 2198/2198/2198 2356/2356/2356 2360/2360/2360
f 2362/2362/2362 2329/2329/2329 2328/2328/2328
f 2366/2366/2366 2337/2337/2337 2314/2314/2314
f 2302/2302/2302 2231/2231/2231 2196/2196/2196
f 2328/2328/2328 2329/2329/2329 2320/2320/2320
f 2352/2352/2352 2354/2354/2354 2350/2350/2350
f 2336/2336/2336 2362/2362/2362 2367/2367/2367
f 2301/2301/2301 2196/2196/2196 2360/2360/2360
f 2354/2354/2354 2301/2301/2301 2356/2356/2356
f 2339/2339/2339 2254/2254/2254 2367/2367/2367
f 2363/2363/2363 2302/2302/2302 2358/2358/2358
f 2231/2231/2231 2302/2302/2302 2363/2363/2363
f 2220/2220/2220 2321/2321/2321 2255/2255/2255
f 2333/2333/2333 2240/2240/2240 2289/2289/2289
f 2337/2337/2337 2368/2368/2368 2298/2298/2298
f 2307/2307/2307 2367/2367/2367 2254/2254/2254
f 2318/2318/2318 2326/2326/2326 2319/2319/2319
f 2363/2363/2363 2322/2322/2322 2321/2321/2321
f 2358/2358/2358 2322/2322/2322 2363/2363/2363
f 2319/2319/2319 2300/2300/2300 2320/2320/2320
f 2361/2361/2361 2301/2301/2301 2352/2352/2352
f 2338/2338/2338 2330/2330/2330 2319/2319/2319
f 2350/2350/2350 2354/2354/2354 2317/2317/2317
f 2317/2317/2317 2354/2354/2354 2357/2357/2357
f 2240/2240/2240 2357/2357/2357 2356/2356/2356
f 2290/2290/2290 2355/2355/2355 2369/2369/2369
f 2284/2284/2284 2305/2305/2305 2325/2325/2325
f 2368/2368/2368 2337/2337/2337 2366/2366/2366
f 2335/2335/2335 2327/2327/2327 2300/2300/2300
f 2261/2261/2261 2331/2331/2331 2213/2213/2213
f 2363/2363/2363 2321/2321/2321 2220/2220/2220
f 2271/2271/2271 2324/2324/2324 2332/2332/2332
f 2351/2351/2351 2370/2370/2370 2371/2371/2371
f 2334/2334/2334 2315/2315/2315 2317/2317/2317
f 2370/2370/2370 2351/2351/2351 2290/2290/2290
f 2314/2314/2314 2337/2337/2337 2326/2326/2326
f 2314/2314/2314 2309/2309/2309 2366/2366/2366
f 2345/2345/2345 2334/2334/2334 2333/2333/2333
f 2295/2295/2295 2284/2284/2284 2372/2372/2372
f 2326/2326/2326 2338/2338/2338 2319/2319/2319
f 2333/2333/2333 2357/2357/2357 2240/2240/2240
f 2369/2369/2369 2371/2371/2371 2370/2370/2370
f 2361/2361/2361 2353/2353/2353 2364/2364/2364
f 2234/2234/2234 2336/2336/2336 2307/2307/2307
f 2306/2306/2306 2310/2310/2310 2314/2314/2314
f 2300/2300/2300 2327/2327/2327 2320/2320/2320
f 2324/2324/2324 2295/2295/2295 2372/2372/2372
f 2307/2307/2307 2336/2336/2336 2367/2367/2367
f 2238/2238/2238 2200/2200/2200 2239/2239/2239
f 2371/2371/2371 2365/2365/2365 2351/2351/2351
f 2193/2193/2193 2262/2262/2262 2258/2258/2258
f 2222/2222/2222 2280/2280/2280 2249/2249/2249
f 2285/2285/2285 2203/2203/2203 2283/2283/2283
f 2259/2259/2259 2244/2244/2244 2273/2273/2273
f 2296/2296/2296 2247/2247/2247 2207/2207/2207
f 2206/2206/2206 2205/2205/2205 2245/2245/2245
f 2215/2215/2215 2218/2218/2218 2216/2216/2216
f 2370/2370/2370 2290/2290/2290 2369/2369/2369
f 2303/2303/2303 2268/2268/2268 2291/2291/2291
f 2355/2355/2355 2255/2255/2255 2373/2373/2373
f 2289/2289/2289 2345/2345/2345 2333/2333/2333
f 2201/2201/2201 2242/2242/2242 2279/2279/2279
f 2301/2301/2301 2360/2360/2360 2356/2356/2356
f 2283/2283/2283 2305/2305/2305 2284/2284/2284
f 2302/2302/2302 2301/2301/2301 2361/2361/2361
f 2197/2197/2197 2200/2200/2200 2198/2198/2198
f 2373/2373/2373 2365/2365/2365 2371/2371/2371
f 2264/2264/2264 2255/2255/2255 2355/2355/2355
f 2373/2373/2373 2369/2369/2369 2355/2355/2355
f 2283/2283/2283 2288/2288/2288 2305/2305/2305
f 2292/2292/2292 2291/2291/2291 2311/2311/2311
f 2369/2369/2369 2373/2373/2373 2371/2371/2371
f 2365/2365/2365 2373/2373/2373 2255/2255/2255
f 2374/2374/2374 2375/2375/2375 2376/2376/2376
f 2377/2377/2377 2378/2378/2378 2379/2379/2379
f 2374/2374/2374 2380/2380/2380 2381/2381/2381
f 2380/2380/2380 2382/2382/2382 2383/2383/2383
f 2384/2384/2384 2385/2385/2385 2386/2386/2386
f 2387/2387/2387 2388/2388/2388 2389/2389/2389
f 2390/2390/2390 2391/2391/2391 2392/2392/2392
f 2393/2393/2393 2394/2394/2394 2395/2395/2395
f 2396/2396/2396 2397/2397/2397 2398/2398/2398
f 2399/2399/2399 2390/2390/2390 2400/2400/2400
f 2401/2401/2401 2376/2376/2376 2375/2375/2375
f 2402/2402/2402 2403/2403/2403 2404/2404/2404
f 2379/2379/2379 2405/2405/2405 2406/2406/2406
f 2407/2407/2407 2408/2408/2408 2409/2409/2409
f 2375/2375/2375 2374/2374/2374 2381/2381/2381
f 2406/2406/2406 2405/2405/2405 2398/2398/2398
f 2396/2396/2396 2398/2398/2398 2410/2410/2410
f 2381/2381/2381 2380/2380/2380 2383/2383/2383
f 2411/2411/2411 2412/2412/2412 2396/2396/2396
f 2411/2411/2411 2413/2413/2413 2412/2412/2412
f 2414/2414/2414 2415/2415/2415 2416/2416/2416
f 2417/2417/2417 2401/2401/2401 2375/2375/2375
f 2403/2403/2403 2417/2417/2417 2418/2418/2418
f 2419/2419/2419 2420/2420/2420 2387/2387/2387
f 2421/2421/2421 2418/2418/2418 2417/2417/2417
f 2418/2418/2418 2421/2421/2421 2422/2422/2422
f 2423/2423/2423 2413/2413/2413 2424/2424/2424
f 2425/2425/2425 2377/2377/2377 2379/2379/2379
f 2426/2426/2426 2404/2404/2404 2427/2427/2427
f 2375/2375/2375 2383/2383/2383 2428/2428/2428
f 2412/2412/2412 2429/2429/2429 2396/2396/2396
f 2413/2413/2413 2430/2430/2430 2412/2412/2412
f 2413/2413/2413 2423/2423/2423 2386/2386/2386
f 2419/2419/2419 2431/2431/2431 2420/2420/2420
f 2432/2432/2432 2433/2433/2433 2395/2395/2395
f 2397/2397/2397 2396/2396/2396 2429/2429/2429
f 2434/2434/2434 2418/2418/2418 2422/2422/2422
f 2430/2430/2430 2413/2413/2413 2385/2385/2385
f 2427/2427/2427 2435/2435/2435 2426/2426/2426
f 2390/2390/2390 2399/2399/2399 2436/2436/2436
f 2437/2437/2437 2438/2438/2438 2439/2439/2439
f 2395/2395/2395 2384/2384/2384 2386/2386/2386
f 2440/2440/2440 2441/2441/2441 2414/2414/2414
f 2442/2442/2442 2443/2443/2443 2444/2444/2444
f 2416/2416/2416 2445/2445/2445 2446/2446/2446
f 2406/2406/2406 2398/2398/2398 2425/2425/2425
f 2419/2419/2419 2387/2387/2387 2389/2389/2389
f 2447/2447/2447 2448/2448/2448 2449/2449/2449
f 2450/2450/2450 2451/2451/2451 2452/2452/2452
f 2435/2435/2435 2443/2443/2443 2442/2442/2442
f 2453/2453/2453 2454/2454/2454 2455/2455/2455
f 2456/2456/2456 2414/2414/2414 2457/2457/2457
f 2435/2435/2435 2458/2458/2458 2443/2443/2443
f 2381/2381/2381 2383/2383/2383 2375/2375/2375
f 2459/2459/2459 2460/2460/2460 2461/2461/2461
f 2452/2452/2452 2390/2390/2390 2392/2392/2392
f 2462/2462/2462 2463/2463/2463 2464/2464/2464
f 2465/2465/2465 2466/2466/2466 2467/2467/2467
f 2468/2468/2468 2469/2469/2469 2470/2470/2470
f 2388/2388/2388 2471/2471/2471 2472/2472/2472
f 2466/2466/2466 2473/2473/2473 2474/2474/2474
f 2457/2457/2457 2389/2389/2389 2475/2475/2475
f 2476/2476/2476 2451/2451/2451 2477/2477/2477
f 2452/2452/2452 2451/2451/2451 2478/2478/2478
f 2450/2450/2450 2477/2477/2477 2451/2451/2451
f 2451/2451/2451 2476/2476/2476 2478/2478/2478
f 2462/2462/2462 2464/2464/2464 2479/2479/2479
f 2442/2442/2442 2480/2480/2480 2481/2481/2481
f 2432/2432/2432 2482/2482/2482 2483/2483/2483
f 2484/2484/2484 2382/2382/2382 2380/2380/2380
f 2401/2401/2401 2485/2485/2485 2376/2376/2376
f 2452/2452/2452 2392/2392/2392 2486/2486/2486
f 2480/2480/2480 2442/2442/2442 2444/2444/2444
f 2470/2470/2470 2448/2448/2448 2468/2468/2468
f 2486/2486/2486 2450/2450/2450 2452/2452/2452
f 2487/2487/2487 2488/2488/2488 2469/2469/2469
f 2384/2384/2384 2489/2489/2489 2490/2490/2490
f 2452/2452/2452 2478/2478/2478 2390/2390/2390
f 2491/2491/2491 2492/2492/2492 2493/2493/2493
f 2494/2494/2494 2495/2495/2495 2496/2496/2496
f 2420/2420/2420 2496/2496/2496 2387/2387/2387
f 2497/2497/2497 2498/2498/2498 2499/2499/2499
f 2485/2485/2485 2407/2407/2407 2409/2409/2409
f 2439/2439/2439 2438/2438/2438 2500/2500/2500
f 2457/2457/2457 2441/2441/2441 2501/2501/2501
f 2477/2477/2477 2502/2502/2502 2476/2476/2476
f 2417/2417/2417 2428/2428/2428 2421/2421/2421
f 2487/2487/2487 2503/2503/2503 2488/2488/2488
f 2389/2389/2389 2388/2388/2388 2504/2504/2504
f 2442/2442/2442 2426/2426/2426 2435/2435/2435
f 2402/2402/2402 2481/2481/2481 2505/2505/2505
f 2490/2490/2490 2489/2489/2489 2506/2506/2506
f 2499/2499/2499 2476/2476/2476 2497/2497/2497
f 2416/2416/2416 2446/2446/2446 2507/2507/2507
f 2413/2413/2413 2411/2411/2411 2424/2424/2424
f 2499/2499/2499 2478/2478/2478 2476/2476/2476
f 2508/2508/2508 2506/2506/2506 2499/2499/2499
f 2390/2390/2390 2478/2478/2478 2400/2400/2400
f 2478/2478/2478 2506/2506/2506 2400/2400/2400
f 2496/2496/2496 2420/2420/2420 2494/2494/2494
f 2498/2498/2498 2497/2497/2497 2438/2438/2438
f 2435/2435/2435 2434/2434/2434 2458/2458/2458
f 2426/2426/2426 2481/2481/2481 2402/2402/2402
f 2509/2509/2509 2510/2510/2510 2511/2511/2511
f 2388/2388/2388 2387/2387/2387 2471/2471/2471
f 2512/2512/2512 2497/2497/2497 2502/2502/2502
f 2513/2513/2513 2384/2384/2384 2490/2490/2490
f 2429/2429/2429 2412/2412/2412 2430/2430/2430
f 2408/2408/2408 2425/2425/2425 2398/2398/2398
f 2514/2514/2514 2515/2515/2515 2482/2482/2482
f 2441/2441/2441 2457/2457/2457 2414/2414/2414
f 2516/2516/2516 2456/2456/2456 2457/2457/2457
f 2439/2439/2439 2500/2500/2500 2517/2517/2517
f 2518/2518/2518 2377/2377/2377 2425/2425/2425
f 2438/2438/2438 2437/2437/2437 2498/2498/2498
f 2420/2420/2420 2431/2431/2431 2494/2494/2494
f 2429/2429/2429 2430/2430/2430 2519/2519/2519
f 2440/2440/2440 2414/2414/2414 2416/2416/2416
f 2520/2520/2520 2521/2521/2521 2474/2474/2474
f 2522/2522/2522 2523/2523/2523 2492/2492/2492
f 2516/2516/2516 2457/2457/2457 2475/2475/2475
f 2389/2389/2389 2501/2501/2501 2419/2419/2419
f 2459/2459/2459 2495/2495/2495 2494/2494/2494
f 2386/2386/2386 2423/2423/2423 2432/2432/2432
f 2471/2471/2471 2387/2387/2387 2496/2496/2496
f 2488/2488/2488 2524/2524/2524 2525/2525/2525
f 2487/2487/2487 2526/2526/2526 2527/2527/2527
f 2414/2414/2414 2456/2456/2456 2415/2415/2415
f 2512/2512/2512 2438/2438/2438 2497/2497/2497
f 2395/2395/2395 2394/2394/2394 2384/2384/2384
f 2449/2449/2449 2392/2392/2392 2391/2391/2391
f 2528/2528/2528 2496/2496/2496 2495/2495/2495
f 2385/2385/2385 2384/2384/2384 2513/2513/2513
f 2389/2389/2389 2504/2504/2504 2475/2475/2475
f 2428/2428/2428 2529/2529/2529 2421/2421/2421
f 2474/2474/2474 2521/2521/2521 2530/2530/2530
f 2531/2531/2531 2479/2479/2479 2464/2464/2464
f 2456/2456/2456 2516/2516/2516 2480/2480/2480
f 2427/2427/2427 2418/2418/2418 2434/2434/2434
f 2529/2529/2529 2434/2434/2434 2422/2422/2422
f 2530/2530/2530 2466/2466/2466 2474/2474/2474
f 2495/2495/2495 2461/2461/2461 2532/2532/2532
f 2404/2404/2404 2403/2403/2403 2418/2418/2418
f 2454/2454/2454 2453/2453/2453 2509/2509/2509
f 2533/2533/2533 2534/2534/2534 2535/2535/2535
f 2385/2385/2385 2413/2413/2413 2386/2386/2386
f 2498/2498/2498 2437/2437/2437 2536/2536/2536
f 2433/2433/2433 2432/2432/2432 2483/2483/2483
f 2537/2537/2537 2463/2463/2463 2538/2538/2538
f 2535/2535/2535 2539/2539/2539 2533/2533/2533
f 2426/2426/2426 2402/2402/2402 2404/2404/2404
f 2432/2432/2432 2395/2395/2395 2386/2386/2386
f 2401/2401/2401 2407/2407/2407 2485/2485/2485
f 2497/2497/2497 2476/2476/2476 2502/2502/2502
f 2456/2456/2456 2445/2445/2445 2415/2415/2415
f 2495/2495/2495 2532/2532/2532 2528/2528/2528
f 2515/2515/2515 2540/2540/2540 2482/2482/2482
f 2440/2440/2440 2416/2416/2416 2507/2507/2507
f 2475/2475/2475 2504/2504/2504 2481/2481/2481
f 2449/2449/2449 2448/2448/2448 2486/2486/2486
f 2528/2528/2528 2471/2471/2471 2496/2496/2496
f 2514/2514/2514 2541/2541/2541 2515/2515/2515
f 2512/2512/2512 2500/2500/2500 2438/2438/2438
f 2385/2385/2385 2513/2513/2513 2508/2508/2508
f 2508/2508/2508 2499/2499/2499 2536/2536/2536
f 2460/2460/2460 2532/2532/2532 2461/2461/2461
f 2437/2437/2437 2523/2523/2523 2536/2536/2536
f 2533/2533/2533 2542/2542/2542 2534/2534/2534
f 2475/2475/2475 2481/2481/2481 2480/2480/2480
f 2411/2411/2411 2541/2541/2541 2424/2424/2424
f 2505/2505/2505 2504/2504/2504 2388/2388/2388
f 2543/2543/2543 2542/2542/2542 2544/2544/2544
f 2522/2522/2522 2536/2536/2536 2523/2523/2523
f 2508/2508/2508 2430/2430/2430 2385/2385/2385
f 2437/2437/2437 2439/2439/2439 2523/2523/2523
f 2447/2447/2447 2468/2468/2468 2448/2448/2448
f 2377/2377/2377 2505/2505/2505 2545/2545/2545
f 2505/2505/2505 2377/2377/2377 2402/2402/2402
f 2391/2391/2391 2390/2390/2390 2436/2436/2436
f 2417/2417/2417 2403/2403/2403 2401/2401/2401
f 2484/2484/2484 2537/2537/2537 2538/2538/2538
f 2546/2546/2546 2472/2472/2472 2471/2471/2471
f 2472/2472/2472 2505/2505/2505 2388/2388/2388
f 2378/2378/2378 2546/2546/2546 2547/2547/2547
f 2519/2519/2519 2536/2536/2536 2522/2522/2522
f 2495/2495/2495 2459/2459/2459 2461/2461/2461
f 2519/2519/2519 2430/2430/2430 2508/2508/2508
f 2523/2523/2523 2439/2439/2439 2492/2492/2492
f 2517/2517/2517 2548/2548/2548 2439/2439/2439
f 2423/2423/2423 2514/2514/2514 2432/2432/2432
f 2445/2445/2445 2456/2456/2456 2480/2480/2480
f 2505/2505/2505 2472/2472/2472 2545/2545/2545
f 2548/2548/2548 2517/2517/2517 2467/2467/2467
f 2375/2375/2375 2428/2428/2428 2417/2417/2417
f 2510/2510/2510 2549/2549/2549 2550/2550/2550
f 2445/2445/2445 2416/2416/2416 2415/2415/2415
f 2551/2551/2551 2542/2542/2542 2543/2543/2543
f 2528/2528/2528 2552/2552/2552 2471/2471/2471
f 2532/2532/2532 2515/2515/2515 2528/2528/2528
f 2522/2522/2522 2492/2492/2492 2519/2519/2519
f 2465/2465/2465 2467/2467/2467 2517/2517/2517
f 2460/2460/2460 2515/2515/2515 2532/2532/2532
f 2469/2469/2469 2468/2468/2468 2526/2526/2526
f 2493/2493/2493 2548/2548/2548 2467/2467/2467
f 2398/2398/2398 2397/2397/2397 2530/2530/2530
f 2551/2551/2551 2400/2400/2400 2534/2534/2534
f 2429/2429/2429 2519/2519/2519 2492/2492/2492
f 2489/2489/2489 2534/2534/2534 2400/2400/2400
f 2548/2548/2548 2493/2493/2493 2492/2492/2492
f 2511/2511/2511 2446/2446/2446 2445/2445/2445
f 2507/2507/2507 2446/2446/2446 2510/2510/2510
f 2486/2486/2486 2392/2392/2392 2449/2449/2449
f 2539/2539/2539 2535/2535/2535 2384/2384/2384
f 2553/2553/2553 2488/2488/2488 2525/2525/2525
f 2513/2513/2513 2490/2490/2490 2506/2506/2506
f 2488/2488/2488 2470/2470/2470 2469/2469/2469
f 2524/2524/2524 2488/2488/2488 2503/2503/2503
f 2506/2506/2506 2489/2489/2489 2400/2400/2400
f 2391/2391/2391 2543/2543/2543 2526/2526/2526
f 2467/2467/2467 2466/2466/2466 2493/2493/2493
f 2507/2507/2507 2510/2510/2510 2554/2554/2554
f 2466/2466/2466 2465/2465/2465 2473/2473/2473
f 2480/2480/2480 2516/2516/2516 2475/2475/2475
f 2550/2550/2550 2554/2554/2554 2510/2510/2510
f 2397/2397/2397 2429/2429/2429 2491/2491/2491
f 2547/2547/2547 2471/2471/2471 2552/2552/2552
f 2528/2528/2528 2541/2541/2541 2552/2552/2552
f 2530/2530/2530 2491/2491/2491 2493/2493/2493
f 2546/2546/2546 2471/2471/2471 2547/2547/2547
f 2498/2498/2498 2536/2536/2536 2499/2499/2499
f 2541/2541/2541 2528/2528/2528 2515/2515/2515
f 2555/2555/2555 2479/2479/2479 2520/2520/2520
f 2491/2491/2491 2530/2530/2530 2397/2397/2397
f 2460/2460/2460 2540/2540/2540 2515/2515/2515
f 2419/2419/2419 2501/2501/2501 2431/2431/2431
f 2543/2543/2543 2391/2391/2391 2436/2436/2436
f 2511/2511/2511 2445/2445/2445 2454/2454/2454
f 2378/2378/2378 2472/2472/2472 2546/2546/2546
f 2479/2479/2479 2555/2555/2555 2462/2462/2462
f 2479/2479/2479 2521/2521/2521 2520/2520/2520
f 2444/2444/2444 2454/2454/2454 2480/2480/2480
f 2463/2463/2463 2462/2462/2462 2555/2555/2555
f 2511/2511/2511 2510/2510/2510 2446/2446/2446
f 2534/2534/2534 2489/2489/2489 2535/2535/2535
f 2526/2526/2526 2543/2543/2543 2527/2527/2527
f 2526/2526/2526 2487/2487/2487 2469/2469/2469
f 2505/2505/2505 2481/2481/2481 2504/2504/2504
f 2521/2521/2521 2479/2479/2479 2531/2531/2531
f 2551/2551/2551 2436/2436/2436 2399/2399/2399
f 2472/2472/2472 2378/2378/2378 2545/2545/2545
f 2449/2449/2449 2391/2391/2391 2447/2447/2447
f 2547/2547/2547 2552/2552/2552 2410/2410/2410
f 2530/2530/2530 2521/2521/2521 2398/2398/2398
f 2541/2541/2541 2411/2411/2411 2552/2552/2552
f 2521/2521/2521 2531/2531/2531 2408/2408/2408
f 2454/2454/2454 2509/2509/2509 2511/2511/2511
f 2539/2539/2539 2394/2394/2394 2393/2393/2393
f 2444/2444/2444 2556/2556/2556 2454/2454/2454
f 2557/2557/2557 2554/2554/2554 2550/2550/2550
f 2398/2398/2398 2521/2521/2521 2408/2408/2408
f 2519/2519/2519 2508/2508/2508 2536/2536/2536
f 2547/2547/2547 2410/2410/2410 2405/2405/2405
f 2552/2552/2552 2411/2411/2411 2410/2410/2410
f 2514/2514/2514 2424/2424/2424 2541/2541/2541
f 2506/2506/2506 2478/2478/2478 2499/2499/2499
f 2483/2483/2483 2482/2482/2482 2540/2540/2540
f 2384/2384/2384 2394/2394/2394 2539/2539/2539
f 2480/2480/2480 2454/2454/2454 2445/2445/2445
f 2531/2531/2531 2409/2409/2409 2408/2408/2408
f 2487/2487/2487 2527/2527/2527 2503/2503/2503
f 2464/2464/2464 2409/2409/2409 2531/2531/2531
f 2436/2436/2436 2551/2551/2551 2543/2543/2543
f 2558/2558/2558 2464/2464/2464 2537/2537/2537
f 2418/2418/2418 2427/2427/2427 2404/2404/2404
f 2506/2506/2506 2508/2508/2508 2513/2513/2513
f 2407/2407/2407 2518/2518/2518 2408/2408/2408
f 2434/2434/2434 2435/2435/2435 2427/2427/2427
f 2463/2463/2463 2537/2537/2537 2464/2464/2464
f 2379/2379/2379 2378/2378/2378 2547/2547/2547
f 2407/2407/2407 2559/2559/2559 2518/2518/2518
f 2492/2492/2492 2491/2491/2491 2429/2429/2429
f 2473/2473/2473 2520/2520/2520 2474/2474/2474
f 2395/2395/2395 2433/2433/2433 2393/2393/2393
f 2492/2492/2492 2439/2439/2439 2548/2548/2548
f 2425/2425/2425 2408/2408/2408 2518/2518/2518
f 2464/2464/2464 2558/2558/2558 2485/2485/2485
f 2378/2378/2378 2377/2377/2377 2545/2545/2545
f 2558/2558/2558 2537/2537/2537 2484/2484/2484
f 2485/2485/2485 2558/2558/2558 2374/2374/2374
f 2379/2379/2379 2406/2406/2406 2425/2425/2425
f 2527/2527/2527 2543/2543/2543 2544/2544/2544
f 2526/2526/2526 2447/2447/2447 2391/2391/2391
f 2488/2488/2488 2553/2553/2553 2470/2470/2470
f 2380/2380/2380 2558/2558/2558 2484/2484/2484
f 2534/2534/2534 2542/2542/2542 2551/2551/2551
f 2443/2443/2443 2556/2556/2556 2444/2444/2444
f 2485/2485/2485 2409/2409/2409 2464/2464/2464
f 2468/2468/2468 2447/2447/2447 2526/2526/2526
f 2455/2455/2455 2454/2454/2454 2556/2556/2556
f 2509/2509/2509 2453/2453/2453 2510/2510/2510
f 2518/2518/2518 2559/2559/2559 2403/2403/2403
f 2549/2549/2549 2510/2510/2510 2453/2453/2453
f 2518/2518/2518 2402/2402/2402 2377/2377/2377
f 2453/2453/2453 2550/2550/2550 2549/2549/2549
f 2501/2501/2501 2389/2389/2389 2457/2457/2457
f 2560/2560/2560 2557/2557/2557 2550/2550/2550
f 2559/2559/2559 2407/2407/2407 2401/2401/2401
f 2405/2405/2405 2379/2379/2379 2547/2547/2547
f 2405/2405/2405 2410/2410/2410 2398/2398/2398
f 2530/2530/2530 2493/2493/2493 2466/2466/2466
f 2374/2374/2374 2376/2376/2376 2485/2485/2485
f 2384/2384/2384 2535/2535/2535 2489/2489/2489
f 2410/2410/2410 2411/2411/2411 2396/2396/2396
f 2424/2424/2424 2514/2514/2514 2423/2423/2423
f 2558/2558/2558 2380/2380/2380 2374/2374/2374
f 2514/2514/2514 2482/2482/2482 2432/2432/2432
f 2401/2401/2401 2403/2403/2403 2559/2559/2559
f 2400/2400/2400 2551/2551/2551 2399/2399/2399
f 2402/2402/2402 2518/2518/2518 2403/2403/2403
f 2442/2442/2442 2481/2481/2481 2426/2426/2426
f 2529/2529/2529 2422/2422/2422 2421/2421/2421
f 2561/2561/2561 2562/2562/2562 2563/2563/2563
f 2564/2564/2564 2565/2565/2565 2566/2566/2566
f 2561/2561/2561 2563/2563/2563 2567/2567/2567
f 2568/2568/2568 2569/2569/2569 2567/2567/2567
f 2570/2570/2570 2571/2571/2571 2572/2572/2572
f 2573/2573/2573 2574/2574/2574 2575/2575/2575
f 2576/2576/2576 2577/2577/2577 2578/2578/2578
f 2566/2566/2566 2579/2579/2579 2580/2580/2580
f 2581/2581/2581 2582/2582/2582 2583/2583/2583
f 2584/2584/2584 2585/2585/2585 2586/2586/2586
f 2587/2587/2587 2588/2588/2588 2580/2580/2580
f 2589/2589/2589 2590/2590/2590 2591/2591/2591
f 2592/2592/2592 2593/2593/2593 2594/2594/2594
f 2595/2595/2595 2588/2588/2588 2568/2568/2568
f 2596/2596/2596 2597/2597/2597 2598/2598/2598
f 2597/2597/2597 2591/2591/2591 2599/2599/2599
f 2600/2600/2600 2601/2601/2601 2602/2602/2602
f 2603/2603/2603 2604/2604/2604 2601/2601/2601
f 2605/2605/2605 2606/2606/2606 2607/2607/2607
f 2582/2582/2582 2581/2581/2581 2584/2584/2584
f 2592/2592/2592 2596/2596/2596 2608/2608/2608
f 2575/2575/2575 2581/2581/2581 2583/2583/2583
f 2593/2593/2593 2592/2592/2592 2608/2608/2608
f 2609/2609/2609 2608/2608/2608 2598/2598/2598
f 2610/2610/2610 2594/2594/2594 2593/2593/2593
f 2600/2600/2600 2603/2603/2603 2601/2601/2601
f 2611/2611/2611 2612/2612/2612 2613/2613/2613
f 2614/2614/2614 2615/2615/2615 2571/2571/2571
f 2580/2580/2580 2588/2588/2588 2595/2595/2595
f 2616/2616/2616 2617/2617/2617 2618/2618/2618
f 2562/2562/2562 2619/2619/2619 2620/2620/2620
f 2565/2565/2565 2621/2621/2621 2566/2566/2566
f 2590/2590/2590 2589/2589/2589 2622/2622/2622
f 2563/2563/2563 2623/2623/2623 2567/2567/2567
f 2567/2567/2567 2623/2623/2623 2568/2568/2568
f 2624/2624/2624 2625/2625/2625 2626/2626/2626
f 2627/2627/2627 2578/2578/2578 2628/2628/2628
f 2591/2591/2591 2590/2590/2590 2599/2599/2599
f 2597/2597/2597 2609/2609/2609 2598/2598/2598
f 2629/2629/2629 2630/2630/2630 2631/2631/2631
f 2622/2622/2622 2632/2632/2632 2590/2590/2590
f 2607/2607/2607 2633/2633/2633 2583/2583/2583
f 2634/2634/2634 2635/2635/2635 2636/2636/2636
f 2608/2608/2608 2637/2637/2637 2638/2638/2638
f 2638/2638/2638 2639/2639/2639 2593/2593/2593
f 2607/2607/2607 2583/2583/2583 2605/2605/2605
f 2603/2603/2603 2640/2640/2640 2604/2604/2604
f 2593/2593/2593 2641/2641/2641 2610/2610/2610
f 2627/2627/2627 2639/2639/2639 2578/2578/2578
f 2611/2611/2611 2642/2642/2642 2643/2643/2643
f 2644/2644/2644 2579/2579/2579 2645/2645/2645
f 2581/2581/2581 2574/2574/2574 2584/2584/2584
f 2646/2646/2646 2647/2647/2647 2648/2648/2648
f 2649/2649/2649 2650/2650/2650 2651/2651/2651
f 2586/2586/2586 2582/2582/2582 2584/2584/2584
f 2599/2599/2599 2636/2636/2636 2597/2597/2597
f 2611/2611/2611 2643/2643/2643 2612/2612/2612
f 2608/2608/2608 2638/2638/2638 2593/2593/2593
f 2652/2652/2652 2653/2653/2653 2654/2654/2654
f 2655/2655/2655 2586/2586/2586 2656/2656/2656
f 2657/2657/2657 2658/2658/2658 2632/2632/2632
f 2606/2606/2606 2621/2621/2621 2659/2659/2659
f 2581/2581/2581 2575/2575/2575 2574/2574/2574
f 2660/2660/2660 2583/2583/2583 2582/2582/2582
f 2661/2661/2661 2624/2624/2624 2615/2615/2615
f 2599/2599/2599 2590/2590/2590 2634/2634/2634
f 2583/2583/2583 2633/2633/2633 2575/2575/2575
f 2607/2607/2607 2662/2662/2662 2633/2633/2633
f 2562/2562/2562 2561/2561/2561 2602/2602/2602
f 2636/2636/2636 2609/2609/2609 2597/2597/2597
f 2609/2609/2609 2636/2636/2636 2637/2637/2637
f 2578/2578/2578 2639/2639/2639 2638/2638/2638
f 2588/2588/2588 2569/2569/2569 2568/2568/2568
f 2663/2663/2663 2664/2664/2664 2572/2572/2572
f 2641/2641/2641 2665/2665/2665 2610/2610/2610
f 2643/2643/2643 2666/2666/2666 2612/2612/2612
f 2667/2667/2667 2664/2664/2664 2668/2668/2668
f 2642/2642/2642 2611/2611/2611 2669/2669/2669
f 2624/2624/2624 2670/2670/2670 2615/2615/2615
f 2671/2671/2671 2672/2672/2672 2642/2642/2642
f 2642/2642/2642 2672/2672/2672 2643/2643/2643
f 2648/2648/2648 2647/2647/2647 2673/2673/2673
f 2635/2635/2635 2674/2674/2674 2636/2636/2636
f 2651/2651/2651 2650/2650/2650 2675/2675/2675
f 2676/2676/2676 2561/2561/2561 2569/2569/2569
f 2675/2675/2675 2632/2632/2632 2622/2622/2622
f 2580/2580/2580 2595/2595/2595 2677/2677/2677
f 2660/2660/2660 2678/2678/2678 2605/2605/2605
f 2679/2679/2679 2680/2680/2680 2633/2633/2633
f 2667/2667/2667 2681/2681/2681 2664/2664/2664
f 2682/2682/2682 2683/2683/2683 2684/2684/2684
f 2586/2586/2586 2585/2585/2585 2656/2656/2656
f 2621/2621/2621 2579/2579/2579 2566/2566/2566
f 2669/2669/2669 2685/2685/2685 2594/2594/2594
f 2649/2649/2649 2682/2682/2682 2684/2684/2684
f 2598/2598/2598 2608/2608/2608 2596/2596/2596
f 2673/2673/2673 2564/2564/2564 2580/2580/2580
f 2637/2637/2637 2576/2576/2576 2578/2578/2578
f 2686/2686/2686 2665/2665/2665 2641/2641/2641
f 2631/2631/2631 2563/2563/2563 2620/2620/2620
f 2612/2612/2612 2666/2666/2666 2687/2687/2687
f 2614/2614/2614 2688/2688/2688 2689/2689/2689
f 2619/2619/2619 2690/2690/2690 2620/2620/2620
f 2672/2672/2672 2666/2666/2666 2643/2643/2643
f 2607/2607/2607 2606/2606/2606 2659/2659/2659
f 2642/2642/2642 2669/2669/2669 2610/2610/2610
f 2623/2623/2623 2563/2563/2563 2631/2631/2631
f 2664/2664/2664 2691/2691/2691 2572/2572/2572
f 2665/2665/2665 2692/2692/2692 2671/2671/2671
f 2693/2693/2693 2646/2646/2646 2662/2662/2662
f 2694/2694/2694 2689/2689/2689 2679/2679/2679
f 2695/2695/2695 2672/2672/2672 2671/2671/2671
f 2653/2653/2653 2692/2692/2692 2686/2686/2686
f 2696/2696/2696 2568/2568/2568 2623/2623/2623
f 2579/2579/2579 2587/2587/2587 2580/2580/2580
f 2697/2697/2697 2604/2604/2604 2640/2640/2640
f 2632/2632/2632 2675/2675/2675 2657/2657/2657
f 2604/2604/2604 2698/2698/2698 2690/2690/2690
f 2650/2650/2650 2657/2657/2657 2675/2675/2675
f 2632/2632/2632 2644/2644/2644 2634/2634/2634
f 2609/2609/2609 2637/2637/2637 2608/2608/2608
f 2684/2684/2684 2683/2683/2683 2699/2699/2699
f 2696/2696/2696 2595/2595/2595 2568/2568/2568
f 2635/2635/2635 2634/2634/2634 2644/2644/2644
f 2674/2674/2674 2576/2576/2576 2637/2637/2637
f 2692/2692/2692 2665/2665/2665 2686/2686/2686
f 2567/2567/2567 2569/2569/2569 2561/2561/2561
f 2685/2685/2685 2700/2700/2700 2594/2594/2594
f 2666/2666/2666 2617/2617/2617 2687/2687/2687
f 2701/2701/2701 2702/2702/2702 2703/2703/2703
f 2564/2564/2564 2647/2647/2647 2565/2565/2565
f 2672/2672/2672 2695/2695/2695 2666/2666/2666
f 2570/2570/2570 2704/2704/2704 2705/2705/2705
f 2646/2646/2646 2693/2693/2693 2565/2565/2565
f 2646/2646/2646 2565/2565/2565 2647/2647/2647
f 2692/2692/2692 2695/2695/2695 2671/2671/2671
f 2683/2683/2683 2676/2676/2676 2699/2699/2699
f 2635/2635/2635 2644/2644/2644 2645/2645/2645
f 2662/2662/2662 2607/2607/2607 2659/2659/2659
f 2706/2706/2706 2707/2707/2707 2587/2587/2587
f 2662/2662/2662 2659/2659/2659 2693/2693/2693
f 2635/2635/2635 2708/2708/2708 2674/2674/2674
f 2691/2691/2691 2709/2709/2709 2710/2710/2710
f 2711/2711/2711 2576/2576/2576 2674/2674/2674
f 2577/2577/2577 2678/2678/2678 2578/2578/2578
f 2628/2628/2628 2712/2712/2712 2627/2627/2627
f 2678/2678/2678 2628/2628/2628 2578/2578/2578
f 2654/2654/2654 2686/2686/2686 2627/2627/2627
f 2699/2699/2699 2713/2713/2713 2657/2657/2657
f 2617/2617/2617 2616/2616/2616 2687/2687/2687
f 2587/2587/2587 2707/2707/2707 2588/2588/2588
f 2617/2617/2617 2666/2666/2666 2695/2695/2695
f 2692/2692/2692 2714/2714/2714 2695/2695/2695
f 2711/2711/2711 2577/2577/2577 2576/2576/2576
f 2715/2715/2715 2708/2708/2708 2645/2645/2645
f 2660/2660/2660 2628/2628/2628 2678/2678/2678
f 2684/2684/2684 2650/2650/2650 2649/2649/2649
f 2633/2633/2633 2662/2662/2662 2679/2679/2679
f 2658/2658/2658 2657/2657/2657 2706/2706/2706
f 2677/2677/2677 2716/2716/2716 2673/2673/2673
f 2579/2579/2579 2644/2644/2644 2658/2658/2658
f 2650/2650/2650 2684/2684/2684 2699/2699/2699
f 2683/2683/2683 2717/2717/2717 2676/2676/2676
f 2602/2602/2602 2718/2718/2718 2600/2600/2600
f 2601/2601/2601 2690/2690/2690 2619/2619/2619
f 2611/2611/2611 2719/2719/2719 2669/2669/2669
f 2707/2707/2707 2699/2699/2699 2676/2676/2676
f 2645/2645/2645 2708/2708/2708 2635/2635/2635
f 2708/2708/2708 2711/2711/2711 2674/2674/2674
f 2712/2712/2712 2654/2654/2654 2627/2627/2627
f 2712/2712/2712 2628/2628/2628 2660/2660/2660
f 2601/2601/2601 2619/2619/2619 2602/2602/2602
f 2654/2654/2654 2720/2720/2720 2652/2652/2652
f 2711/2711/2711 2678/2678/2678 2577/2577/2577
f 2571/2571/2571 2615/2615/2615 2572/2572/2572
f 2693/2693/2693 2621/2621/2621 2565/2565/2565
f 2715/2715/2715 2621/2621/2621 2708/2708/2708
f 2721/2721/2721 2722/2722/2722 2702/2702/2702
f 2686/2686/2686 2654/2654/2654 2653/2653/2653
f 2723/2723/2723 2714/2714/2714 2692/2692/2692
f 2721/2721/2721 2702/2702/2702 2681/2681/2681
f 2605/2605/2605 2583/2583/2583 2660/2660/2660
f 2721/2721/2721 2681/2681/2681 2667/2667/2667
f 2610/2610/2610 2669/2669/2669 2594/2594/2594
f 2668/2668/2668 2663/2663/2663 2670/2670/2670
f 2663/2663/2663 2572/2572/2572 2670/2670/2670
f 2724/2724/2724 2667/2667/2667 2668/2668/2668
f 2724/2724/2724 2722/2722/2722 2721/2721/2721
f 2586/2586/2586 2655/2655/2655 2712/2712/2712
f 2624/2624/2624 2724/2724/2724 2668/2668/2668
f 2626/2626/2626 2722/2722/2722 2724/2724/2724
f 2624/2624/2624 2626/2626/2626 2724/2724/2724
f 2722/2722/2722 2626/2626/2626 2725/2725/2725
f 2655/2655/2655 2720/2720/2720 2654/2654/2654
f 2725/2725/2725 2726/2726/2726 2727/2727/2727
f 2694/2694/2694 2679/2679/2679 2662/2662/2662
f 2725/2725/2725 2626/2626/2626 2726/2726/2726
f 2582/2582/2582 2586/2586/2586 2712/2712/2712
f 2563/2563/2563 2562/2562/2562 2620/2620/2620
f 2694/2694/2694 2615/2615/2615 2614/2614/2614
f 2564/2564/2564 2566/2566/2566 2580/2580/2580
f 2688/2688/2688 2728/2728/2728 2689/2689/2689
f 2708/2708/2708 2621/2621/2621 2605/2605/2605
f 2667/2667/2667 2724/2724/2724 2721/2721/2721
f 2729/2729/2729 2730/2730/2730 2731/2731/2731
f 2732/2732/2732 2677/2677/2677 2595/2595/2595
f 2602/2602/2602 2717/2717/2717 2718/2718/2718
f 2726/2726/2726 2731/2731/2731 2727/2727/2727
f 2615/2615/2615 2648/2648/2648 2661/2661/2661
f 2624/2624/2624 2661/2661/2661 2716/2716/2716
f 2625/2625/2625 2624/2624/2624 2716/2716/2716
f 2626/2626/2626 2625/2625/2625 2726/2726/2726
f 2669/2669/2669 2719/2719/2719 2685/2685/2685
f 2679/2679/2679 2689/2689/2689 2733/2733/2733
f 2658/2658/2658 2706/2706/2706 2579/2579/2579
f 2604/2604/2604 2690/2690/2690 2601/2601/2601
f 2621/2621/2621 2606/2606/2606 2605/2605/2605
f 2726/2726/2726 2729/2729/2729 2731/2731/2731
f 2580/2580/2580 2677/2677/2677 2673/2673/2673
f 2610/2610/2610 2671/2671/2671 2642/2642/2642
f 2630/2630/2630 2730/2730/2730 2729/2729/2729
f 2718/2718/2718 2734/2734/2734 2600/2600/2600
f 2692/2692/2692 2653/2653/2653 2723/2723/2723
f 2707/2707/2707 2569/2569/2569 2588/2588/2588
f 2632/2632/2632 2634/2634/2634 2590/2590/2590
f 2630/2630/2630 2629/2629/2629 2730/2730/2730
f 2694/2694/2694 2648/2648/2648 2615/2615/2615
f 2657/2657/2657 2713/2713/2713 2706/2706/2706
f 2561/2561/2561 2717/2717/2717 2602/2602/2602
f 2629/2629/2629 2631/2631/2631 2735/2735/2735
f 2596/2596/2596 2592/2592/2592 2700/2700/2700
f 2564/2564/2564 2673/2673/2673 2647/2647/2647
f 2665/2665/2665 2671/2671/2671 2610/2610/2610
f 2713/2713/2713 2707/2707/2707 2706/2706/2706
f 2661/2661/2661 2648/2648/2648 2673/2673/2673
f 2688/2688/2688 2614/2614/2614 2571/2571/2571
f 2720/2720/2720 2655/2655/2655 2656/2656/2656
f 2621/2621/2621 2693/2693/2693 2659/2659/2659
f 2673/2673/2673 2716/2716/2716 2661/2661/2661
f 2716/2716/2716 2677/2677/2677 2625/2625/2625
f 2699/2699/2699 2707/2707/2707 2713/2713/2713
f 2726/2726/2726 2625/2625/2625 2732/2732/2732
f 2621/2621/2621 2715/2715/2715 2579/2579/2579
f 2637/2637/2637 2636/2636/2636 2674/2674/2674
f 2631/2631/2631 2620/2620/2620 2736/2736/2736
f 2587/2587/2587 2579/2579/2579 2706/2706/2706
f 2737/2737/2737 2710/2710/2710 2738/2738/2738
f 2676/2676/2676 2717/2717/2717 2561/2561/2561
f 2670/2670/2670 2624/2624/2624 2668/2668/2668
f 2664/2664/2664 2663/2663/2663 2668/2668/2668
f 2575/2575/2575 2633/2633/2633 2680/2680/2680
f 2707/2707/2707 2676/2676/2676 2569/2569/2569
f 2648/2648/2648 2694/2694/2694 2662/2662/2662
f 2717/2717/2717 2734/2734/2734 2718/2718/2718
f 2639/2639/2639 2641/2641/2641 2593/2593/2593
f 2620/2620/2620 2690/2690/2690 2736/2736/2736
f 2631/2631/2631 2630/2630/2630 2623/2623/2623
f 2595/2595/2595 2696/2696/2696 2732/2732/2732
f 2623/2623/2623 2630/2630/2630 2696/2696/2696
f 2680/2680/2680 2679/2679/2679 2733/2733/2733
f 2599/2599/2599 2634/2634/2634 2636/2636/2636
f 2562/2562/2562 2602/2602/2602 2619/2619/2619
f 2715/2715/2715 2645/2645/2645 2579/2579/2579
f 2572/2572/2572 2615/2615/2615 2670/2670/2670
f 2696/2696/2696 2729/2729/2729 2732/2732/2732
f 2657/2657/2657 2650/2650/2650 2699/2699/2699
f 2641/2641/2641 2639/2639/2639 2686/2686/2686
f 2697/2697/2697 2698/2698/2698 2604/2604/2604
f 2686/2686/2686 2639/2639/2639 2627/2627/2627
f 2711/2711/2711 2708/2708/2708 2605/2605/2605
f 2675/2675/2675 2622/2622/2622 2651/2651/2651
f 2712/2712/2712 2660/2660/2660 2582/2582/2582
f 2681/2681/2681 2701/2701/2701 2709/2709/2709
f 2690/2690/2690 2698/2698/2698 2739/2739/2739
f 2714/2714/2714 2723/2723/2723 2618/2618/2618
f 2658/2658/2658 2644/2644/2644 2632/2632/2632
f 2617/2617/2617 2714/2714/2714 2618/2618/2618
f 2592/2592/2592 2594/2594/2594 2700/2700/2700
f 2570/2570/2570 2688/2688/2688 2571/2571/2571
f 2655/2655/2655 2654/2654/2654 2712/2712/2712
f 2733/2733/2733 2689/2689/2689 2728/2728/2728
f 2573/2573/2573 2733/2733/2733 2728/2728/2728
f 2689/2689/2689 2694/2694/2694 2614/2614/2614
f 2646/2646/2646 2648/2648/2648 2662/2662/2662
f 2664/2664/2664 2681/2681/2681 2709/2709/2709
f 2638/2638/2638 2637/2637/2637 2578/2578/2578
f 2740/2740/2740 2741/2741/2741 2703/2703/2703
f 2742/2742/2742 2697/2697/2697 2743/2743/2743
f 2728/2728/2728 2688/2688/2688 2744/2744/2744
f 2744/2744/2744 2573/2573/2573 2728/2728/2728
f 2688/2688/2688 2570/2570/2570 2745/2745/2745
f 2695/2695/2695 2714/2714/2714 2617/2617/2617
f 2741/2741/2741 2701/2701/2701 2703/2703/2703
f 2740/2740/2740 2746/2746/2746 2741/2741/2741
f 2745/2745/2745 2744/2744/2744 2688/2688/2688
f 2572/2572/2572 2691/2691/2691 2570/2570/2570
f 2570/2570/2570 2705/2705/2705 2745/2745/2745
f 2747/2747/2747 2748/2748/2748 2741/2741/2741
f 2748/2748/2748 2701/2701/2701 2741/2741/2741
f 2709/2709/2709 2701/2701/2701 2738/2738/2738
f 2747/2747/2747 2741/2741/2741 2746/2746/2746
f 2745/2745/2745 2705/2705/2705 2749/2749/2749
f 2749/2749/2749 2744/2744/2744 2745/2745/2745
f 2710/2710/2710 2737/2737/2737 2691/2691/2691
f 2710/2710/2710 2709/2709/2709 2738/2738/2738
f 2750/2750/2750 2748/2748/2748 2747/2747/2747
f 2737/2737/2737 2704/2704/2704 2570/2570/2570
f 2748/2748/2748 2750/2750/2750 2738/2738/2738
f 2737/2737/2737 2570/2570/2570 2691/2691/2691
f 2742/2742/2742 2698/2698/2698 2697/2697/2697
f 2729/2729/2729 2726/2726/2726 2732/2732/2732
f 2729/2729/2729 2696/2696/2696 2630/2630/2630
f 2690/2690/2690 2739/2739/2739 2736/2736/2736
f 2664/2664/2664 2709/2709/2709 2691/2691/2691
f 2736/2736/2736 2735/2735/2735 2631/2631/2631
f 2733/2733/2733 2573/2573/2573 2575/2575/2575
f 2732/2732/2732 2625/2625/2625 2677/2677/2677
f 2702/2702/2702 2701/2701/2701 2681/2681/2681
f 2678/2678/2678 2711/2711/2711 2605/2605/2605
f 2746/2746/2746 2750/2750/2750 2747/2747/2747
f 2701/2701/2701 2748/2748/2748 2738/2738/2738
f 2575/2575/2575 2680/2680/2680 2733/2733/2733
f 2751/2751/2751 2752/2752/2752 2753/2753/2753
f 2752/2752/2752 2751/2751/2751 2754/2754/2754
f 2755/2755/2755 2756/2756/2756 2757/2757/2757
f 2758/2758/2758 2759/2759/2759 2760/2760/2760
f 2754/2754/2754 2761/2761/2761 2762/2762/2762
f 2763/2763/2763 2764/2764/2764 2765/2765/2765
f 2761/2761/2761 2754/2754/2754 2751/2751/2751
f 2759/2759/2759 2766/2766/2766 2760/2760/2760
f 2767/2767/2767 2768/2768/2768 2751/2751/2751
f 2769/2769/2769 2758/2758/2758 2760/2760/2760
f 2762/2762/2762 2761/2761/2761 2770/2770/2770
f 2751/2751/2751 2771/2771/2771 2761/2761/2761
f 2772/2772/2772 2762/2762/2762 2770/2770/2770
f 2773/2773/2773 2774/2774/2774 2775/2775/2775
f 2770/2770/2770 2761/2761/2761 2771/2771/2771
f 2776/2776/2776 2777/2777/2777 2778/2778/2778
f 2779/2779/2779 2780/2780/2780 2781/2781/2781
f 2782/2782/2782 2775/2775/2775 2783/2783/2783
f 2784/2784/2784 2768/2768/2768 2785/2785/2785
f 2786/2786/2786 2787/2787/2787 2780/2780/2780
f 2788/2788/2788 2789/2789/2789 2790/2790/2790
f 2767/2767/2767 2785/2785/2785 2768/2768/2768
f 2770/2770/2770 2791/2791/2791 2772/2772/2772
f 2792/2792/2792 2793/2793/2793 2768/2768/2768
f 2794/2794/2794 2795/2795/2795 2796/2796/2796
f 2797/2797/2797 2784/2784/2784 2785/2785/2785
f 2798/2798/2798 2799/2799/2799 2800/2800/2800
f 2801/2801/2801 2802/2802/2802 2803/2803/2803
f 2768/2768/2768 2784/2784/2784 2804/2804/2804
f 2805/2805/2805 2800/2800/2800 2806/2806/2806
f 2752/2752/2752 2807/2807/2807 2753/2753/2753
f 2753/2753/2753 2767/2767/2767 2751/2751/2751
f 2753/2753/2753 2808/2808/2808 2767/2767/2767
f 2791/2791/2791 2770/2770/2770 2776/2776/2776
f 2809/2809/2809 2799/2799/2799 2810/2810/2810
f 2811/2811/2811 2793/2793/2793 2792/2792/2792
f 2764/2764/2764 2812/2812/2812 2813/2813/2813
f 2770/2770/2770 2793/2793/2793 2776/2776/2776
f 2813/2813/2813 2812/2812/2812 2814/2814/2814
f 2804/2804/2804 2792/2792/2792 2768/2768/2768
f 2815/2815/2815 2799/2799/2799 2798/2798/2798
f 2816/2816/2816 2784/2784/2784 2797/2797/2797
f 2804/2804/2804 2784/2784/2784 2817/2817/2817
f 2797/2797/2797 2818/2818/2818 2816/2816/2816
f 2819/2819/2819 2820/2820/2820 2798/2798/2798
f 2778/2778/2778 2821/2821/2821 2822/2822/2822
f 2823/2823/2823 2824/2824/2824 2825/2825/2825
f 2826/2826/2826 2791/2791/2791 2776/2776/2776
f 2804/2804/2804 2827/2827/2827 2792/2792/2792
f 2792/2792/2792 2827/2827/2827 2811/2811/2811
f 2828/2828/2828 2787/2787/2787 2786/2786/2786
f 2809/2809/2809 2810/2810/2810 2795/2795/2795
f 2817/2817/2817 2827/2827/2827 2804/2804/2804
f 2783/2783/2783 2777/2777/2777 2811/2811/2811
f 2829/2829/2829 2817/2817/2817 2816/2816/2816
f 2769/2769/2769 2830/2830/2830 2831/2831/2831
f 2784/2784/2784 2816/2816/2816 2817/2817/2817
f 2832/2832/2832 2833/2833/2833 2834/2834/2834
f 2835/2835/2835 2836/2836/2836 2837/2837/2837
f 2793/2793/2793 2777/2777/2777 2776/2776/2776
f 2838/2838/2838 2787/2787/2787 2839/2839/2839
f 2782/2782/2782 2783/2783/2783 2811/2811/2811
f 2796/2796/2796 2840/2840/2840 2841/2841/2841
f 2842/2842/2842 2769/2769/2769 2843/2843/2843
f 2844/2844/2844 2782/2782/2782 2827/2827/2827
f 2775/2775/2775 2774/2774/2774 2821/2821/2821
f 2821/2821/2821 2777/2777/2777 2783/2783/2783
f 2760/2760/2760 2845/2845/2845 2843/2843/2843
f 2785/2785/2785 2767/2767/2767 2797/2797/2797
f 2817/2817/2817 2844/2844/2844 2827/2827/2827
f 2844/2844/2844 2817/2817/2817 2829/2829/2829
f 2845/2845/2845 2760/2760/2760 2846/2846/2846
f 2816/2816/2816 2847/2847/2847 2829/2829/2829
f 2777/2777/2777 2821/2821/2821 2778/2778/2778
f 2821/2821/2821 2783/2783/2783 2775/2775/2775
f 2829/2829/2829 2848/2848/2848 2844/2844/2844
f 2849/2849/2849 2850/2850/2850 2786/2786/2786
f 2822/2822/2822 2851/2851/2851 2778/2778/2778
f 2852/2852/2852 2853/2853/2853 2779/2779/2779
f 2818/2818/2818 2797/2797/2797 2854/2854/2854
f 2855/2855/2855 2856/2856/2856 2818/2818/2818
f 2857/2857/2857 2854/2854/2854 2797/2797/2797
f 2800/2800/2800 2799/2799/2799 2806/2806/2806
f 2808/2808/2808 2753/2753/2753 2858/2858/2858
f 2859/2859/2859 2794/2794/2794 2796/2796/2796
f 2860/2860/2860 2844/2844/2844 2861/2861/2861
f 2821/2821/2821 2774/2774/2774 2822/2822/2822
f 2775/2775/2775 2782/2782/2782 2860/2860/2860
f 2862/2862/2862 2863/2863/2863 2864/2864/2864
f 2800/2800/2800 2819/2819/2819 2798/2798/2798
f 2865/2865/2865 2820/2820/2820 2819/2819/2819
f 2866/2866/2866 2867/2867/2867 2847/2847/2847
f 2828/2828/2828 2837/2837/2837 2839/2839/2839
f 2868/2868/2868 2822/2822/2822 2774/2774/2774
f 2794/2794/2794 2859/2859/2859 2806/2806/2806
f 2787/2787/2787 2828/2828/2828 2839/2839/2839
f 2832/2832/2832 2860/2860/2860 2861/2861/2861
f 2848/2848/2848 2756/2756/2756 2755/2755/2755
f 2869/2869/2869 2870/2870/2870 2847/2847/2847
f 2867/2867/2867 2757/2757/2757 2756/2756/2756
f 2837/2837/2837 2859/2859/2859 2841/2841/2841
f 2858/2858/2858 2871/2871/2871 2808/2808/2808
f 2795/2795/2795 2872/2872/2872 2840/2840/2840
f 2773/2773/2773 2868/2868/2868 2774/2774/2774
f 2860/2860/2860 2832/2832/2832 2834/2834/2834
f 2763/2763/2763 2870/2870/2870 2869/2869/2869
f 2757/2757/2757 2866/2866/2866 2790/2790/2790
f 2873/2873/2873 2837/2837/2837 2841/2841/2841
f 2838/2838/2838 2781/2781/2781 2787/2787/2787
f 2874/2874/2874 2842/2842/2842 2875/2875/2875
f 2876/2876/2876 2863/2863/2863 2877/2877/2877
f 2773/2773/2773 2834/2834/2834 2878/2878/2878
f 2840/2840/2840 2796/2796/2796 2795/2795/2795
f 2879/2879/2879 2832/2832/2832 2755/2755/2755
f 2757/2757/2757 2880/2880/2880 2755/2755/2755
f 2840/2840/2840 2873/2873/2873 2841/2841/2841
f 2763/2763/2763 2881/2881/2881 2870/2870/2870
f 2881/2881/2881 2882/2882/2882 2866/2866/2866
f 2880/2880/2880 2757/2757/2757 2790/2790/2790
f 2790/2790/2790 2866/2866/2866 2883/2883/2883
f 2875/2875/2875 2845/2845/2845 2884/2884/2884
f 2884/2884/2884 2856/2856/2856 2885/2885/2885
f 2795/2795/2795 2794/2794/2794 2809/2809/2809
f 2886/2886/2886 2887/2887/2887 2888/2888/2888
f 2779/2779/2779 2853/2853/2853 2780/2780/2780
f 2819/2819/2819 2800/2800/2800 2889/2889/2889
f 2773/2773/2773 2878/2878/2878 2890/2890/2890
f 2878/2878/2878 2834/2834/2834 2833/2833/2833
f 2879/2879/2879 2755/2755/2755 2789/2789/2789
f 2789/2789/2789 2755/2755/2755 2880/2880/2880
f 2881/2881/2881 2763/2763/2763 2803/2803/2803
f 2820/2820/2820 2865/2865/2865 2862/2862/2862
f 2866/2866/2866 2882/2882/2882 2883/2883/2883
f 2865/2865/2865 2819/2819/2819 2889/2889/2889
f 2790/2790/2790 2789/2789/2789 2880/2880/2880
f 2853/2853/2853 2891/2891/2891 2786/2786/2786
f 2892/2892/2892 2790/2790/2790 2883/2883/2883
f 2806/2806/2806 2859/2859/2859 2805/2805/2805
f 2891/2891/2891 2893/2893/2893 2786/2786/2786
f 2891/2891/2891 2894/2894/2894 2895/2895/2895
f 2878/2878/2878 2896/2896/2896 2890/2890/2890
f 2874/2874/2874 2886/2886/2886 2888/2888/2888
f 2775/2775/2775 2860/2860/2860 2834/2834/2834
f 2753/2753/2753 2807/2807/2807 2858/2858/2858
f 2803/2803/2803 2763/2763/2763 2765/2765/2765
f 2841/2841/2841 2859/2859/2859 2796/2796/2796
f 2802/2802/2802 2881/2881/2881 2803/2803/2803
f 2897/2897/2897 2882/2882/2882 2898/2898/2898
f 2799/2799/2799 2809/2809/2809 2806/2806/2806
f 2899/2899/2899 2874/2874/2874 2875/2875/2875
f 2881/2881/2881 2802/2802/2802 2898/2898/2898
f 2883/2883/2883 2900/2900/2900 2892/2892/2892
f 2837/2837/2837 2873/2873/2873 2839/2839/2839
f 2901/2901/2901 2902/2902/2902 2903/2903/2903
f 2790/2790/2790 2892/2892/2892 2788/2788/2788
f 2863/2863/2863 2876/2876/2876 2887/2887/2887
f 2862/2862/2862 2904/2904/2904 2820/2820/2820
f 2805/2805/2805 2889/2889/2889 2800/2800/2800
f 2837/2837/2837 2889/2889/2889 2859/2859/2859
f 2884/2884/2884 2885/2885/2885 2905/2905/2905
f 2902/2902/2902 2862/2862/2862 2865/2865/2865
f 2865/2865/2865 2889/2889/2889 2836/2836/2836
f 2844/2844/2844 2860/2860/2860 2782/2782/2782
f 2886/2886/2886 2906/2906/2906 2887/2887/2887
f 2766/2766/2766 2803/2803/2803 2765/2765/2765
f 2897/2897/2897 2898/2898/2898 2802/2802/2802
f 2907/2907/2907 2882/2882/2882 2908/2908/2908
f 2900/2900/2900 2883/2883/2883 2907/2907/2907
f 2787/2787/2787 2781/2781/2781 2780/2780/2780
f 2862/2862/2862 2864/2864/2864 2904/2904/2904
f 2824/2824/2824 2823/2823/2823 2909/2909/2909
f 2805/2805/2805 2859/2859/2859 2889/2889/2889
f 2837/2837/2837 2836/2836/2836 2889/2889/2889
f 2910/2910/2910 2911/2911/2911 2912/2912/2912
f 2913/2913/2913 2914/2914/2914 2871/2871/2871
f 2901/2901/2901 2915/2915/2915 2877/2877/2877
f 2913/2913/2913 2916/2916/2916 2917/2917/2917
f 2836/2836/2836 2850/2850/2850 2918/2918/2918
f 2919/2919/2919 2920/2920/2920 2921/2921/2921
f 2886/2886/2886 2922/2922/2922 2906/2906/2906
f 2810/2810/2810 2799/2799/2799 2815/2815/2815
f 2844/2844/2844 2848/2848/2848 2861/2861/2861
f 2922/2922/2922 2886/2886/2886 2899/2899/2899
f 2803/2803/2803 2766/2766/2766 2923/2923/2923
f 2907/2907/2907 2908/2908/2908 2900/2900/2900
f 2849/2849/2849 2918/2918/2918 2850/2850/2850
f 2902/2902/2902 2865/2865/2865 2903/2903/2903
f 2863/2863/2863 2862/2862/2862 2902/2902/2902
f 2865/2865/2865 2836/2836/2836 2903/2903/2903
f 2835/2835/2835 2837/2837/2837 2828/2828/2828
f 2899/2899/2899 2924/2924/2924 2925/2925/2925
f 2915/2915/2915 2876/2876/2876 2877/2877/2877
f 2828/2828/2828 2850/2850/2850 2835/2835/2835
f 2926/2926/2926 2905/2905/2905 2911/2911/2911
f 2911/2911/2911 2927/2927/2927 2926/2926/2926
f 2928/2928/2928 2927/2927/2927 2914/2914/2914
f 2764/2764/2764 2763/2763/2763 2812/2812/2812
f 2929/2929/2929 2930/2930/2930 2825/2825/2825
f 2928/2928/2928 2914/2914/2914 2917/2917/2917
f 2824/2824/2824 2931/2931/2931 2895/2895/2895
f 2923/2923/2923 2932/2932/2932 2803/2803/2803
f 2766/2766/2766 2759/2759/2759 2923/2923/2923
f 2925/2925/2925 2922/2922/2922 2899/2899/2899
f 2863/2863/2863 2902/2902/2902 2877/2877/2877
f 2836/2836/2836 2918/2918/2918 2903/2903/2903
f 2836/2836/2836 2835/2835/2835 2850/2850/2850
f 2926/2926/2926 2927/2927/2927 2933/2933/2933
f 2786/2786/2786 2780/2780/2780 2853/2853/2853
f 2933/2933/2933 2927/2927/2927 2928/2928/2928
f 2843/2843/2843 2769/2769/2769 2760/2760/2760
f 2934/2934/2934 2922/2922/2922 2925/2925/2925
f 2883/2883/2883 2882/2882/2882 2907/2907/2907
f 2935/2935/2935 2926/2926/2926 2933/2933/2933
f 2778/2778/2778 2851/2851/2851 2936/2936/2936
f 2930/2930/2930 2932/2932/2932 2923/2923/2923
f 2849/2849/2849 2901/2901/2901 2903/2903/2903
f 2918/2918/2918 2849/2849/2849 2903/2903/2903
f 2786/2786/2786 2850/2850/2850 2828/2828/2828
f 2871/2871/2871 2937/2937/2937 2808/2808/2808
f 2823/2823/2823 2930/2930/2930 2759/2759/2759
f 2902/2902/2902 2901/2901/2901 2877/2877/2877
f 2893/2893/2893 2901/2901/2901 2849/2849/2849
f 2781/2781/2781 2838/2838/2838 2938/2938/2938
f 2939/2939/2939 2934/2934/2934 2925/2925/2925
f 2939/2939/2939 2925/2925/2925 2935/2935/2935
f 2809/2809/2809 2794/2794/2794 2806/2806/2806
f 2940/2940/2940 2941/2941/2941 2942/2942/2942
f 2849/2849/2849 2786/2786/2786 2893/2893/2893
f 2901/2901/2901 2893/2893/2893 2909/2909/2909
f 2901/2901/2901 2909/2909/2909 2915/2915/2915
f 2781/2781/2781 2938/2938/2938 2779/2779/2779
f 2847/2847/2847 2867/2867/2867 2829/2829/2829
f 2931/2931/2931 2909/2909/2909 2893/2893/2893
f 2943/2943/2943 2779/2779/2779 2938/2938/2938
f 2853/2853/2853 2944/2944/2944 2891/2891/2891
f 2893/2893/2893 2891/2891/2891 2895/2895/2895
f 2931/2931/2931 2893/2893/2893 2895/2895/2895
f 2909/2909/2909 2931/2931/2931 2824/2824/2824
f 2852/2852/2852 2779/2779/2779 2943/2943/2943
f 2891/2891/2891 2944/2944/2944 2894/2894/2894
f 2894/2894/2894 2944/2944/2944 2940/2940/2940
f 2944/2944/2944 2945/2945/2945 2940/2940/2940
f 2759/2759/2759 2758/2758/2758 2823/2823/2823
f 2945/2945/2945 2941/2941/2941 2940/2940/2940
f 2894/2894/2894 2824/2824/2824 2895/2895/2895
f 2940/2940/2940 2929/2929/2929 2894/2894/2894
f 2940/2940/2940 2942/2942/2942 2946/2946/2946
f 2831/2831/2831 2758/2758/2758 2769/2769/2769
f 2946/2946/2946 2932/2932/2932 2930/2930/2930
f 2914/2914/2914 2913/2913/2913 2917/2917/2917
f 2825/2825/2825 2824/2824/2824 2894/2894/2894
f 2823/2823/2823 2825/2825/2825 2930/2930/2930
f 2940/2940/2940 2946/2946/2946 2929/2929/2929
f 2825/2825/2825 2894/2894/2894 2929/2929/2929
f 2758/2758/2758 2831/2831/2831 2823/2823/2823
f 2929/2929/2929 2946/2946/2946 2930/2930/2930
f 2814/2814/2814 2812/2812/2812 2869/2869/2869
f 2942/2942/2942 2932/2932/2932 2946/2946/2946
f 2855/2855/2855 2818/2818/2818 2854/2854/2854
f 2915/2915/2915 2830/2830/2830 2876/2876/2876
f 2885/2885/2885 2855/2855/2855 2912/2912/2912
f 2814/2814/2814 2869/2869/2869 2847/2847/2847
f 2941/2941/2941 2945/2945/2945 2947/2947/2947
f 2882/2882/2882 2897/2897/2897 2948/2948/2948
f 2778/2778/2778 2826/2826/2826 2776/2776/2776
f 2887/2887/2887 2906/2906/2906 2864/2864/2864
f 2857/2857/2857 2797/2797/2797 2767/2767/2767
f 2882/2882/2882 2949/2949/2949 2908/2908/2908
f 2921/2921/2921 2950/2950/2950 2897/2897/2897
f 2926/2926/2926 2935/2935/2935 2925/2925/2925
f 2885/2885/2885 2912/2912/2912 2911/2911/2911
f 2906/2906/2906 2922/2922/2922 2951/2951/2951
f 2921/2921/2921 2801/2801/2801 2919/2919/2919
f 2848/2848/2848 2832/2832/2832 2861/2861/2861
f 2942/2942/2942 2941/2941/2941 2919/2919/2919
f 2922/2922/2922 2934/2934/2934 2951/2951/2951
f 2832/2832/2832 2848/2848/2848 2755/2755/2755
f 2842/2842/2842 2843/2843/2843 2845/2845/2845
f 2875/2875/2875 2884/2884/2884 2924/2924/2924
f 2826/2826/2826 2778/2778/2778 2936/2936/2936
f 2833/2833/2833 2832/2832/2832 2879/2879/2879
f 2763/2763/2763 2869/2869/2869 2812/2812/2812
f 2950/2950/2950 2921/2921/2921 2920/2920/2920
f 2793/2793/2793 2770/2770/2770 2771/2771/2771
f 2771/2771/2771 2751/2751/2751 2768/2768/2768
f 2866/2866/2866 2757/2757/2757 2867/2867/2867
f 2834/2834/2834 2773/2773/2773 2775/2775/2775
f 2766/2766/2766 2765/2765/2765 2764/2764/2764
f 2912/2912/2912 2855/2855/2855 2854/2854/2854
f 2855/2855/2855 2885/2885/2885 2856/2856/2856
f 2905/2905/2905 2924/2924/2924 2884/2884/2884
f 2846/2846/2846 2813/2813/2813 2856/2856/2856
f 2760/2760/2760 2764/2764/2764 2846/2846/2846
f 2927/2927/2927 2871/2871/2871 2914/2914/2914
f 2899/2899/2899 2886/2886/2886 2874/2874/2874
f 2845/2845/2845 2875/2875/2875 2842/2842/2842
f 2910/2910/2910 2857/2857/2857 2937/2937/2937
f 2811/2811/2811 2827/2827/2827 2782/2782/2782
f 2942/2942/2942 2801/2801/2801 2932/2932/2932
f 2769/2769/2769 2842/2842/2842 2830/2830/2830
f 2905/2905/2905 2925/2925/2925 2924/2924/2924
f 2876/2876/2876 2830/2830/2830 2888/2888/2888
f 2921/2921/2921 2897/2897/2897 2802/2802/2802
f 2937/2937/2937 2767/2767/2767 2808/2808/2808
f 2831/2831/2831 2909/2909/2909 2823/2823/2823
f 2870/2870/2870 2881/2881/2881 2866/2866/2866
f 2846/2846/2846 2856/2856/2856 2845/2845/2845
f 2871/2871/2871 2927/2927/2927 2910/2910/2910
f 2924/2924/2924 2899/2899/2899 2875/2875/2875
f 2919/2919/2919 2941/2941/2941 2947/2947/2947
f 2882/2882/2882 2881/2881/2881 2898/2898/2898
f 2813/2813/2813 2846/2846/2846 2764/2764/2764
f 2947/2947/2947 2920/2920/2920 2919/2919/2919
f 2948/2948/2948 2949/2949/2949 2882/2882/2882
f 2867/2867/2867 2756/2756/2756 2829/2829/2829
f 2915/2915/2915 2831/2831/2831 2830/2830/2830
f 2911/2911/2911 2905/2905/2905 2885/2885/2885
f 2777/2777/2777 2793/2793/2793 2811/2811/2811
f 2756/2756/2756 2848/2848/2848 2829/2829/2829
f 2764/2764/2764 2760/2760/2760 2766/2766/2766
f 2905/2905/2905 2926/2926/2926 2925/2925/2925
f 2944/2944/2944 2952/2952/2952 2945/2945/2945
f 2856/2856/2856 2884/2884/2884 2845/2845/2845
f 2854/2854/2854 2857/2857/2857 2912/2912/2912
f 2871/2871/2871 2858/2858/2858 2913/2913/2913
f 2952/2952/2952 2947/2947/2947 2945/2945/2945
f 2911/2911/2911 2910/2910/2910 2927/2927/2927
f 2771/2771/2771 2768/2768/2768 2793/2793/2793
f 2838/2838/2838 2839/2839/2839 2953/2953/2953
f 2938/2938/2938 2838/2838/2838 2953/2953/2953
f 2801/2801/2801 2942/2942/2942 2919/2919/2919
f 2801/2801/2801 2921/2921/2921 2802/2802/2802
f 2818/2818/2818 2813/2813/2813 2814/2814/2814
f 2801/2801/2801 2803/2803/2803 2932/2932/2932
f 2816/2816/2816 2818/2818/2818 2814/2814/2814
f 2830/2830/2830 2842/2842/2842 2874/2874/2874
f 2912/2912/2912 2857/2857/2857 2910/2910/2910
f 2816/2816/2816 2814/2814/2814 2847/2847/2847
f 2813/2813/2813 2818/2818/2818 2856/2856/2856
f 2951/2951/2951 2864/2864/2864 2906/2906/2906
f 2858/2858/2858 2916/2916/2916 2913/2913/2913
f 2952/2952/2952 2944/2944/2944 2853/2853/2853
f 2863/2863/2863 2887/2887/2887 2864/2864/2864
f 2870/2870/2870 2866/2866/2866 2847/2847/2847
f 2874/2874/2874 2888/2888/2888 2830/2830/2830
f 2937/2937/2937 2871/2871/2871 2910/2910/2910
f 2937/2937/2937 2857/2857/2857 2767/2767/2767
f 2888/2888/2888 2887/2887/2887 2876/2876/2876
f 2831/2831/2831 2915/2915/2915 2909/2909/2909
f 2930/2930/2930 2923/2923/2923 2759/2759/2759
f 2954/2954/2954 2955/2955/2955 2956/2956/2956
f 2957/2957/2957 2958/2958/2958 2959/2959/2959
f 2960/2960/2960 2954/2954/2954 2961/2961/2961
f 2962/2962/2962 2963/2963/2963 2964/2964/2964
f 2955/2955/2955 2954/2954/2954 2965/2965/2965
f 2966/2966/2966 2967/2967/2967 2968/2968/2968
f 2969/2969/2969 2970/2970/2970 2971/2971/2971
f 2972/2972/2972 2973/2973/2973 2974/2974/2974
f 2975/2975/2975 2976/2976/2976 2977/2977/2977
f 2978/2978/2978 2979/2979/2979 2980/2980/2980
f 2981/2981/2981 2982/2982/2982 2983/2983/2983
f 2961/2961/2961 2954/2954/2954 2984/2984/2984
f 2985/2985/2985 2986/2986/2986 2987/2987/2987
f 2988/2988/2988 2989/2989/2989 2990/2990/2990
f 2991/2991/2991 2992/2992/2992 2993/2993/2993
f 2994/2994/2994 2995/2995/2995 2996/2996/2996
f 2997/2997/2997 2998/2998/2998 2999/2999/2999
f 3000/3000/3000 3001/3001/3001 2988/2988/2988
f 2971/2971/2971 2996/2996/2996 2979/2979/2979
f 2984/2984/2984 2954/2954/2954 3002/3002/3002
f 2962/2962/2962 2977/2977/2977 2976/2976/2976
f 3003/3003/3003 2986/2986/2986 3004/3004/3004
f 2986/2986/2986 3005/3005/3005 3006/3006/3006
f 3007/3007/3007 3008/3008/3008 3009/3009/3009
f 3010/3010/3010 3011/3011/3011 3012/3012/3012
f 3013/3013/3013 3014/3014/3014 3015/3015/3015
f 2977/2977/2977 3016/3016/3016 2975/2975/2975
f 3017/3017/3017 3012/3012/3012 3007/3007/3007
f 3018/3018/3018 3019/3019/3019 3020/3020/3020
f 3021/3021/3021 3007/3007/3007 3022/3022/3022
f 3023/3023/3023 3024/3024/3024 3025/3025/3025
f 3026/3026/3026 3027/3027/3027 3028/3028/3028
f 3029/3029/3029 3030/3030/3030 3031/3031/3031
f 3032/3032/3032 3033/3033/3033 3034/3034/3034
f 3035/3035/3035 3036/3036/3036 3037/3037/3037
f 3038/3038/3038 3039/3039/3039 3040/3040/3040
f 3039/3039/3039 3041/3041/3041 2998/2998/2998
f 2986/2986/2986 3003/3003/3003 2987/2987/2987
f 3041/3041/3041 3042/3042/3042 3043/3043/3043
f 2995/2995/2995 2955/2955/2955 2965/2965/2965
f 3044/3044/3044 2963/2963/2963 3045/3045/3045
f 3023/3023/3023 3046/3046/3046 3047/3047/3047
f 3041/3041/3041 3038/3038/3038 3048/3048/3048
f 2999/2999/2999 3043/3043/3043 3049/3049/3049
f 2990/2990/2990 3000/3000/3000 2988/2988/2988
f 3050/3050/3050 3034/3034/3034 3033/3033/3033
f 2984/2984/2984 2989/2989/2989 3051/3051/3051
f 3025/3025/3025 3052/3052/3052 3053/3053/3053
f 2992/2992/2992 2981/2981/2981 2983/2983/2983
f 3054/3054/3054 3055/3055/3055 3001/3001/3001
f 3056/3056/3056 3057/3057/3057 3058/3058/3058
f 3059/3059/3059 3060/3060/3060 3061/3061/3061
f 3009/3009/3009 3008/3008/3008 3062/3062/3062
f 2975/2975/2975 3063/3063/3063 2976/2976/2976
f 2996/2996/2996 2977/2977/2977 2994/2994/2994
f 3064/3064/3064 3065/3065/3065 3046/3046/3046
f 3000/3000/3000 3054/3054/3054 3001/3001/3001
f 3066/3066/3066 3067/3067/3067 3057/3057/3057
f 3001/3001/3001 3068/3068/3068 2989/2989/2989
f 3005/3005/3005 3069/3069/3069 3006/3006/3006
f 3070/3070/3070 3071/3071/3071 3072/3072/3072
f 2963/2963/2963 3044/3044/3044 2964/2964/2964
f 2960/2960/2960 3073/3073/3073 2965/2965/2965
f 3039/3039/3039 2997/2997/2997 3074/3074/3074
f 3075/3075/3075 3076/3076/3076 3077/3077/3077
f 2974/2974/2974 3078/3078/3078 2972/2972/2972
f 3079/3079/3079 2975/2975/2975 3049/3049/3049
f 2979/2979/2979 2996/2996/2996 2980/2980/2980
f 3007/3007/3007 3012/3012/3012 3011/3011/3011
f 3024/3024/3024 3052/3052/3052 3025/3025/3025
f 3005/3005/3005 3032/3032/3032 3080/3080/3080
f 3081/3081/3081 3077/3077/3077 3076/3076/3076
f 3016/3016/3016 3049/3049/3049 2975/2975/2975
f 2983/2983/2983 2982/2982/2982 3082/3082/3082
f 3080/3080/3080 3032/3032/3032 3083/3083/3083
f 3084/3084/3084 3062/3062/3062 2957/2957/2957
f 3063/3063/3063 2975/2975/2975 3079/3079/3079
f 3062/3062/3062 3075/3075/3075 2957/2957/2957
f 3046/3046/3046 3023/3023/3023 3064/3064/3064
f 2987/2987/2987 3085/3085/3085 3086/3086/3086
f 2961/2961/2961 3087/3087/3087 3026/3026/3026
f 3011/3011/3011 3010/3010/3010 3076/3076/3076
f 3088/3088/3088 2982/2982/2982 3089/3089/3089
f 2971/2971/2971 2970/2970/2970 3016/3016/3016
f 3086/3086/3086 2985/2985/2985 2987/2987/2987
f 3090/3090/3090 3010/3010/3010 3012/3012/3012
f 3091/3091/3091 3092/3092/3092 3066/3066/3066
f 3079/3079/3079 3066/3066/3066 3092/3092/3092
f 3050/3050/3050 2956/2956/2956 2955/2955/2955
f 3093/3093/3093 2992/2992/2992 2991/2991/2991
f 3067/3067/3067 3049/3049/3049 3058/3058/3058
f 3094/3094/3094 3095/3095/3095 3096/3096/3096
f 3071/3071/3071 3097/3097/3097 3098/3098/3098
f 3076/3076/3076 3099/3099/3099 3100/3100/3100
f 3085/3085/3085 3101/3101/3101 2956/2956/2956
f 3092/3092/3092 3102/3102/3102 3079/3079/3079
f 3037/3037/3037 2963/2963/2963 3103/3103/3103
f 3072/3072/3072 3104/3104/3104 2959/2959/2959
f 3087/3087/3087 2961/2961/2961 3105/3105/3105
f 2997/2997/2997 3039/3039/3039 2998/2998/2998
f 3085/3085/3085 2987/2987/2987 3106/3106/3106
f 3073/3073/3073 2960/2960/2960 2961/2961/2961
f 3107/3107/3107 3103/3103/3103 2963/2963/2963
f 3051/3051/3051 3108/3108/3108 3065/3065/3065
f 3109/3109/3109 3037/3037/3037 3103/3103/3103
f 3084/3084/3084 3110/3110/3110 3104/3104/3104
f 3060/3060/3060 3111/3111/3111 3112/3112/3112
f 3034/3034/3034 3050/3050/3050 2994/2994/2994
f 3043/3043/3043 2999/2999/2999 2998/2998/2998
f 3113/3113/3113 3098/3098/3098 3114/3114/3114
f 3107/3107/3107 2963/2963/2963 3102/3102/3102
f 3051/3051/3051 3115/3115/3115 3116/3116/3116
f 2955/2955/2955 2995/2995/2995 2994/2994/2994
f 3063/3063/3063 3079/3079/3079 3102/3102/3102
f 3032/3032/3032 3044/3044/3044 3036/3036/3036
f 3087/3087/3087 3117/3117/3117 3094/3094/3094
f 2965/2965/2965 3073/3073/3073 2978/2978/2978
f 3118/3118/3118 3119/3119/3119 3015/3015/3015
f 3120/3120/3120 3093/3093/3093 2973/2973/2973
f 3109/3109/3109 3035/3035/3035 3037/3037/3037
f 2992/2992/2992 3093/3093/3093 3120/3120/3120
f 2993/2993/2993 2983/2983/2983 3082/3082/3082
f 3121/3121/3121 3122/3122/3122 3123/3123/3123
f 3038/3038/3038 3040/3040/3040 3048/3048/3048
f 3009/3009/3009 3062/3062/3062 3022/3022/3022
f 3080/3080/3080 3089/3089/3089 3069/3069/3069
f 3036/3036/3036 3083/3083/3083 3032/3032/3032
f 3095/3095/3095 3124/3124/3124 3096/3096/3096
f 2973/2973/2973 2972/2972/2972 3120/3120/3120
f 3125/3125/3125 3019/3019/3019 3018/3018/3018
f 2970/2970/2970 2999/2999/2999 3016/3016/3016
f 2996/2996/2996 2995/2995/2995 2980/2980/2980
f 3051/3051/3051 3065/3065/3065 2984/2984/2984
f 3041/3041/3041 3039/3039/3039 3038/3038/3038
f 3028/3028/3028 3027/3027/3027 3126/3126/3126
f 3121/3121/3121 3096/3096/3096 3127/3127/3127
f 3026/3026/3026 3073/3073/3073 2961/2961/2961
f 2989/2989/2989 2984/2984/2984 2990/2990/2990
f 2960/2960/2960 2965/2965/2965 2954/2954/2954
f 3035/3035/3035 3088/3088/3088 3083/3083/3083
f 3087/3087/3087 3094/3094/3094 3096/3096/3096
f 2971/2971/2971 3016/3016/3016 2996/2996/2996
f 3033/3033/3033 2985/2985/2985 3086/3086/3086
f 3128/3128/3128 3015/3015/3015 3119/3119/3119
f 3094/3094/3094 3129/3129/3129 3124/3124/3124
f 3036/3036/3036 3130/3130/3130 3037/3037/3037
f 2986/2986/2986 3006/3006/3006 3004/3004/3004
f 3070/3070/3070 3072/3072/3072 3131/3131/3131
f 3066/3066/3066 3057/3057/3057 3091/3091/3091
f 3017/3017/3017 3090/3090/3090 3012/3012/3012
f 3132/3132/3132 3129/3129/3129 3064/3064/3064
f 3118/3118/3118 3098/3098/3098 3113/3113/3113
f 2962/2962/2962 2976/2976/2976 3063/3063/3063
f 3105/3105/3105 3065/3065/3065 3133/3133/3133
f 2977/2977/2977 3034/3034/3034 2994/2994/2994
f 3058/3058/3058 3049/3049/3049 3043/3043/3043
f 3134/3134/3134 3088/3088/3088 3135/3135/3135
f 3025/3025/3025 3064/3064/3064 3023/3023/3023
f 3083/3083/3083 3088/3088/3088 3089/3089/3089
f 2998/2998/2998 3041/3041/3041 3043/3043/3043
f 3113/3113/3113 3039/3039/3039 3074/3074/3074
f 2985/2985/2985 3032/3032/3032 3005/3005/3005
f 3120/3120/3120 2981/2981/2981 2992/2992/2992
f 2983/2983/2983 2993/2993/2993 2992/2992/2992
f 3127/3127/3127 3096/3096/3096 3124/3124/3124
f 3037/3037/3037 3045/3045/3045 2963/2963/2963
f 2965/2965/2965 2980/2980/2980 2995/2995/2995
f 3102/3102/3102 2963/2963/2963 3063/3063/3063
f 3078/3078/3078 3003/3003/3003 3004/3004/3004
f 3079/3079/3079 3067/3067/3067 3066/3066/3066
f 3069/3069/3069 2982/2982/2982 2981/2981/2981
f 3123/3123/3123 3128/3128/3128 3027/3027/3027
f 3019/3019/3019 3125/3125/3125 3136/3136/3136
f 2969/2969/2969 2971/2971/2971 2979/2979/2979
f 3125/3125/3125 3018/3018/3018 3137/3137/3137
f 3137/3137/3137 3018/3018/3018 3138/3138/3138
f 3137/3137/3137 3139/3139/3139 3125/3125/3125
f 3138/3138/3138 3140/3140/3140 3137/3137/3137
f 3141/3141/3141 3139/3139/3139 3137/3137/3137
f 2956/2956/2956 3050/3050/3050 3085/3085/3085
f 3120/3120/3120 2972/2972/2972 3142/3142/3142
f 3117/3117/3117 3087/3087/3087 3105/3105/3105
f 3006/3006/3006 3143/3143/3143 3004/3004/3004
f 3139/3139/3139 3141/3141/3141 3144/3144/3144
f 3046/3046/3046 3065/3065/3065 3108/3108/3108
f 3145/3145/3145 3141/3141/3141 3140/3140/3140
f 3141/3141/3141 3146/3146/3146 3144/3144/3144
f 3146/3146/3146 3141/3141/3141 3145/3145/3145
f 3146/3146/3146 3145/3145/3145 3010/3010/3010
f 2989/2989/2989 2988/2988/2988 3001/3001/3001
f 3020/3020/3020 3138/3138/3138 3018/3018/3018
f 3068/3068/3068 3147/3147/3147 3115/3115/3115
f 3003/3003/3003 3054/3054/3054 3000/3000/3000
f 3148/3148/3148 3131/3131/3131 2958/2958/2958
f 3122/3122/3122 3084/3084/3084 3149/3149/3149
f 3129/3129/3129 3132/3132/3132 3124/3124/3124
f 3027/3027/3027 3026/3026/3026 3121/3121/3121
f 3119/3119/3119 3027/3027/3027 3128/3128/3128
f 3140/3140/3140 3141/3141/3141 3137/3137/3137
f 3083/3083/3083 3089/3089/3089 3080/3080/3080
f 3039/3039/3039 3113/3113/3113 3040/3040/3040
f 3119/3119/3119 3118/3118/3118 3113/3113/3113
f 3075/3075/3075 3008/3008/3008 3011/3011/3011
f 3062/3062/3062 3122/3122/3122 3127/3127/3127
f 3103/3103/3103 3107/3107/3107 3109/3109/3109
f 2965/2965/2965 2978/2978/2978 2980/2980/2980
f 3149/3149/3149 3123/3123/3123 3122/3122/3122
f 3150/3150/3150 3060/3060/3060 3151/3151/3151
f 3077/3077/3077 2958/2958/2958 2957/2957/2957
f 3025/3025/3025 3021/3021/3021 3132/3132/3132
f 3068/3068/3068 3001/3001/3001 3055/3055/3055
f 3068/3068/3068 2968/2968/2968 3147/3147/3147
f 3058/3058/3058 3043/3043/3043 3042/3042/3042
f 3085/3085/3085 3050/3050/3050 3086/3086/3086
f 3084/3084/3084 3152/3152/3152 3110/3110/3110
f 3113/3113/3113 3114/3114/3114 3040/3040/3040
f 2982/2982/2982 3069/3069/3069 3089/3089/3089
f 3022/3022/3022 3062/3062/3062 3127/3127/3127
f 3126/3126/3126 3119/3119/3119 3074/3074/3074
f 3084/3084/3084 3122/3122/3122 3062/3062/3062
f 3000/3000/3000 3085/3085/3085 3106/3106/3106
f 2954/2954/2954 2956/2956/2956 3002/3002/3002
f 3149/3149/3149 3013/3013/3013 3128/3128/3128
f 3022/3022/3022 3132/3132/3132 3021/3021/3021
f 2979/2979/2979 2978/2978/2978 3028/3028/3028
f 3069/3069/3069 3143/3143/3143 3006/3006/3006
f 2970/2970/2970 2997/2997/2997 2999/2999/2999
f 3098/3098/3098 3118/3118/3118 3015/3015/3015
f 3142/3142/3142 2972/2972/2972 3143/3143/3143
f 3147/3147/3147 3153/3153/3153 3115/3115/3115
f 3065/3065/3065 3105/3105/3105 2984/2984/2984
f 2969/2969/2969 2997/2997/2997 2970/2970/2970
f 3151/3151/3151 3100/3100/3100 3150/3150/3150
f 2981/2981/2981 3120/3120/3120 3142/3142/3142
f 2979/2979/2979 3126/3126/3126 2969/2969/2969
f 3133/3133/3133 3094/3094/3094 3117/3117/3117
f 3104/3104/3104 3149/3149/3149 3084/3084/3084
f 3133/3133/3133 3117/3117/3117 3105/3105/3105
f 3098/3098/3098 3097/3097/3097 3114/3114/3114
f 3148/3148/3148 3077/3077/3077 3081/3081/3081
f 3014/3014/3014 3098/3098/3098 3015/3015/3015
f 3017/3017/3017 3007/3007/3007 3053/3053/3053
f 3036/3036/3036 3035/3035/3035 3083/3083/3083
f 3053/3053/3053 3052/3052/3052 3017/3017/3017
f 3005/3005/3005 2986/2986/2986 2985/2985/2985
f 3134/3134/3134 2982/2982/2982 3088/3088/3088
f 3143/3143/3143 3069/3069/3069 3142/3142/3142
f 2964/2964/2964 3044/3044/3044 3032/3032/3032
f 3154/3154/3154 3155/3155/3155 3156/3156/3156
f 3142/3142/3142 3069/3069/3069 2981/2981/2981
f 3054/3054/3054 3031/3031/3031 3055/3055/3055
f 3078/3078/3078 3004/3004/3004 3143/3143/3143
f 3092/3092/3092 3107/3107/3107 3102/3102/3102
f 3030/3030/3030 3157/3157/3157 3158/3158/3158
f 3027/3027/3027 3119/3119/3119 3126/3126/3126
f 3159/3159/3159 3158/3158/3158 3154/3154/3154
f 3003/3003/3003 3160/3160/3160 3054/3054/3054
f 3101/3101/3101 2990/2990/2990 3002/3002/3002
f 3050/3050/3050 3033/3033/3033 3086/3086/3086
f 3014/3014/3014 3071/3071/3071 3098/3098/3098
f 3026/3026/3026 3087/3087/3087 3121/3121/3121
f 3005/3005/3005 3080/3080/3080 3069/3069/3069
f 3075/3075/3075 3062/3062/3062 3008/3008/3008
f 3055/3055/3055 3161/3161/3161 3068/3068/3068
f 3075/3075/3075 3077/3077/3077 2957/2957/2957
f 3154/3154/3154 3156/3156/3156 3159/3159/3159
f 3155/3155/3155 3162/3162/3162 3156/3156/3156
f 3029/3029/3029 2974/2974/2974 3157/3157/3157
f 3030/3030/3030 3158/3158/3158 3159/3159/3159
f 3129/3129/3129 3133/3133/3133 3065/3065/3065
f 2957/2957/2957 2959/2959/2959 3152/3152/3152
f 3073/3073/3073 3026/3026/3026 3028/3028/3028
f 2959/2959/2959 3104/3104/3104 3110/3110/3110
f 3014/3014/3014 3104/3104/3104 3072/3072/3072
f 3157/3157/3157 3030/3030/3030 3029/3029/3029
f 3161/3161/3161 2968/2968/2968 3068/3068/3068
f 3163/3163/3163 3140/3140/3140 3100/3100/3100
f 3070/3070/3070 3097/3097/3097 3071/3071/3071
f 3047/3047/3047 3108/3108/3108 3116/3116/3116
f 3095/3095/3095 3094/3094/3094 3124/3124/3124
f 3132/3132/3132 3064/3064/3064 3025/3025/3025
f 3082/3082/3082 2982/2982/2982 3134/3134/3134
f 2969/2969/2969 3074/3074/3074 2997/2997/2997
f 3071/3071/3071 3014/3014/3014 3072/3072/3072
f 3011/3011/3011 3008/3008/3008 3007/3007/3007
f 3135/3135/3135 3088/3088/3088 3035/3035/3035
f 3147/3147/3147 2968/2968/2968 2967/2967/2967
f 3050/3050/3050 2955/2955/2955 2994/2994/2994
f 3045/3045/3045 3037/3037/3037 3130/3130/3130
f 3104/3104/3104 3014/3014/3014 3013/3013/3013
f 3156/3156/3156 3164/3164/3164 3159/3159/3159
f 2989/2989/2989 3068/3068/3068 3115/3115/3115
f 3152/3152/3152 2959/2959/2959 3110/3110/3110
f 3153/3153/3153 3147/3147/3147 2967/2967/2967
f 3123/3123/3123 3027/3027/3027 3121/3121/3121
f 3161/3161/3161 3156/3156/3156 3162/3162/3162
f 3075/3075/3075 3011/3011/3011 3076/3076/3076
f 3077/3077/3077 3148/3148/3148 2958/2958/2958
f 3035/3035/3035 3109/3109/3109 3135/3135/3135
f 2958/2958/2958 3131/3131/3131 2959/2959/2959
f 3108/3108/3108 3047/3047/3047 3046/3046/3046
f 2974/2974/2974 3029/3029/3029 3078/3078/3078
f 3126/3126/3126 2979/2979/2979 3028/3028/3028
f 3164/3164/3164 3030/3030/3030 3159/3159/3159
f 3057/3057/3057 3056/3056/3056 3165/3165/3165
f 3002/3002/3002 2990/2990/2990 2984/2984/2984
f 3131/3131/3131 3072/3072/3072 2959/2959/2959
f 3015/3015/3015 3128/3128/3128 3013/3013/3013
f 3022/3022/3022 3127/3127/3127 3124/3124/3124
f 3076/3076/3076 3151/3151/3151 3081/3081/3081
f 3049/3049/3049 3016/3016/3016 2999/2999/2999
f 3045/3045/3045 3130/3130/3130 3044/3044/3044
f 3126/3126/3126 3074/3074/3074 2969/2969/2969
f 3149/3149/3149 3104/3104/3104 3013/3013/3013
f 3076/3076/3076 3010/3010/3010 3099/3099/3099
f 3007/3007/3007 3009/3009/3009 3022/3022/3022
f 3148/3148/3148 3081/3081/3081 3111/3111/3111
f 3151/3151/3151 3076/3076/3076 3100/3100/3100
f 2967/2967/2967 2966/2966/2966 3166/3166/3166
f 3081/3081/3081 3151/3151/3151 3112/3112/3112
f 3058/3058/3058 3057/3057/3057 3067/3067/3067
f 3099/3099/3099 3010/3010/3010 3145/3145/3145
f 3167/3167/3167 3148/3148/3148 3111/3111/3111
f 2984/2984/2984 3105/3105/3105 2961/2961/2961
f 3049/3049/3049 3067/3067/3067 3079/3079/3079
f 3034/3034/3034 2964/2964/2964 3032/3032/3032
f 3032/3032/3032 2985/2985/2985 3033/3033/3033
f 3112/3112/3112 3111/3111/3111 3081/3081/3081
f 3151/3151/3151 3060/3060/3060 3112/3112/3112
f 3053/3053/3053 3021/3021/3021 3025/3025/3025
f 3084/3084/3084 2957/2957/2957 3152/3152/3152
f 3124/3124/3124 3132/3132/3132 3022/3022/3022
f 2990/2990/2990 3101/3101/3101 3000/3000/3000
f 3100/3100/3100 3099/3099/3099 3163/3163/3163
f 3130/3130/3130 3036/3036/3036 3044/3044/3044
f 3145/3145/3145 3163/3163/3163 3099/3099/3099
f 3162/3162/3162 2966/2966/2966 3161/3161/3161
f 2987/2987/2987 3003/3003/3003 3106/3106/3106
f 3131/3131/3131 3148/3148/3148 3167/3167/3167
f 3028/3028/3028 2978/2978/2978 3073/3073/3073
f 3140/3140/3140 3150/3150/3150 3100/3100/3100
f 3123/3123/3123 3149/3149/3149 3128/3128/3128
f 2964/2964/2964 3034/3034/3034 2962/2962/2962
f 2977/2977/2977 2996/2996/2996 3016/3016/3016
f 3000/3000/3000 3106/3106/3106 3003/3003/3003
f 3140/3140/3140 3163/3163/3163 3145/3145/3145
f 3060/3060/3060 3059/3059/3059 3111/3111/3111
f 3053/3053/3053 3007/3007/3007 3021/3021/3021
f 2963/2963/2963 2962/2962/2962 3063/3063/3063
f 3061/3061/3061 3060/3060/3060 3150/3150/3150
f 3150/3150/3150 3140/3140/3140 3138/3138/3138
f 2972/2972/2972 3078/3078/3078 3143/3143/3143
f 3138/3138/3138 3061/3061/3061 3150/3150/3150
f 3074/3074/3074 3119/3119/3119 3113/3113/3113
f 3002/3002/3002 2956/2956/2956 3101/3101/3101
f 3156/3156/3156 3161/3161/3161 3164/3164/3164
f 3127/3127/3127 3122/3122/3122 3121/3121/3121
f 3161/3161/3161 2966/2966/2966 2968/2968/2968
f 3160/3160/3160 3031/3031/3031 3054/3054/3054
f 2989/2989/2989 3115/3115/3115 3051/3051/3051
f 3129/3129/3129 3065/3065/3065 3064/3064/3064
f 3164/3164/3164 3055/3055/3055 3031/3031/3031
f 3051/3051/3051 3116/3116/3116 3108/3108/3108
f 3078/3078/3078 3160/3160/3160 3003/3003/3003
f 3129/3129/3129 3094/3094/3094 3133/3133/3133
f 3055/3055/3055 3164/3164/3164 3161/3161/3161
f 2967/2967/2967 3166/3166/3166 3153/3153/3153
f 3115/3115/3115 3153/3153/3153 3116/3116/3116
f 3031/3031/3031 3160/3160/3160 3029/3029/3029
f 3034/3034/3034 2977/2977/2977 2962/2962/2962
f 3101/3101/3101 3085/3085/3085 3000/3000/3000
f 3031/3031/3031 3030/3030/3030 3164/3164/3164
f 3096/3096/3096 3121/3121/3121 3087/3087/3087
f 3078/3078/3078 3029/3029/3029 3160/3160/3160
f 3168/3168/3168 3169/3169/3169 3170/3170/3170
f 3171/3171/3171 3172/3172/3172 3173/3173/3173
f 3174/3174/3174 3175/3175/3175 3168/3168/3168
f 3176/3176/3176 3177/3177/3177 3178/3178/3178
f 3177/3177/3177 3172/3172/3172 3171/3171/3171
f 3179/3179/3179 3180/3180/3180 3181/3181/3181
f 3175/3175/3175 3174/3174/3174 3172/3172/3172
f 3182/3182/3182 3169/3169/3169 3180/3180/3180
f 3170/3170/3170 3182/3182/3182 3183/3183/3183
f 3184/3184/3184 3177/3177/3177 3185/3185/3185
f 3186/3186/3186 3187/3187/3187 3188/3188/3188
f 3173/3173/3173 3178/3178/3178 3171/3171/3171
f 3189/3189/3189 3190/3190/3190 3191/3191/3191
f 3174/3174/3174 3192/3192/3192 3193/3193/3193
f 3178/3178/3178 3194/3194/3194 3176/3176/3176
f 3195/3195/3195 3196/3196/3196 3197/3197/3197
f 3176/3176/3176 3185/3185/3185 3177/3177/3177
f 3181/3181/3181 3198/3198/3198 3179/3179/3179
f 3184/3184/3184 3172/3172/3172 3177/3177/3177
f 3183/3183/3183 3192/3192/3192 3170/3170/3170
f 3171/3171/3171 3178/3178/3178 3177/3177/3177
f 3199/3199/3199 3200/3200/3200 3201/3201/3201
f 3202/3202/3202 3203/3203/3203 3204/3204/3204
f 3205/3205/3205 3206/3206/3206 3207/3207/3207
f 3176/3176/3176 3208/3208/3208 3209/3209/3209
f 3193/3193/3193 3196/3196/3196 3174/3174/3174
f 3172/3172/3172 3184/3184/3184 3175/3175/3175
f 3210/3210/3210 3208/3208/3208 3176/3176/3176
f 3170/3170/3170 3169/3169/3169 3182/3182/3182
f 3183/3183/3183 3193/3193/3193 3192/3192/3192
f 3211/3211/3211 3212/3212/3212 3199/3199/3199
f 3194/3194/3194 3210/3210/3210 3176/3176/3176
f 3174/3174/3174 3168/3168/3168 3192/3192/3192
f 3179/3179/3179 3213/3213/3213 3214/3214/3214
f 3170/3170/3170 3192/3192/3192 3168/3168/3168
f 3215/3215/3215 3179/3179/3179 3198/3198/3198
f 3182/3182/3182 3216/3216/3216 3183/3183/3183
f 3174/3174/3174 3173/3173/3173 3172/3172/3172
f 3209/3209/3209 3185/3185/3185 3176/3176/3176
f 3214/3214/3214 3182/3182/3182 3180/3180/3180
f 3217/3217/3217 3218/3218/3218 3219/3219/3219
f 3180/3180/3180 3179/3179/3179 3214/3214/3214
f 3220/3220/3220 3213/3213/3213 3179/3179/3179
f 3221/3221/3221 3222/3222/3222 3223/3223/3223
f 3224/3224/3224 3225/3225/3225 3226/3226/3226
f 3227/3227/3227 3228/3228/3228 3229/3229/3229
f 3230/3230/3230 3231/3231/3231 3232/3232/3232
f 3216/3216/3216 3182/3182/3182 3214/3214/3214
f 3233/3233/3233 3234/3234/3234 3235/3235/3235
f 3207/3207/3207 3206/3206/3206 3200/3200/3200
f 3236/3236/3236 3237/3237/3237 3238/3238/3238
f 3193/3193/3193 3183/3183/3183 3239/3239/3239
f 3240/3240/3240 3241/3241/3241 3242/3242/3242
f 3213/3213/3213 3216/3216/3216 3214/3214/3214
f 3243/3243/3243 3244/3244/3244 3245/3245/3245
f 3216/3216/3216 3239/3239/3239 3183/3183/3183
f 3246/3246/3246 3247/3247/3247 3248/3248/3248
f 3249/3249/3249 3250/3250/3250 3187/3187/3187
f 3251/3251/3251 3252/3252/3252 3253/3253/3253
f 3216/3216/3216 3213/3213/3213 3239/3239/3239
f 3254/3254/3254 3255/3255/3255 3256/3256/3256
f 3257/3257/3257 3258/3258/3258 3259/3259/3259
f 3253/3253/3253 3260/3260/3260 3257/3257/3257
f 3261/3261/3261 3262/3262/3262 3263/3263/3263
f 3264/3264/3264 3265/3265/3265 3266/3266/3266
f 3262/3262/3262 3261/3261/3261 3267/3267/3267
f 3201/3201/3201 3211/3211/3211 3199/3199/3199
f 3268/3268/3268 3243/3243/3243 3245/3245/3245
f 3179/3179/3179 3215/3215/3215 3269/3269/3269
f 3260/3260/3260 3270/3270/3270 3271/3271/3271
f 3265/3265/3265 3264/3264/3264 3272/3272/3272
f 3238/3238/3238 3273/3273/3273 3236/3236/3236
f 3274/3274/3274 3275/3275/3275 3276/3276/3276
f 3277/3277/3277 3254/3254/3254 3256/3256/3256
f 3206/3206/3206 3205/3205/3205 3278/3278/3278
f 3279/3279/3279 3280/3280/3280 3281/3281/3281
f 3282/3282/3282 3283/3283/3283 3284/3284/3284
f 3285/3285/3285 3244/3244/3244 3286/3286/3286
f 3200/3200/3200 3199/3199/3199 3287/3287/3287
f 3206/3206/3206 3201/3201/3201 3200/3200/3200
f 3288/3288/3288 3289/3289/3289 3290/3290/3290
f 3291/3291/3291 3292/3292/3292 3293/3293/3293
f 3294/3294/3294 3239/3239/3239 3197/3197/3197
f 3295/3295/3295 3201/3201/3201 3206/3206/3206
f 3296/3296/3296 3297/3297/3297 3289/3289/3289
f 3298/3298/3298 3296/3296/3296 3289/3289/3289
f 3299/3299/3299 3300/3300/3300 3301/3301/3301
f 3204/3204/3204 3206/3206/3206 3278/3278/3278
f 3302/3302/3302 3303/3303/3303 3256/3256/3256
f 3295/3295/3295 3211/3211/3211 3201/3201/3201
f 3304/3304/3304 3278/3278/3278 3205/3205/3205
f 3305/3305/3305 3203/3203/3203 3202/3202/3202
f 3212/3212/3212 3211/3211/3211 3236/3236/3236
f 3306/3306/3306 3307/3307/3307 3308/3308/3308
f 3240/3240/3240 3309/3309/3309 3310/3310/3310
f 3295/3295/3295 3206/3206/3206 3204/3204/3204
f 3237/3237/3237 3236/3236/3236 3267/3267/3267
f 3311/3311/3311 3285/3285/3285 3312/3312/3312
f 3212/3212/3212 3287/3287/3287 3199/3199/3199
f 3289/3289/3289 3236/3236/3236 3211/3211/3211
f 3313/3313/3313 3202/3202/3202 3314/3314/3314
f 3212/3212/3212 3273/3273/3273 3315/3315/3315
f 3286/3286/3286 3251/3251/3251 3316/3316/3316
f 3211/3211/3211 3295/3295/3295 3289/3289/3289
f 3317/3317/3317 3318/3318/3318 3296/3296/3296
f 3258/3258/3258 3257/3257/3257 3250/3250/3250
f 3259/3259/3259 3251/3251/3251 3253/3253/3253
f 3225/3225/3225 3224/3224/3224 3319/3319/3319
f 3309/3309/3309 3240/3240/3240 3242/3242/3242
f 3254/3254/3254 3228/3228/3228 3255/3255/3255
f 3278/3278/3278 3304/3304/3304 3202/3202/3202
f 3320/3320/3320 3321/3321/3321 3322/3322/3322
f 3220/3220/3220 3293/3293/3293 3239/3239/3239
f 3296/3296/3296 3318/3318/3318 3297/3297/3297
f 3323/3323/3323 3324/3324/3324 3321/3321/3321
f 3204/3204/3204 3278/3278/3278 3202/3202/3202
f 3293/3293/3293 3325/3325/3325 3291/3291/3291
f 3204/3204/3204 3298/3298/3298 3295/3295/3295
f 3188/3188/3188 3187/3187/3187 3250/3250/3250
f 3248/3248/3248 3284/3284/3284 3230/3230/3230
f 3258/3258/3258 3316/3316/3316 3259/3259/3259
f 3288/3288/3288 3236/3236/3236 3289/3289/3289
f 3273/3273/3273 3326/3326/3326 3315/3315/3315
f 3244/3244/3244 3311/3311/3311 3245/3245/3245
f 3253/3253/3253 3252/3252/3252 3270/3270/3270
f 3242/3242/3242 3315/3315/3315 3327/3327/3327
f 3328/3328/3328 3178/3178/3178 3329/3329/3329
f 3237/3237/3237 3261/3261/3261 3238/3238/3238
f 3239/3239/3239 3293/3293/3293 3292/3292/3292
f 3292/3292/3292 3195/3195/3195 3197/3197/3197
f 3241/3241/3241 3330/3330/3330 3242/3242/3242
f 3331/3331/3331 3332/3332/3332 3333/3333/3333
f 3289/3289/3289 3295/3295/3295 3298/3298/3298
f 3334/3334/3334 3335/3335/3335 3290/3290/3290
f 3327/3327/3327 3309/3309/3309 3242/3242/3242
f 3336/3336/3336 3337/3337/3337 3338/3338/3338
f 3326/3326/3326 3263/3263/3263 3252/3252/3252
f 3204/3204/3204 3203/3203/3203 3298/3298/3298
f 3273/3273/3273 3238/3238/3238 3326/3326/3326
f 3288/3288/3288 3290/3290/3290 3236/3236/3236
f 3273/3273/3273 3212/3212/3212 3236/3236/3236
f 3313/3313/3313 3339/3339/3339 3305/3305/3305
f 3218/3218/3218 3217/3217/3217 3329/3329/3329
f 3340/3340/3340 3341/3341/3341 3191/3191/3191
f 3221/3221/3221 3223/3223/3223 3205/3205/3205
f 3342/3342/3342 3343/3343/3343 3218/3218/3218
f 3317/3317/3317 3344/3344/3344 3318/3318/3318
f 3271/3271/3271 3270/3270/3270 3262/3262/3262
f 3262/3262/3262 3323/3323/3323 3271/3271/3271
f 3212/3212/3212 3330/3330/3330 3287/3287/3287
f 3315/3315/3315 3326/3326/3326 3327/3327/3327
f 3345/3345/3345 3309/3309/3309 3327/3327/3327
f 3221/3221/3221 3205/3205/3205 3207/3207/3207
f 3266/3266/3266 3265/3265/3265 3346/3346/3346
f 3347/3347/3347 3348/3348/3348 3349/3349/3349
f 3350/3350/3350 3351/3351/3351 3232/3232/3232
f 3352/3352/3352 3269/3269/3269 3353/3353/3353
f 3202/3202/3202 3313/3313/3313 3305/3305/3305
f 3263/3263/3263 3326/3326/3326 3261/3261/3261
f 3354/3354/3354 3355/3355/3355 3329/3329/3329
f 3330/3330/3330 3212/3212/3212 3315/3315/3315
f 3296/3296/3296 3298/3298/3298 3203/3203/3203
f 3335/3335/3335 3302/3302/3302 3324/3324/3324
f 3343/3343/3343 3219/3219/3219 3218/3218/3218
f 3356/3356/3356 3276/3276/3276 3357/3357/3357
f 3314/3314/3314 3202/3202/3202 3304/3304/3304
f 3341/3341/3341 3358/3358/3358 3351/3351/3351
f 3244/3244/3244 3243/3243/3243 3359/3359/3359
f 3241/3241/3241 3287/3287/3287 3330/3330/3330
f 3304/3304/3304 3223/3223/3223 3314/3314/3314
f 3260/3260/3260 3226/3226/3226 3257/3257/3257
f 3238/3238/3238 3261/3261/3261 3326/3326/3326
f 3360/3360/3360 3275/3275/3275 3250/3250/3250
f 3290/3290/3290 3289/3289/3289 3297/3297/3297
f 3252/3252/3252 3327/3327/3327 3326/3326/3326
f 3327/3327/3327 3252/3252/3252 3345/3345/3345
f 3310/3310/3310 3309/3309/3309 3243/3243/3243
f 3225/3225/3225 3360/3360/3360 3361/3361/3361
f 3305/3305/3305 3296/3296/3296 3203/3203/3203
f 3272/3272/3272 3313/3313/3313 3362/3362/3362
f 3267/3267/3267 3261/3261/3261 3237/3237/3237
f 3334/3334/3334 3290/3290/3290 3297/3297/3297
f 3205/3205/3205 3223/3223/3223 3304/3304/3304
f 3262/3262/3262 3335/3335/3335 3324/3324/3324
f 3267/3267/3267 3290/3290/3290 3335/3335/3335
f 3317/3317/3317 3339/3339/3339 3363/3363/3363
f 3309/3309/3309 3345/3345/3345 3359/3359/3359
f 3345/3345/3345 3252/3252/3252 3286/3286/3286
f 3173/3173/3173 3196/3196/3196 3355/3355/3355
f 3362/3362/3362 3313/3313/3313 3314/3314/3314
f 3243/3243/3243 3309/3309/3309 3359/3359/3359
f 3260/3260/3260 3323/3323/3323 3226/3226/3226
f 3345/3345/3345 3244/3244/3244 3359/3359/3359
f 3276/3276/3276 3284/3284/3284 3283/3283/3283
f 3339/3339/3339 3296/3296/3296 3305/3305/3305
f 3362/3362/3362 3265/3265/3265 3272/3272/3272
f 3293/3293/3293 3352/3352/3352 3325/3325/3325
f 3300/3300/3300 3254/3254/3254 3301/3301/3301
f 3364/3364/3364 3187/3187/3187 3186/3186/3186
f 3252/3252/3252 3251/3251/3251 3286/3286/3286
f 3339/3339/3339 3313/3313/3313 3272/3272/3272
f 3242/3242/3242 3330/3330/3330 3315/3315/3315
f 3365/3365/3365 3302/3302/3302 3255/3255/3255
f 3264/3264/3264 3339/3339/3339 3272/3272/3272
f 3303/3303/3303 3334/3334/3334 3297/3297/3297
f 3366/3366/3366 3342/3342/3342 3291/3291/3291
f 3267/3267/3267 3236/3236/3236 3290/3290/3290
f 3329/3329/3329 3217/3217/3217 3328/3328/3328
f 3267/3267/3267 3335/3335/3335 3262/3262/3262
f 3252/3252/3252 3263/3263/3263 3270/3270/3270
f 3367/3367/3367 3368/3368/3368 3369/3369/3369
f 3366/3366/3366 3291/3291/3291 3332/3332/3332
f 3370/3370/3370 3297/3297/3297 3318/3318/3318
f 3244/3244/3244 3345/3345/3345 3286/3286/3286
f 3324/3324/3324 3323/3323/3323 3262/3262/3262
f 3331/3331/3331 3366/3366/3366 3332/3332/3332
f 3245/3245/3245 3215/3215/3215 3268/3268/3268
f 3188/3188/3188 3371/3371/3371 3186/3186/3186
f 3317/3317/3317 3296/3296/3296 3339/3339/3339
f 3275/3275/3275 3371/3371/3371 3188/3188/3188
f 3265/3265/3265 3362/3362/3362 3346/3346/3346
f 3263/3263/3263 3262/3262/3262 3270/3270/3270
f 3303/3303/3303 3302/3302/3302 3334/3334/3334
f 3370/3370/3370 3303/3303/3303 3297/3297/3297
f 3334/3334/3334 3302/3302/3302 3335/3335/3335
f 3371/3371/3371 3274/3274/3274 3333/3333/3333
f 3372/3372/3372 3337/3337/3337 3347/3347/3347
f 3318/3318/3318 3373/3373/3373 3370/3370/3370
f 3215/3215/3215 3245/3245/3245 3374/3374/3374
f 3363/3363/3363 3339/3339/3339 3264/3264/3264
f 3250/3250/3250 3257/3257/3257 3360/3360/3360
f 3256/3256/3256 3303/3303/3303 3370/3370/3370
f 3260/3260/3260 3253/3253/3253 3270/3270/3270
f 3360/3360/3360 3276/3276/3276 3275/3275/3275
f 3373/3373/3373 3318/3318/3318 3344/3344/3344
f 3225/3225/3225 3276/3276/3276 3360/3360/3360
f 3344/3344/3344 3317/3317/3317 3363/3363/3363
f 3373/3373/3373 3256/3256/3256 3370/3370/3370
f 3316/3316/3316 3251/3251/3251 3259/3259/3259
f 3375/3375/3375 3226/3226/3226 3323/3323/3323
f 3264/3264/3264 3376/3376/3376 3363/3363/3363
f 3286/3286/3286 3316/3316/3316 3285/3285/3285
f 3302/3302/3302 3256/3256/3256 3255/3255/3255
f 3311/3311/3311 3244/3244/3244 3285/3285/3285
f 3374/3374/3374 3269/3269/3269 3215/3215/3215
f 3311/3311/3311 3374/3374/3374 3245/3245/3245
f 3264/3264/3264 3266/3266/3266 3376/3376/3376
f 3346/3346/3346 3372/3372/3372 3266/3266/3266
f 3375/3375/3375 3224/3224/3224 3226/3226/3226
f 3277/3277/3277 3373/3373/3373 3344/3344/3344
f 3363/3363/3363 3376/3376/3376 3344/3344/3344
f 3373/3373/3373 3277/3277/3277 3256/3256/3256
f 3323/3323/3323 3321/3321/3321 3375/3375/3375
f 3257/3257/3257 3259/3259/3259 3253/3253/3253
f 3312/3312/3312 3285/3285/3285 3316/3316/3316
f 3365/3365/3365 3322/3322/3322 3324/3324/3324
f 3269/3269/3269 3374/3374/3374 3377/3377/3377
f 3311/3311/3311 3312/3312/3312 3374/3374/3374
f 3376/3376/3376 3266/3266/3266 3347/3347/3347
f 3372/3372/3372 3347/3347/3347 3266/3266/3266
f 3316/3316/3316 3258/3258/3258 3312/3312/3312
f 3269/3269/3269 3220/3220/3220 3179/3179/3179
f 3323/3323/3323 3260/3260/3260 3271/3271/3271
f 3344/3344/3344 3349/3349/3349 3277/3277/3277
f 3344/3344/3344 3376/3376/3376 3349/3349/3349
f 3340/3340/3340 3229/3229/3229 3378/3378/3378
f 3276/3276/3276 3319/3319/3319 3284/3284/3284
f 3353/3353/3353 3269/3269/3269 3377/3377/3377
f 3312/3312/3312 3377/3377/3377 3374/3374/3374
f 3349/3349/3349 3376/3376/3376 3347/3347/3347
f 3257/3257/3257 3226/3226/3226 3361/3361/3361
f 3349/3349/3349 3348/3348/3348 3277/3277/3277
f 3348/3348/3348 3254/3254/3254 3277/3277/3277
f 3353/3353/3353 3312/3312/3312 3258/3258/3258
f 3178/3178/3178 3354/3354/3354 3329/3329/3329
f 3220/3220/3220 3269/3269/3269 3352/3352/3352
f 3186/3186/3186 3291/3291/3291 3364/3364/3364
f 3377/3377/3377 3312/3312/3312 3353/3353/3353
f 3347/3347/3347 3337/3337/3337 3348/3348/3348
f 3338/3338/3338 3337/3337/3337 3372/3372/3372
f 3281/3281/3281 3280/3280/3280 3232/3232/3232
f 3348/3348/3348 3301/3301/3301 3254/3254/3254
f 3379/3379/3379 3380/3380/3380 3381/3381/3381
f 3258/3258/3258 3250/3250/3250 3249/3249/3249
f 3224/3224/3224 3375/3375/3375 3382/3382/3382
f 3325/3325/3325 3353/3353/3353 3258/3258/3258
f 3239/3239/3239 3213/3213/3213 3220/3220/3220
f 3293/3293/3293 3220/3220/3220 3352/3352/3352
f 3352/3352/3352 3353/3353/3353 3325/3325/3325
f 3337/3337/3337 3301/3301/3301 3348/3348/3348
f 3231/3231/3231 3224/3224/3224 3382/3382/3382
f 3258/3258/3258 3249/3249/3249 3325/3325/3325
f 3336/3336/3336 3301/3301/3301 3337/3337/3337
f 3187/3187/3187 3364/3364/3364 3249/3249/3249
f 3190/3190/3190 3227/3227/3227 3191/3191/3191
f 3364/3364/3364 3325/3325/3325 3249/3249/3249
f 3291/3291/3291 3325/3325/3325 3364/3364/3364
f 3284/3284/3284 3248/3248/3248 3282/3282/3282
f 3284/3284/3284 3319/3319/3319 3230/3230/3230
f 3239/3239/3239 3292/3292/3292 3197/3197/3197
f 3196/3196/3196 3173/3173/3173 3174/3174/3174
f 3282/3282/3282 3248/3248/3248 3383/3383/3383
f 3291/3291/3291 3342/3342/3342 3292/3292/3292
f 3320/3320/3320 3375/3375/3375 3321/3321/3321
f 3294/3294/3294 3193/3193/3193 3239/3239/3239
f 3294/3294/3294 3197/3197/3197 3196/3196/3196
f 3195/3195/3195 3292/3292/3292 3342/3342/3342
f 3196/3196/3196 3193/3193/3193 3294/3294/3294
f 3196/3196/3196 3195/3195/3195 3355/3355/3355
f 3375/3375/3375 3320/3320/3320 3382/3382/3382
f 3231/3231/3231 3382/3382/3382 3232/3232/3232
f 3383/3383/3383 3248/3248/3248 3247/3247/3247
f 3365/3365/3365 3190/3190/3190 3322/3322/3322
f 3320/3320/3320 3232/3232/3232 3382/3382/3382
f 3350/3350/3350 3320/3320/3320 3322/3322/3322
f 3280/3280/3280 3248/3248/3248 3230/3230/3230
f 3280/3280/3280 3246/3246/3246 3248/3248/3248
f 3227/3227/3227 3365/3365/3365 3255/3255/3255
f 3190/3190/3190 3189/3189/3189 3322/3322/3322
f 3322/3322/3322 3321/3321/3321 3324/3324/3324
f 3189/3189/3189 3350/3350/3350 3322/3322/3322
f 3274/3274/3274 3371/3371/3371 3275/3275/3275
f 3369/3369/3369 3384/3384/3384 3385/3385/3385
f 3232/3232/3232 3320/3320/3320 3350/3350/3350
f 3247/3247/3247 3246/3246/3246 3386/3386/3386
f 3280/3280/3280 3279/3279/3279 3246/3246/3246
f 3186/3186/3186 3332/3332/3332 3291/3291/3291
f 3247/3247/3247 3386/3386/3386 3387/3387/3387
f 3350/3350/3350 3189/3189/3189 3351/3351/3351
f 3232/3232/3232 3280/3280/3280 3230/3230/3230
f 3234/3234/3234 3388/3388/3388 3389/3389/3389
f 3246/3246/3246 3390/3390/3390 3386/3386/3386
f 3246/3246/3246 3279/3279/3279 3390/3390/3390
f 3255/3255/3255 3228/3228/3228 3227/3227/3227
f 3386/3386/3386 3391/3391/3391 3387/3387/3387
f 3228/3228/3228 3254/3254/3254 3300/3300/3300
f 3229/3229/3229 3191/3191/3191 3227/3227/3227
f 3281/3281/3281 3232/3232/3232 3351/3351/3351
f 3390/3390/3390 3392/3392/3392 3386/3386/3386
f 3360/3360/3360 3257/3257/3257 3361/3361/3361
f 3190/3190/3190 3365/3365/3365 3227/3227/3227
f 3195/3195/3195 3342/3342/3342 3218/3218/3218
f 3299/3299/3299 3301/3301/3301 3336/3336/3336
f 3392/3392/3392 3380/3380/3380 3393/3393/3393
f 3195/3195/3195 3218/3218/3218 3355/3355/3355
f 3355/3355/3355 3218/3218/3218 3329/3329/3329
f 3338/3338/3338 3372/3372/3372 3394/3394/3394
f 3355/3355/3355 3354/3354/3354 3173/3173/3173
f 3314/3314/3314 3395/3395/3395 3362/3362/3362
f 3381/3381/3381 3392/3392/3392 3390/3390/3390
f 3372/3372/3372 3396/3396/3396 3394/3394/3394
f 3173/3173/3173 3354/3354/3354 3178/3178/3178
f 3281/3281/3281 3397/3397/3397 3279/3279/3279
f 3279/3279/3279 3381/3381/3381 3390/3390/3390
f 3346/3346/3346 3362/3362/3362 3398/3398/3398
f 3399/3399/3399 3314/3314/3314 3223/3223/3223
f 3395/3395/3395 3314/3314/3314 3399/3399/3399
f 3362/3362/3362 3395/3395/3395 3398/3398/3398
f 3391/3391/3391 3386/3386/3386 3392/3392/3392
f 3223/3223/3223 3222/3222/3222 3400/3400/3400
f 3306/3306/3306 3391/3391/3391 3307/3307/3307
f 3300/3300/3300 3299/3299/3299 3401/3401/3401
f 3371/3371/3371 3332/3332/3332 3186/3186/3186
f 3369/3369/3369 3402/3402/3402 3384/3384/3384
f 3401/3401/3401 3228/3228/3228 3300/3300/3300
f 3372/3372/3372 3233/3233/3233 3396/3396/3396
f 3372/3372/3372 3346/3346/3346 3233/3233/3233
f 3388/3388/3388 3346/3346/3346 3398/3398/3398
f 3403/3403/3403 3395/3395/3395 3399/3399/3399
f 3388/3388/3388 3398/3398/3398 3395/3395/3395
f 3229/3229/3229 3228/3228/3228 3404/3404/3404
f 3405/3405/3405 3400/3400/3400 3222/3222/3222
f 3191/3191/3191 3229/3229/3229 3340/3340/3340
f 3406/3406/3406 3223/3223/3223 3400/3400/3400
f 3191/3191/3191 3341/3341/3341 3351/3351/3351
f 3281/3281/3281 3351/3351/3351 3358/3358/3358
f 3324/3324/3324 3302/3302/3302 3365/3365/3365
f 3281/3281/3281 3358/3358/3358 3397/3397/3397
f 3307/3307/3307 3391/3391/3391 3392/3392/3392
f 3401/3401/3401 3404/3404/3404 3228/3228/3228
f 3404/3404/3404 3378/3378/3378 3229/3229/3229
f 3397/3397/3397 3358/3358/3358 3379/3379/3379
f 3235/3235/3235 3396/3396/3396 3233/3233/3233
f 3283/3283/3283 3357/3357/3357 3276/3276/3276
f 3346/3346/3346 3388/3388/3388 3233/3233/3233
f 3406/3406/3406 3403/3403/3403 3399/3399/3399
f 3403/3403/3403 3388/3388/3388 3395/3395/3395
f 3400/3400/3400 3405/3405/3405 3406/3406/3406
f 3407/3407/3407 3341/3341/3341 3340/3340/3340
f 3399/3399/3399 3223/3223/3223 3406/3406/3406
f 3233/3233/3233 3388/3388/3388 3234/3234/3234
f 3403/3403/3403 3406/3406/3406 3384/3384/3384
f 3403/3403/3403 3389/3389/3389 3388/3388/3388
f 3308/3308/3308 3307/3307/3307 3393/3393/3393
f 3405/3405/3405 3385/3385/3385 3406/3406/3406
f 3406/3406/3406 3385/3385/3385 3384/3384/3384
f 3380/3380/3380 3379/3379/3379 3408/3408/3408
f 3381/3381/3381 3397/3397/3397 3379/3379/3379
f 3380/3380/3380 3392/3392/3392 3381/3381/3381
f 3392/3392/3392 3393/3393/3393 3307/3307/3307
f 3340/3340/3340 3378/3378/3378 3409/3409/3409
f 3389/3389/3389 3403/3403/3403 3384/3384/3384
f 3341/3341/3341 3407/3407/3407 3358/3358/3358
f 3405/3405/3405 3410/3410/3410 3385/3385/3385
f 3276/3276/3276 3356/3356/3356 3274/3274/3274
f 3411/3411/3411 3379/3379/3379 3358/3358/3358
f 3407/3407/3407 3340/3340/3340 3409/3409/3409
f 3234/3234/3234 3389/3389/3389 3412/3412/3412
f 3384/3384/3384 3402/3402/3402 3389/3389/3389
f 3402/3402/3402 3412/3412/3412 3389/3389/3389
f 3385/3385/3385 3410/3410/3410 3369/3369/3369
f 3351/3351/3351 3189/3189/3189 3191/3191/3191
f 3319/3319/3319 3224/3224/3224 3231/3231/3231
f 3393/3393/3393 3413/3413/3413 3308/3308/3308
f 3371/3371/3371 3333/3333/3333 3332/3332/3332
f 3369/3369/3369 3414/3414/3414 3367/3367/3367
f 3415/3415/3415 3402/3402/3402 3368/3368/3368
f 3361/3361/3361 3226/3226/3226 3225/3225/3225
f 3274/3274/3274 3356/3356/3356 3333/3333/3333
f 3275/3275/3275 3188/3188/3188 3250/3250/3250
f 3319/3319/3319 3231/3231/3231 3230/3230/3230
f 3379/3379/3379 3411/3411/3411 3408/3408/3408
f 3279/3279/3279 3397/3397/3397 3381/3381/3381
f 3402/3402/3402 3369/3369/3369 3368/3368/3368
f 3407/3407/3407 3411/3411/3411 3358/3358/3358
f 3306/3306/3306 3387/3387/3387 3391/3391/3391
f 3410/3410/3410 3414/3414/3414 3369/3369/3369
f 3368/3368/3368 3367/3367/3367 3416/3416/3416
f 3225/3225/3225 3319/3319/3319 3276/3276/3276
f 3368/3368/3368 3416/3416/3416 3415/3415/3415
f 3417/3417/3417 3418/3418/3418 3419/3419/3419
f 3420/3420/3420 3421/3421/3421 3422/3422/3422
f 3423/3423/3423 3424/3424/3424 3417/3417/3417
f 3425/3425/3425 3426/3426/3426 3427/3427/3427
f 3428/3428/3428 3429/3429/3429 3430/3430/3430
f 3431/3431/3431 3432/3432/3432 3433/3433/3433
f 3434/3434/3434 3435/3435/3435 3428/3428/3428
f 3429/3429/3429 3436/3436/3436 3430/3430/3430
f 3417/3417/3417 3437/3437/3437 3423/3423/3423
f 3438/3438/3438 3439/3439/3439 3440/3440/3440
f 3441/3441/3441 3442/3442/3442 3443/3443/3443
f 3444/3444/3444 3445/3445/3445 3446/3446/3446
f 3447/3447/3447 3448/3448/3448 3449/3449/3449
f 3450/3450/3450 3451/3451/3451 3452/3452/3452
f 3451/3451/3451 3453/3453/3453 3454/3454/3454
f 3455/3455/3455 3456/3456/3456 3457/3457/3457
f 3457/3457/3457 3458/3458/3458 3459/3459/3459
f 3436/3436/3436 3460/3460/3460 3430/3430/3430
f 3461/3461/3461 3462/3462/3462 3463/3463/3463
f 3461/3461/3461 3459/3459/3459 3458/3458/3458
f 3464/3464/3464 3465/3465/3465 3466/3466/3466
f 3467/3467/3467 3468/3468/3468 3469/3469/3469
f 3470/3470/3470 3471/3471/3471 3472/3472/3472
f 3471/3471/3471 3454/3454/3454 3453/3453/3453
f 3473/3473/3473 3474/3474/3474 3475/3475/3475
f 3476/3476/3476 3477/3477/3477 3468/3468/3468
f 3478/3478/3478 3479/3479/3479 3480/3480/3480
f 3475/3475/3475 3481/3481/3481 3447/3447/3447
f 3443/3443/3443 3442/3442/3442 3474/3474/3474
f 3482/3482/3482 3449/3449/3449 3448/3448/3448
f 3483/3483/3483 3438/3438/3438 3484/3484/3484
f 3485/3485/3485 3486/3486/3486 3487/3487/3487
f 3436/3436/3436 3424/3424/3424 3423/3423/3423
f 3423/3423/3423 3437/3437/3437 3488/3488/3488
f 3489/3489/3489 3439/3439/3439 3438/3438/3438
f 3490/3490/3490 3491/3491/3491 3452/3452/3452
f 3452/3452/3452 3455/3455/3455 3450/3450/3450
f 3492/3492/3492 3493/3493/3493 3489/3489/3489
f 3451/3451/3451 3454/3454/3454 3452/3452/3452
f 3494/3494/3494 3495/3495/3495 3496/3496/3496
f 3497/3497/3497 3498/3498/3498 3424/3424/3424
f 3499/3499/3499 3500/3500/3500 3501/3501/3501
f 3502/3502/3502 3462/3462/3462 3461/3461/3461
f 3503/3503/3503 3504/3504/3504 3505/3505/3505
f 3506/3506/3506 3475/3475/3475 3474/3474/3474
f 3417/3417/3417 3498/3498/3498 3507/3507/3507
f 3508/3508/3508 3509/3509/3509 3510/3510/3510
f 3475/3475/3475 3511/3511/3511 3481/3481/3481
f 3502/3502/3502 3499/3499/3499 3501/3501/3501
f 3496/3496/3496 3512/3512/3512 3513/3513/3513
f 3479/3479/3479 3514/3514/3514 3515/3515/3515
f 3493/3493/3493 3492/3492/3492 3516/3516/3516
f 3517/3517/3517 3518/3518/3518 3519/3519/3519
f 3520/3520/3520 3521/3521/3521 3522/3522/3522
f 3523/3523/3523 3524/3524/3524 3525/3525/3525
f 3526/3526/3526 3527/3527/3527 3528/3528/3528
f 3488/3488/3488 3439/3439/3439 3489/3489/3489
f 3496/3496/3496 3529/3529/3529 3530/3530/3530
f 3531/3531/3531 3532/3532/3532 3533/3533/3533
f 3454/3454/3454 3490/3490/3490 3452/3452/3452
f 3438/3438/3438 3534/3534/3534 3489/3489/3489
f 3535/3535/3535 3522/3522/3522 3450/3450/3450
f 3536/3536/3536 3535/3535/3535 3450/3450/3450
f 3442/3442/3442 3537/3537/3537 3538/3538/3538
f 3539/3539/3539 3454/3454/3454 3540/3540/3540
f 3541/3541/3541 3542/3542/3542 3543/3543/3543
f 3458/3458/3458 3457/3457/3457 3513/3513/3513
f 3537/3537/3537 3544/3544/3544 3538/3538/3538
f 3518/3518/3518 3545/3545/3545 3546/3546/3546
f 3547/3547/3547 3548/3548/3548 3549/3549/3549
f 3496/3496/3496 3513/3513/3513 3456/3456/3456
f 3550/3550/3550 3551/3551/3551 3552/3552/3552
f 3553/3553/3553 3527/3527/3527 3554/3554/3554
f 3462/3462/3462 3555/3555/3555 3534/3534/3534
f 3556/3556/3556 3557/3557/3557 3484/3484/3484
f 3511/3511/3511 3470/3470/3470 3481/3481/3481
f 3546/3546/3546 3545/3545/3545 3558/3558/3558
f 3469/3469/3469 3435/3435/3435 3467/3467/3467
f 3559/3559/3559 3560/3560/3560 3561/3561/3561
f 3424/3424/3424 3498/3498/3498 3417/3417/3417
f 3562/3562/3562 3563/3563/3563 3564/3564/3564
f 3531/3531/3531 3504/3504/3504 3503/3503/3503
f 3565/3565/3565 3566/3566/3566 3567/3567/3567
f 3428/3428/3428 3435/3435/3435 3469/3469/3469
f 3430/3430/3430 3568/3568/3568 3569/3569/3569
f 3557/3557/3557 3570/3570/3570 3483/3483/3483
f 3571/3571/3571 3559/3559/3559 3432/3432/3432
f 3493/3493/3493 3488/3488/3488 3489/3489/3489
f 3572/3572/3572 3573/3573/3573 3508/3508/3508
f 3489/3489/3489 3534/3534/3534 3492/3492/3492
f 3509/3509/3509 3447/3447/3447 3449/3449/3449
f 3544/3544/3544 3547/3547/3547 3549/3549/3549
f 3446/3446/3446 3442/3442/3442 3538/3538/3538
f 3481/3481/3481 3472/3472/3472 3574/3574/3574
f 3535/3535/3535 3536/3536/3536 3575/3575/3575
f 3529/3529/3529 3490/3490/3490 3530/3530/3530
f 3538/3538/3538 3544/3544/3544 3576/3576/3576
f 3438/3438/3438 3462/3462/3462 3534/3534/3534
f 3502/3502/3502 3501/3501/3501 3555/3555/3555
f 3492/3492/3492 3534/3534/3534 3577/3577/3577
f 3578/3578/3578 3516/3516/3516 3579/3579/3579
f 3511/3511/3511 3540/3540/3540 3470/3470/3470
f 3529/3529/3529 3496/3496/3496 3456/3456/3456
f 3575/3575/3575 3580/3580/3580 3581/3581/3581
f 3508/3508/3508 3441/3441/3441 3443/3443/3443
f 3482/3482/3482 3582/3582/3582 3583/3583/3583
f 3491/3491/3491 3490/3490/3490 3455/3455/3455
f 3440/3440/3440 3439/3439/3439 3437/3437/3437
f 3542/3542/3542 3525/3525/3525 3543/3543/3543
f 3584/3584/3584 3545/3545/3545 3585/3585/3585
f 3586/3586/3586 3587/3587/3587 3588/3588/3588
f 3448/3448/3448 3589/3589/3589 3482/3482/3482
f 3590/3590/3590 3568/3568/3568 3591/3591/3591
f 3511/3511/3511 3506/3506/3506 3445/3445/3445
f 3578/3578/3578 3431/3431/3431 3592/3592/3592
f 3459/3459/3459 3593/3593/3593 3575/3575/3575
f 3540/3540/3540 3511/3511/3511 3594/3594/3594
f 3570/3570/3570 3463/3463/3463 3483/3483/3483
f 3595/3595/3595 3596/3596/3596 3597/3597/3597
f 3568/3568/3568 3598/3598/3598 3599/3599/3599
f 3568/3568/3568 3590/3590/3590 3598/3598/3598
f 3576/3576/3576 3446/3446/3446 3538/3538/3538
f 3600/3600/3600 3601/3601/3601 3602/3602/3602
f 3555/3555/3555 3577/3577/3577 3534/3534/3534
f 3530/3530/3530 3494/3494/3494 3496/3496/3496
f 3603/3603/3603 3604/3604/3604 3554/3554/3554
f 3605/3605/3605 3547/3547/3547 3544/3544/3544
f 3568/3568/3568 3460/3460/3460 3591/3591/3591
f 3588/3588/3588 3606/3606/3606 3586/3586/3586
f 3589/3589/3589 3503/3503/3503 3582/3582/3582
f 3512/3512/3512 3499/3499/3499 3513/3513/3513
f 3607/3607/3607 3608/3608/3608 3609/3609/3609
f 3610/3610/3610 3611/3611/3611 3612/3612/3612
f 3510/3510/3510 3449/3449/3449 3613/3613/3613
f 3562/3562/3562 3614/3614/3614 3486/3486/3486
f 3577/3577/3577 3555/3555/3555 3501/3501/3501
f 3615/3615/3615 3616/3616/3616 3571/3571/3571
f 3505/3505/3505 3617/3617/3617 3618/3618/3618
f 3619/3619/3619 3620/3620/3620 3621/3621/3621
f 3484/3484/3484 3440/3440/3440 3556/3556/3556
f 3622/3622/3622 3539/3539/3539 3540/3540/3540
f 3457/3457/3457 3536/3536/3536 3450/3450/3450
f 3548/3548/3548 3576/3576/3576 3549/3549/3549
f 3510/3510/3510 3572/3572/3572 3508/3508/3508
f 3609/3609/3609 3433/3433/3433 3607/3607/3607
f 3621/3621/3621 3620/3620/3620 3573/3573/3573
f 3559/3559/3559 3571/3571/3571 3560/3560/3560
f 3580/3580/3580 3575/3575/3575 3593/3593/3593
f 3506/3506/3506 3511/3511/3511 3475/3475/3475
f 3619/3619/3619 3623/3623/3623 3624/3624/3624
f 3446/3446/3446 3576/3576/3576 3444/3444/3444
f 3555/3555/3555 3462/3462/3462 3502/3502/3502
f 3551/3551/3551 3550/3550/3550 3625/3625/3625
f 3495/3495/3495 3500/3500/3500 3512/3512/3512
f 3454/3454/3454 3471/3471/3471 3470/3470/3470
f 3506/3506/3506 3446/3446/3446 3445/3445/3445
f 3531/3531/3531 3626/3626/3626 3504/3504/3504
f 3627/3627/3627 3448/3448/3448 3447/3447/3447
f 3501/3501/3501 3628/3628/3628 3577/3577/3577
f 3629/3629/3629 3630/3630/3630 3628/3628/3628
f 3577/3577/3577 3630/3630/3630 3516/3516/3516
f 3442/3442/3442 3506/3506/3506 3474/3474/3474
f 3498/3498/3498 3497/3497/3497 3550/3550/3550
f 3594/3594/3594 3631/3631/3631 3540/3540/3540
f 3632/3632/3632 3431/3431/3431 3578/3578/3578
f 3633/3633/3633 3539/3539/3539 3622/3622/3622
f 3444/3444/3444 3594/3594/3594 3445/3445/3445
f 3608/3608/3608 3598/3598/3598 3634/3634/3634
f 3548/3548/3548 3600/3600/3600 3576/3576/3576
f 3454/3454/3454 3539/3539/3539 3490/3490/3490
f 3545/3545/3545 3517/3517/3517 3585/3585/3585
f 3635/3635/3635 3500/3500/3500 3495/3495/3495
f 3424/3424/3424 3429/3429/3429 3497/3497/3497
f 3576/3576/3576 3600/3600/3600 3444/3444/3444
f 3495/3495/3495 3494/3494/3494 3635/3635/3635
f 3488/3488/3488 3460/3460/3460 3423/3423/3423
f 3488/3488/3488 3437/3437/3437 3439/3439/3439
f 3423/3423/3423 3460/3460/3460 3436/3436/3436
f 3628/3628/3628 3630/3630/3630 3577/3577/3577
f 3634/3634/3634 3592/3592/3592 3609/3609/3609
f 3595/3595/3595 3539/3539/3539 3633/3633/3633
f 3587/3587/3587 3631/3631/3631 3594/3594/3594
f 3636/3636/3636 3612/3612/3612 3611/3611/3611
f 3637/3637/3637 3583/3583/3583 3582/3582/3582
f 3601/3601/3601 3548/3548/3548 3638/3638/3638
f 3630/3630/3630 3629/3629/3629 3639/3639/3639
f 3640/3640/3640 3533/3533/3533 3532/3532/3532
f 3624/3624/3624 3620/3620/3620 3619/3619/3619
f 3633/3633/3633 3622/3622/3622 3641/3641/3641
f 3642/3642/3642 3643/3643/3643 3644/3644/3644
f 3629/3629/3629 3500/3500/3500 3645/3645/3645
f 3422/3422/3422 3646/3646/3646 3647/3647/3647
f 3587/3587/3587 3594/3594/3594 3444/3444/3444
f 3648/3648/3648 3647/3647/3647 3649/3649/3649
f 3430/3430/3430 3434/3434/3434 3428/3428/3428
f 3650/3650/3650 3441/3441/3441 3573/3573/3573
f 3465/3465/3465 3638/3638/3638 3466/3466/3466
f 3640/3640/3640 3532/3532/3532 3521/3521/3521
f 3451/3451/3451 3521/3521/3521 3503/3503/3503
f 3456/3456/3456 3455/3455/3455 3529/3529/3529
f 3493/3493/3493 3592/3592/3592 3634/3634/3634
f 3424/3424/3424 3436/3436/3436 3429/3429/3429
f 3651/3651/3651 3646/3646/3646 3652/3652/3652
f 3421/3421/3421 3464/3464/3464 3652/3652/3652
f 3493/3493/3493 3516/3516/3516 3578/3578/3578
f 3634/3634/3634 3609/3609/3609 3608/3608/3608
f 3472/3472/3472 3653/3653/3653 3574/3574/3574
f 3654/3654/3654 3589/3589/3589 3653/3653/3653
f 3592/3592/3592 3493/3493/3493 3578/3578/3578
f 3548/3548/3548 3601/3601/3601 3600/3600/3600
f 3647/3647/3647 3646/3646/3646 3649/3649/3649
f 3598/3598/3598 3590/3590/3590 3634/3634/3634
f 3492/3492/3492 3577/3577/3577 3516/3516/3516
f 3651/3651/3651 3649/3649/3649 3646/3646/3646
f 3635/3635/3635 3494/3494/3494 3595/3595/3595
f 3622/3622/3622 3631/3631/3631 3641/3641/3641
f 3589/3589/3589 3448/3448/3448 3627/3627/3627
f 3470/3470/3470 3540/3540/3540 3454/3454/3454
f 3431/3431/3431 3609/3609/3609 3592/3592/3592
f 3650/3650/3650 3573/3573/3573 3620/3620/3620
f 3655/3655/3655 3624/3624/3624 3623/3623/3623
f 3616/3616/3616 3597/3597/3597 3656/3656/3656
f 3624/3624/3624 3657/3657/3657 3620/3620/3620
f 3600/3600/3600 3602/3602/3602 3444/3444/3444
f 3432/3432/3432 3615/3615/3615 3571/3571/3571
f 3630/3630/3630 3632/3632/3632 3579/3579/3579
f 3537/3537/3537 3441/3441/3441 3650/3650/3650
f 3633/3633/3633 3658/3658/3658 3595/3595/3595
f 3575/3575/3575 3581/3581/3581 3522/3522/3522
f 3586/3586/3586 3633/3633/3633 3641/3641/3641
f 3522/3522/3522 3521/3521/3521 3450/3450/3450
f 3582/3582/3582 3482/3482/3482 3589/3589/3589
f 3639/3639/3639 3632/3632/3632 3630/3630/3630
f 3497/3497/3497 3428/3428/3428 3469/3469/3469
f 3469/3469/3469 3625/3625/3625 3497/3497/3497
f 3569/3569/3569 3434/3434/3434 3430/3430/3430
f 3638/3638/3638 3567/3567/3567 3601/3601/3601
f 3507/3507/3507 3498/3498/3498 3659/3659/3659
f 3635/3635/3635 3595/3595/3595 3597/3597/3597
f 3516/3516/3516 3630/3630/3630 3579/3579/3579
f 3594/3594/3594 3511/3511/3511 3445/3445/3445
f 3650/3650/3650 3620/3620/3620 3657/3657/3657
f 3554/3554/3554 3660/3660/3660 3610/3610/3610
f 3659/3659/3659 3498/3498/3498 3550/3550/3550
f 3645/3645/3645 3635/3635/3635 3597/3597/3597
f 3590/3590/3590 3493/3493/3493 3634/3634/3634
f 3586/3586/3586 3606/3606/3606 3658/3658/3658
f 3503/3503/3503 3654/3654/3654 3451/3451/3451
f 3490/3490/3490 3529/3529/3529 3455/3455/3455
f 3598/3598/3598 3608/3608/3608 3599/3599/3599
f 3641/3641/3641 3587/3587/3587 3586/3586/3586
f 3615/3615/3615 3431/3431/3431 3639/3639/3639
f 3602/3602/3602 3588/3588/3588 3587/3587/3587
f 3470/3470/3470 3472/3472/3472 3481/3481/3481
f 3657/3657/3657 3624/3624/3624 3661/3661/3661
f 3651/3651/3651 3464/3464/3464 3662/3662/3662
f 3497/3497/3497 3625/3625/3625 3550/3550/3550
f 3629/3629/3629 3645/3645/3645 3663/3663/3663
f 3569/3569/3569 3568/3568/3568 3599/3599/3599
f 3513/3513/3513 3499/3499/3499 3458/3458/3458
f 3609/3609/3609 3431/3431/3431 3433/3433/3433
f 3506/3506/3506 3442/3442/3442 3446/3446/3446
f 3458/3458/3458 3502/3502/3502 3461/3461/3461
f 3585/3585/3585 3655/3655/3655 3664/3664/3664
f 3663/3663/3663 3645/3645/3645 3597/3597/3597
f 3500/3500/3500 3628/3628/3628 3501/3501/3501
f 3559/3559/3559 3433/3433/3433 3432/3432/3432
f 3665/3665/3665 3572/3572/3572 3510/3510/3510
f 3576/3576/3576 3544/3544/3544 3549/3549/3549
f 3505/3505/3505 3582/3582/3582 3503/3503/3503
f 3556/3556/3556 3419/3419/3419 3557/3557/3557
f 3507/3507/3507 3418/3418/3418 3417/3417/3417
f 3631/3631/3631 3587/3587/3587 3641/3641/3641
f 3588/3588/3588 3601/3601/3601 3666/3666/3666
f 3459/3459/3459 3575/3575/3575 3536/3536/3536
f 3519/3519/3519 3543/3543/3543 3517/3517/3517
f 3657/3657/3657 3537/3537/3537 3650/3650/3650
f 3438/3438/3438 3483/3483/3483 3462/3462/3462
f 3652/3652/3652 3646/3646/3646 3422/3422/3422
f 3595/3595/3595 3658/3658/3658 3596/3596/3596
f 3500/3500/3500 3499/3499/3499 3512/3512/3512
f 3639/3639/3639 3629/3629/3629 3663/3663/3663
f 3644/3644/3644 3616/3616/3616 3656/3656/3656
f 3567/3567/3567 3566/3566/3566 3666/3666/3666
f 3484/3484/3484 3557/3557/3557 3483/3483/3483
f 3652/3652/3652 3422/3422/3422 3421/3421/3421
f 3578/3578/3578 3579/3579/3579 3632/3632/3632
f 3435/3435/3435 3434/3434/3434 3569/3569/3569
f 3502/3502/3502 3458/3458/3458 3499/3499/3499
f 3667/3667/3667 3668/3668/3668 3669/3669/3669
f 3488/3488/3488 3493/3493/3493 3591/3591/3591
f 3531/3531/3531 3503/3503/3503 3521/3521/3521
f 3483/3483/3483 3463/3463/3463 3462/3462/3462
f 3488/3488/3488 3591/3591/3591 3460/3460/3460
f 3670/3670/3670 3657/3657/3657 3661/3661/3661
f 3606/3606/3606 3588/3588/3588 3642/3642/3642
f 3537/3537/3537 3442/3442/3442 3441/3441/3441
f 3671/3671/3671 3655/3655/3655 3585/3585/3585
f 3672/3672/3672 3560/3560/3560 3643/3643/3643
f 3673/3673/3673 3542/3542/3542 3541/3541/3541
f 3640/3640/3640 3520/3520/3520 3674/3674/3674
f 3431/3431/3431 3615/3615/3615 3432/3432/3432
f 3490/3490/3490 3539/3539/3539 3530/3530/3530
f 3460/3460/3460 3568/3568/3568 3430/3430/3430
f 3543/3543/3543 3519/3519/3519 3541/3541/3541
f 3616/3616/3616 3644/3644/3644 3571/3571/3571
f 3603/3603/3603 3612/3612/3612 3546/3546/3546
f 3675/3675/3675 3517/3517/3517 3543/3543/3543
f 3671/3671/3671 3670/3670/3670 3661/3661/3661
f 3671/3671/3671 3585/3585/3585 3675/3675/3675
f 3542/3542/3542 3673/3673/3673 3676/3676/3676
f 3543/3543/3543 3525/3525/3525 3675/3675/3675
f 3597/3597/3597 3616/3616/3616 3663/3663/3663
f 3526/3526/3526 3677/3677/3677 3527/3527/3527
f 3670/3670/3670 3544/3544/3544 3537/3537/3537
f 3670/3670/3670 3671/3671/3671 3605/3605/3605
f 3675/3675/3675 3524/3524/3524 3671/3671/3671
f 3675/3675/3675 3525/3525/3525 3524/3524/3524
f 3606/3606/3606 3642/3642/3642 3644/3644/3644
f 3676/3676/3676 3662/3662/3662 3542/3542/3542
f 3605/3605/3605 3544/3544/3544 3670/3670/3670
f 3524/3524/3524 3605/3605/3605 3671/3671/3671
f 3542/3542/3542 3662/3662/3662 3525/3525/3525
f 3601/3601/3601 3567/3567/3567 3666/3666/3666
f 3678/3678/3678 3561/3561/3561 3566/3566/3566
f 3664/3664/3664 3584/3584/3584 3585/3585/3585
f 3523/3523/3523 3605/3605/3605 3524/3524/3524
f 3679/3679/3679 3605/3605/3605 3523/3523/3523
f 3679/3679/3679 3548/3548/3548 3547/3547/3547
f 3680/3680/3680 3667/3667/3667 3669/3669/3669
f 3679/3679/3679 3523/3523/3523 3466/3466/3466
f 3681/3681/3681 3558/3558/3558 3682/3682/3682
f 3512/3512/3512 3496/3496/3496 3495/3495/3495
f 3493/3493/3493 3590/3590/3590 3591/3591/3591
f 3466/3466/3466 3523/3523/3523 3464/3464/3464
f 3548/3548/3548 3679/3679/3679 3466/3466/3466
f 3601/3601/3601 3588/3588/3588 3602/3602/3602
f 3586/3586/3586 3658/3658/3658 3633/3633/3633
f 3666/3666/3666 3566/3566/3566 3672/3672/3672
f 3548/3548/3548 3466/3466/3466 3638/3638/3638
f 3520/3520/3520 3581/3581/3581 3674/3674/3674
f 3421/3421/3421 3465/3465/3465 3464/3464/3464
f 3421/3421/3421 3683/3683/3683 3465/3465/3465
f 3420/3420/3420 3422/3422/3422 3647/3647/3647
f 3616/3616/3616 3639/3639/3639 3663/3663/3663
f 3527/3527/3527 3677/3677/3677 3660/3660/3660
f 3647/3647/3647 3648/3648/3648 3420/3420/3420
f 3642/3642/3642 3588/3588/3588 3666/3666/3666
f 3643/3643/3643 3642/3642/3642 3672/3672/3672
f 3683/3683/3683 3567/3567/3567 3638/3638/3638
f 3684/3684/3684 3567/3567/3567 3683/3683/3683
f 3567/3567/3567 3684/3684/3684 3565/3565/3565
f 3684/3684/3684 3648/3648/3648 3565/3565/3565
f 3565/3565/3565 3648/3648/3648 3685/3685/3685
f 3595/3595/3595 3494/3494/3494 3539/3539/3539
f 3521/3521/3521 3532/3532/3532 3531/3531/3531
f 3615/3615/3615 3639/3639/3639 3616/3616/3616
f 3648/3648/3648 3649/3649/3649 3686/3686/3686
f 3656/3656/3656 3596/3596/3596 3658/3658/3658
f 3639/3639/3639 3431/3431/3431 3632/3632/3632
f 3464/3464/3464 3523/3523/3523 3662/3662/3662
f 3566/3566/3566 3561/3561/3561 3672/3672/3672
f 3637/3637/3637 3515/3515/3515 3687/3687/3687
f 3589/3589/3589 3654/3654/3654 3503/3503/3503
f 3602/3602/3602 3587/3587/3587 3444/3444/3444
f 3661/3661/3661 3624/3624/3624 3655/3655/3655
f 3642/3642/3642 3666/3666/3666 3672/3672/3672
f 3457/3457/3457 3456/3456/3456 3513/3513/3513
f 3452/3452/3452 3491/3491/3491 3455/3455/3455
f 3672/3672/3672 3561/3561/3561 3560/3560/3560
f 3645/3645/3645 3500/3500/3500 3635/3635/3635
f 3622/3622/3622 3540/3540/3540 3631/3631/3631
f 3656/3656/3656 3658/3658/3658 3606/3606/3606
f 3530/3530/3530 3539/3539/3539 3494/3494/3494
f 3570/3570/3570 3688/3688/3688 3463/3463/3463
f 3556/3556/3556 3417/3417/3417 3419/3419/3419
f 3625/3625/3625 3468/3468/3468 3551/3551/3551
f 3613/3613/3613 3449/3449/3449 3482/3482/3482
f 3574/3574/3574 3653/3653/3653 3627/3627/3627
f 3687/3687/3687 3510/3510/3510 3613/3613/3613
f 3554/3554/3554 3604/3604/3604 3553/3553/3553
f 3575/3575/3575 3522/3522/3522 3535/3535/3535
f 3447/3447/3447 3509/3509/3509 3473/3473/3473
f 3505/3505/3505 3618/3618/3618 3582/3582/3582
f 3614/3614/3614 3562/3562/3562 3564/3564/3564
f 3504/3504/3504 3626/3626/3626 3505/3505/3505
f 3571/3571/3571 3644/3644/3644 3643/3643/3643
f 3486/3486/3486 3614/3614/3614 3487/3487/3487
f 3531/3531/3531 3689/3689/3689 3626/3626/3626
f 3531/3531/3531 3533/3533/3533 3689/3689/3689
f 3656/3656/3656 3606/3606/3606 3644/3644/3644
f 3510/3510/3510 3687/3687/3687 3665/3665/3665
f 3583/3583/3583 3637/3637/3637 3687/3687/3687
f 3441/3441/3441 3508/3508/3508 3573/3573/3573
f 3654/3654/3654 3653/3653/3653 3453/3453/3453
f 3447/3447/3447 3574/3574/3574 3627/3627/3627
f 3527/3527/3527 3660/3660/3660 3554/3554/3554
f 3509/3509/3509 3443/3443/3443 3473/3473/3473
f 3518/3518/3518 3636/3636/3636 3519/3519/3519
f 3482/3482/3482 3583/3583/3583 3613/3613/3613
f 3479/3479/3479 3618/3618/3618 3480/3480/3480
f 3583/3583/3583 3687/3687/3687 3613/3613/3613
f 3521/3521/3521 3520/3520/3520 3640/3640/3640
f 3479/3479/3479 3582/3582/3582 3618/3618/3618
f 3428/3428/3428 3497/3497/3497 3429/3429/3429
f 3617/3617/3617 3505/3505/3505 3626/3626/3626
f 3690/3690/3690 3681/3681/3681 3603/3603/3603
f 3417/3417/3417 3556/3556/3556 3437/3437/3437
f 3681/3681/3681 3604/3604/3604 3603/3603/3603
f 3604/3604/3604 3681/3681/3681 3682/3682/3682
f 3485/3485/3485 3425/3425/3425 3427/3427/3427
f 3626/3626/3626 3689/3689/3689 3617/3617/3617
f 3597/3597/3597 3596/3596/3596 3656/3656/3656
f 3520/3520/3520 3522/3522/3522 3581/3581/3581
f 3440/3440/3440 3437/3437/3437 3556/3556/3556
f 3636/3636/3636 3518/3518/3518 3546/3546/3546
f 3438/3438/3438 3440/3440/3440 3484/3484/3484
f 3558/3558/3558 3690/3690/3690 3546/3546/3546
f 3617/3617/3617 3480/3480/3480 3618/3618/3618
f 3678/3678/3678 3566/3566/3566 3565/3565/3565
f 3582/3582/3582 3479/3479/3479 3637/3637/3637
f 3521/3521/3521 3451/3451/3451 3450/3450/3450
f 3654/3654/3654 3453/3453/3453 3451/3451/3451
f 3526/3526/3526 3426/3426/3426 3677/3677/3677
f 3480/3480/3480 3617/3617/3617 3689/3689/3689
f 3589/3589/3589 3627/3627/3627 3653/3653/3653
f 3681/3681/3681 3690/3690/3690 3558/3558/3558
f 3479/3479/3479 3515/3515/3515 3637/3637/3637
f 3443/3443/3443 3509/3509/3509 3508/3508/3508
f 3667/3667/3667 3680/3680/3680 3619/3619/3619
f 3603/3603/3603 3610/3610/3610 3612/3612/3612
f 3560/3560/3560 3571/3571/3571 3643/3643/3643
f 3514/3514/3514 3687/3687/3687 3515/3515/3515
f 3457/3457/3457 3450/3450/3450 3455/3455/3455
f 3562/3562/3562 3486/3486/3486 3691/3691/3691
f 3479/3479/3479 3478/3478/3478 3514/3514/3514
f 3692/3692/3692 3562/3562/3562 3691/3691/3691
f 3651/3651/3651 3652/3652/3652 3464/3464/3464
f 3465/3465/3465 3683/3683/3683 3638/3638/3638
f 3693/3693/3693 3687/3687/3687 3514/3514/3514
f 3694/3694/3694 3514/3514/3514 3478/3478/3478
f 3619/3619/3619 3680/3680/3680 3623/3623/3623
f 3693/3693/3693 3514/3514/3514 3694/3694/3694
f 3685/3685/3685 3648/3648/3648 3686/3686/3686
f 3693/3693/3693 3665/3665/3665 3687/3687/3687
f 3459/3459/3459 3536/3536/3536 3457/3457/3457
f 3468/3468/3468 3625/3625/3625 3469/3469/3469
f 3500/3500/3500 3629/3629/3629 3628/3628/3628
f 3585/3585/3585 3517/3517/3517 3675/3675/3675
f 3546/3546/3546 3612/3612/3612 3636/3636/3636
f 3526/3526/3526 3427/3427/3427 3426/3426/3426
f 3610/3610/3610 3603/3603/3603 3554/3554/3554
f 3667/3667/3667 3619/3619/3619 3621/3621/3621
f 3665/3665/3665 3667/3667/3667 3695/3695/3695
f 3688/3688/3688 3461/3461/3461 3463/3463/3463
f 3510/3510/3510 3509/3509/3509 3449/3449/3449
f 3657/3657/3657 3670/3670/3670 3537/3537/3537
f 3472/3472/3472 3471/3471/3471 3653/3653/3653
f 3468/3468/3468 3477/3477/3477 3551/3551/3551
f 3695/3695/3695 3572/3572/3572 3665/3665/3665
f 3420/3420/3420 3684/3684/3684 3683/3683/3683
f 3655/3655/3655 3671/3671/3671 3661/3661/3661
f 3694/3694/3694 3668/3668/3668 3693/3693/3693
f 3420/3420/3420 3683/3683/3683 3421/3421/3421
f 3425/3425/3425 3487/3487/3487 3614/3614/3614
f 3420/3420/3420 3648/3648/3648 3684/3684/3684
f 3551/3551/3551 3477/3477/3477 3552/3552/3552
f 3485/3485/3485 3487/3487/3487 3425/3425/3425
f 3573/3573/3573 3572/3572/3572 3621/3621/3621
f 3528/3528/3528 3427/3427/3427 3526/3526/3526
f 3653/3653/3653 3471/3471/3471 3453/3453/3453
f 3562/3562/3562 3692/3692/3692 3563/3563/3563
f 3518/3518/3518 3517/3517/3517 3545/3545/3545
f 3693/3693/3693 3667/3667/3667 3665/3665/3665
f 3572/3572/3572 3695/3695/3695 3621/3621/3621
f 3523/3523/3523 3525/3525/3525 3662/3662/3662
f 3603/3603/3603 3546/3546/3546 3690/3690/3690
f 3475/3475/3475 3447/3447/3447 3473/3473/3473
f 3528/3528/3528 3527/3527/3527 3553/3553/3553
f 3621/3621/3621 3695/3695/3695 3667/3667/3667
f 3693/3693/3693 3668/3668/3668 3667/3667/3667
f 3426/3426/3426 3425/3425/3425 3696/3696/3696
f 3614/3614/3614 3696/3696/3696 3425/3425/3425
f 3655/3655/3655 3623/3623/3623 3664/3664/3664
f 3481/3481/3481 3574/3574/3574 3447/3447/3447
f 3473/3473/3473 3443/3443/3443 3474/3474/3474
f 3605/3605/3605 3679/3679/3679 3547/3547/3547
f 3697/3697/3697 3698/3698/3698 3699/3699/3699
f 3700/3700/3700 3701/3701/3701 3702/3702/3702
f 3703/3703/3703 3704/3704/3704 3705/3705/3705
f 3706/3706/3706 3707/3707/3707 3708/3708/3708
f 3709/3709/3709 3710/3710/3710 3711/3711/3711
f 3712/3712/3712 3713/3713/3713 3714/3714/3714
f 3715/3715/3715 3716/3716/3716 3717/3717/3717
f 3718/3718/3718 3719/3719/3719 3720/3720/3720
f 3721/3721/3721 3722/3722/3722 3723/3723/3723
f 3724/3724/3724 3725/3725/3725 3726/3726/3726
f 3727/3727/3727 3698/3698/3698 3728/3728/3728
f 3729/3729/3729 3730/3730/3730 3731/3731/3731
f 3732/3732/3732 3733/3733/3733 3734/3734/3734
f 3734/3734/3734 3733/3733/3733 3735/3735/3735
f 3736/3736/3736 3737/3737/3737 3738/3738/3738
f 3723/3723/3723 3739/3739/3739 3740/3740/3740
f 3712/3712/3712 3741/3741/3741 3742/3742/3742
f 3743/3743/3743 3744/3744/3744 3745/3745/3745
f 3746/3746/3746 3747/3747/3747 3748/3748/3748
f 3749/3749/3749 3750/3750/3750 3751/3751/3751
f 3752/3752/3752 3722/3722/3722 3721/3721/3721
f 3753/3753/3753 3754/3754/3754 3755/3755/3755
f 3733/3733/3733 3732/3732/3732 3756/3756/3756
f 3757/3757/3757 3758/3758/3758 3759/3759/3759
f 3760/3760/3760 3761/3761/3761 3697/3697/3697
f 3762/3762/3762 3763/3763/3763 3764/3764/3764
f 3765/3765/3765 3703/3703/3703 3757/3757/3757
f 3700/3700/3700 3766/3766/3766 3701/3701/3701
f 3767/3767/3767 3710/3710/3710 3768/3768/3768
f 3769/3769/3769 3737/3737/3737 3770/3770/3770
f 3771/3771/3771 3759/3759/3759 3772/3772/3772
f 3709/3709/3709 3773/3773/3773 3715/3715/3715
f 3774/3774/3774 3775/3775/3775 3739/3739/3739
f 3735/3735/3735 3776/3776/3776 3777/3777/3777
f 3778/3778/3778 3779/3779/3779 3780/3780/3780
f 3781/3781/3781 3782/3782/3782 3783/3783/3783
f 3784/3784/3784 3785/3785/3785 3786/3786/3786
f 3719/3719/3719 3787/3787/3787 3788/3788/3788
f 3720/3720/3720 3719/3719/3719 3788/3788/3788
f 3789/3789/3789 3790/3790/3790 3791/3791/3791
f 3702/3702/3702 3792/3792/3792 3793/3793/3793
f 3721/3721/3721 3723/3723/3723 3740/3740/3740
f 3794/3794/3794 3795/3795/3795 3796/3796/3796
f 3729/3729/3729 3797/3797/3797 3798/3798/3798
f 3799/3799/3799 3800/3800/3800 3784/3784/3784
f 3791/3791/3791 3801/3801/3801 3789/3789/3789
f 3802/3802/3802 3803/3803/3803 3804/3804/3804
f 3805/3805/3805 3806/3806/3806 3807/3807/3807
f 3808/3808/3808 3809/3809/3809 3804/3804/3804
f 3810/3810/3810 3811/3811/3811 3812/3812/3812
f 3813/3813/3813 3814/3814/3814 3776/3776/3776
f 3815/3815/3815 3776/3776/3776 3735/3735/3735
f 3733/3733/3733 3816/3816/3816 3815/3815/3815
f 3817/3817/3817 3818/3818/3818 3819/3819/3819
f 3699/3699/3699 3790/3790/3790 3820/3820/3820
f 3821/3821/3821 3768/3768/3768 3754/3754/3754
f 3818/3818/3818 3776/3776/3776 3815/3815/3815
f 3798/3798/3798 3822/3822/3822 3729/3729/3729
f 3815/3815/3815 3816/3816/3816 3819/3819/3819
f 3776/3776/3776 3818/3818/3818 3813/3813/3813
f 3817/3817/3817 3813/3813/3813 3818/3818/3818
f 3823/3823/3823 3824/3824/3824 3825/3825/3825
f 3814/3814/3814 3813/3813/3813 3826/3826/3826
f 3827/3827/3827 3777/3777/3777 3776/3776/3776
f 3739/3739/3739 3828/3828/3828 3740/3740/3740
f 3806/3806/3806 3829/3829/3829 3807/3807/3807
f 3830/3830/3830 3814/3814/3814 3826/3826/3826
f 3829/3829/3829 3738/3738/3738 3804/3804/3804
f 3831/3831/3831 3807/3807/3807 3832/3832/3832
f 3826/3826/3826 3817/3817/3817 3833/3833/3833
f 3834/3834/3834 3716/3716/3716 3835/3835/3835
f 3826/3826/3826 3833/3833/3833 3830/3830/3830
f 3809/3809/3809 3808/3808/3808 3836/3836/3836
f 3752/3752/3752 3787/3787/3787 3837/3837/3837
f 3838/3838/3838 3750/3750/3750 3749/3749/3749
f 3839/3839/3839 3840/3840/3840 3780/3780/3780
f 3703/3703/3703 3765/3765/3765 3704/3704/3704
f 3841/3841/3841 3770/3770/3770 3736/3736/3736
f 3786/3786/3786 3842/3842/3842 3784/3784/3784
f 3829/3829/3829 3843/3843/3843 3844/3844/3844
f 3845/3845/3845 3799/3799/3799 3846/3846/3846
f 3752/3752/3752 3721/3721/3721 3847/3847/3847
f 3703/3703/3703 3758/3758/3758 3757/3757/3757
f 3848/3848/3848 3759/3759/3759 3758/3758/3758
f 3748/3748/3748 3849/3849/3849 3746/3746/3746
f 3850/3850/3850 3851/3851/3851 3852/3852/3852
f 3724/3724/3724 3726/3726/3726 3853/3853/3853
f 3849/3849/3849 3748/3748/3748 3853/3853/3853
f 3705/3705/3705 3854/3854/3854 3761/3761/3761
f 3825/3825/3825 3855/3855/3855 3851/3851/3851
f 3856/3856/3856 3857/3857/3857 3858/3858/3858
f 3859/3859/3859 3710/3710/3710 3709/3709/3709
f 3860/3860/3860 3861/3861/3861 3724/3724/3724
f 3862/3862/3862 3709/3709/3709 3715/3715/3715
f 3863/3863/3863 3864/3864/3864 3865/3865/3865
f 3760/3760/3760 3705/3705/3705 3761/3761/3761
f 3771/3771/3771 3772/3772/3772 3775/3775/3775
f 3725/3725/3725 3866/3866/3866 3726/3726/3726
f 3766/3766/3766 3760/3760/3760 3697/3697/3697
f 3727/3727/3727 3699/3699/3699 3698/3698/3698
f 3867/3867/3867 3868/3868/3868 3869/3869/3869
f 3772/3772/3772 3759/3759/3759 3870/3870/3870
f 3871/3871/3871 3745/3745/3745 3872/3872/3872
f 3873/3873/3873 3838/3838/3838 3714/3714/3714
f 3804/3804/3804 3803/3803/3803 3843/3843/3843
f 3874/3874/3874 3762/3762/3762 3875/3875/3875
f 3699/3699/3699 3766/3766/3766 3697/3697/3697
f 3876/3876/3876 3840/3840/3840 3822/3822/3822
f 3768/3768/3768 3877/3877/3877 3725/3725/3725
f 3717/3717/3717 3878/3878/3878 3862/3862/3862
f 3879/3879/3879 3774/3774/3774 3739/3739/3739
f 3880/3880/3880 3840/3840/3840 3876/3876/3876
f 3881/3881/3881 3756/3756/3756 3882/3882/3882
f 3883/3883/3883 3820/3820/3820 3789/3789/3789
f 3884/3884/3884 3864/3864/3864 3885/3885/3885
f 3735/3735/3735 3886/3886/3886 3734/3734/3734
f 3836/3836/3836 3778/3778/3778 3887/3887/3887
f 3888/3888/3888 3760/3760/3760 3766/3766/3766
f 3889/3889/3889 3802/3802/3802 3876/3876/3876
f 3888/3888/3888 3890/3890/3890 3760/3760/3760
f 3891/3891/3891 3892/3892/3892 3893/3893/3893
f 3866/3866/3866 3885/3885/3885 3726/3726/3726
f 3894/3894/3894 3861/3861/3861 3895/3895/3895
f 3743/3743/3743 3745/3745/3745 3896/3896/3896
f 3877/3877/3877 3866/3866/3866 3725/3725/3725
f 3803/3803/3803 3802/3802/3802 3889/3889/3889
f 3897/3897/3897 3859/3859/3859 3709/3709/3709
f 3775/3775/3775 3772/3772/3772 3739/3739/3739
f 3726/3726/3726 3885/3885/3885 3864/3864/3864
f 3898/3898/3898 3858/3858/3858 3857/3857/3857
f 3792/3792/3792 3701/3701/3701 3699/3699/3699
f 3899/3899/3899 3863/3863/3863 3865/3865/3865
f 3900/3900/3900 3842/3842/3842 3708/3708/3708
f 3901/3901/3901 3824/3824/3824 3902/3902/3902
f 3831/3831/3831 3805/3805/3805 3807/3807/3807
f 3717/3717/3717 3903/3903/3903 3878/3878/3878
f 3706/3706/3706 3904/3904/3904 3752/3752/3752
f 3788/3788/3788 3785/3785/3785 3720/3720/3720
f 3772/3772/3772 3905/3905/3905 3828/3828/3828
f 3716/3716/3716 3773/3773/3773 3711/3711/3711
f 3793/3793/3793 3792/3792/3792 3820/3820/3820
f 3906/3906/3906 3907/3907/3907 3741/3741/3741
f 3908/3908/3908 3909/3909/3909 3910/3910/3910
f 3772/3772/3772 3828/3828/3828 3739/3739/3739
f 3837/3837/3837 3911/3911/3911 3912/3912/3912
f 3913/3913/3913 3914/3914/3914 3915/3915/3915
f 3860/3860/3860 3724/3724/3724 3747/3747/3747
f 3916/3916/3916 3769/3769/3769 3917/3917/3917
f 3713/3713/3713 3873/3873/3873 3714/3714/3714
f 3698/3698/3698 3918/3918/3918 3728/3728/3728
f 3915/3915/3915 3919/3919/3919 3913/3913/3913
f 3920/3920/3920 3854/3854/3854 3704/3704/3704
f 3921/3921/3921 3922/3922/3922 3794/3794/3794
f 3740/3740/3740 3828/3828/3828 3910/3910/3910
f 3765/3765/3765 3757/3757/3757 3923/3923/3923
f 3924/3924/3924 3925/3925/3925 3704/3704/3704
f 3835/3835/3835 3716/3716/3716 3711/3711/3711
f 3859/3859/3859 3768/3768/3768 3710/3710/3710
f 3778/3778/3778 3880/3880/3880 3887/3887/3887
f 3791/3791/3791 3790/3790/3790 3727/3727/3727
f 3807/3807/3807 3829/3829/3829 3832/3832/3832
f 3906/3906/3906 3741/3741/3741 3926/3926/3926
f 3752/3752/3752 3847/3847/3847 3706/3706/3706
f 3844/3844/3844 3843/3843/3843 3803/3803/3803
f 3894/3894/3894 3895/3895/3895 3711/3711/3711
f 3927/3927/3927 3860/3860/3860 3747/3747/3747
f 3721/3721/3721 3928/3928/3928 3847/3847/3847
f 3844/3844/3844 3912/3912/3912 3829/3829/3829
f 3758/3758/3758 3929/3929/3929 3848/3848/3848
f 3930/3930/3930 3908/3908/3908 3901/3901/3901
f 3874/3874/3874 3730/3730/3730 3822/3822/3822
f 3713/3713/3713 3896/3896/3896 3931/3931/3931
f 3759/3759/3759 3848/3848/3848 3870/3870/3870
f 3899/3899/3899 3872/3872/3872 3932/3932/3932
f 3933/3933/3933 3927/3927/3927 3747/3747/3747
f 3851/3851/3851 3823/3823/3823 3825/3825/3825
f 3744/3744/3744 3932/3932/3932 3745/3745/3745
f 3903/3903/3903 3717/3717/3717 3716/3716/3716
f 3783/3783/3783 3902/3902/3902 3934/3934/3934
f 3935/3935/3935 3779/3779/3779 3936/3936/3936
f 3906/3906/3906 3926/3926/3926 3751/3751/3751
f 3789/3789/3789 3820/3820/3820 3790/3790/3790
f 3822/3822/3822 3889/3889/3889 3876/3876/3876
f 3905/3905/3905 3901/3901/3901 3908/3908/3908
f 3832/3832/3832 3829/3829/3829 3912/3912/3912
f 3768/3768/3768 3821/3821/3821 3877/3877/3877
f 3773/3773/3773 3716/3716/3716 3715/3715/3715
f 3764/3764/3764 3731/3731/3731 3875/3875/3875
f 3751/3751/3751 3937/3937/3937 3938/3938/3938
f 3704/3704/3704 3854/3854/3854 3705/3705/3705
f 3929/3929/3929 3939/3939/3939 3870/3870/3870
f 3878/3878/3878 3940/3940/3940 3862/3862/3862
f 3902/3902/3902 3941/3941/3941 3850/3850/3850
f 3935/3935/3935 3942/3942/3942 3943/3943/3943
f 3933/3933/3933 3855/3855/3855 3888/3888/3888
f 3944/3944/3944 3740/3740/3740 3945/3945/3945
f 3713/3713/3713 3712/3712/3712 3744/3744/3744
f 3909/3909/3909 3908/3908/3908 3946/3946/3946
f 3781/3781/3781 3907/3907/3907 3858/3858/3858
f 3883/3883/3883 3835/3835/3835 3820/3820/3820
f 3910/3910/3910 3945/3945/3945 3740/3740/3740
f 3947/3947/3947 3948/3948/3948 3949/3949/3949
f 3950/3950/3950 3935/3935/3935 3936/3936/3936
f 3751/3751/3751 3750/3750/3750 3937/3937/3937
f 3822/3822/3822 3840/3840/3840 3951/3951/3951
f 3707/3707/3707 3847/3847/3847 3928/3928/3928
f 3893/3893/3893 3952/3952/3952 3953/3953/3953
f 3828/3828/3828 3905/3905/3905 3910/3910/3910
f 3951/3951/3951 3874/3874/3874 3822/3822/3822
f 3752/3752/3752 3904/3904/3904 3787/3787/3787
f 3890/3890/3890 3888/3888/3888 3954/3954/3954
f 3707/3707/3707 3706/3706/3706 3847/3847/3847
f 3870/3870/3870 3848/3848/3848 3929/3929/3929
f 3908/3908/3908 3930/3930/3930 3946/3946/3946
f 3721/3721/3721 3944/3944/3944 3928/3928/3928
f 3955/3955/3955 3868/3868/3868 3956/3956/3956
f 3954/3954/3954 3929/3929/3929 3890/3890/3890
f 3842/3842/3842 3786/3786/3786 3904/3904/3904
f 3937/3937/3937 3957/3957/3957 3922/3922/3922
f 3800/3800/3800 3958/3958/3958 3785/3785/3785
f 3945/3945/3945 3928/3928/3928 3944/3944/3944
f 3855/3855/3855 3825/3825/3825 3954/3954/3954
f 3959/3959/3959 3935/3935/3935 3950/3950/3950
f 3929/3929/3929 3758/3758/3758 3703/3703/3703
f 3782/3782/3782 3902/3902/3902 3783/3783/3783
f 3960/3960/3960 3844/3844/3844 3803/3803/3803
f 3916/3916/3916 3950/3950/3950 3936/3936/3936
f 3912/3912/3912 3844/3844/3844 3961/3961/3961
f 3875/3875/3875 3730/3730/3730 3874/3874/3874
f 3909/3909/3909 3945/3945/3945 3910/3910/3910
f 3823/3823/3823 3941/3941/3941 3902/3902/3902
f 3822/3822/3822 3730/3730/3730 3729/3729/3729
f 3710/3710/3710 3894/3894/3894 3711/3711/3711
f 3944/3944/3944 3721/3721/3721 3740/3740/3740
f 3710/3710/3710 3767/3767/3767 3894/3894/3894
f 3895/3895/3895 3860/3860/3860 3962/3962/3962
f 3714/3714/3714 3749/3749/3749 3712/3712/3712
f 3929/3929/3929 3954/3954/3954 3939/3939/3939
f 3963/3963/3963 3964/3964/3964 3952/3952/3952
f 3965/3965/3965 3779/3779/3779 3943/3943/3943
f 3709/3709/3709 3711/3711/3711 3773/3773/3773
f 3928/3928/3928 3966/3966/3966 3707/3707/3707
f 3869/3869/3869 3868/3868/3868 3967/3967/3967
f 3910/3910/3910 3905/3905/3905 3908/3908/3908
f 3902/3902/3902 3782/3782/3782 3901/3901/3901
f 3770/3770/3770 3737/3737/3737 3736/3736/3736
f 3892/3892/3892 3776/3776/3776 3968/3968/3968
f 3969/3969/3969 3970/3970/3970 3955/3955/3955
f 3842/3842/3842 3971/3971/3971 3784/3784/3784
f 3925/3925/3925 3924/3924/3924 3765/3765/3765
f 3971/3971/3971 3972/3972/3972 3796/3796/3796
f 3798/3798/3798 3889/3889/3889 3822/3822/3822
f 3699/3699/3699 3701/3701/3701 3766/3766/3766
f 3768/3768/3768 3859/3859/3859 3886/3886/3886
f 3811/3811/3811 3891/3891/3891 3973/3973/3973
f 3736/3736/3736 3738/3738/3738 3806/3806/3806
f 3802/3802/3802 3887/3887/3887 3876/3876/3876
f 3866/3866/3866 3877/3877/3877 3974/3974/3974
f 3716/3716/3716 3834/3834/3834 3903/3903/3903
f 3824/3824/3824 3870/3870/3870 3825/3825/3825
f 3956/3956/3956 3810/3810/3810 3969/3969/3969
f 3888/3888/3888 3855/3855/3855 3954/3954/3954
f 3785/3785/3785 3784/3784/3784 3800/3800/3800
f 3799/3799/3799 3958/3958/3958 3800/3800/3800
f 3698/3698/3698 3697/3697/3697 3975/3975/3975
f 3708/3708/3708 3857/3857/3857 3900/3900/3900
f 3966/3966/3966 3976/3976/3976 3909/3909/3909
f 3808/3808/3808 3916/3916/3916 3936/3936/3936
f 3902/3902/3902 3850/3850/3850 3934/3934/3934
f 3915/3915/3915 3964/3964/3964 3963/3963/3963
f 3928/3928/3928 3945/3945/3945 3976/3976/3976
f 3945/3945/3945 3909/3909/3909 3976/3976/3976
f 3966/3966/3966 3708/3708/3708 3707/3707/3707
f 3946/3946/3946 3781/3781/3781 3858/3858/3858
f 3785/3785/3785 3788/3788/3788 3786/3786/3786
f 3824/3824/3824 3901/3901/3901 3905/3905/3905
f 3780/3780/3780 3779/3779/3779 3965/3965/3965
f 3936/3936/3936 3779/3779/3779 3836/3836/3836
f 3977/3977/3977 3931/3931/3931 3896/3896/3896
f 3936/3936/3936 3836/3836/3836 3808/3808/3808
f 3978/3978/3978 3803/3803/3803 3798/3798/3798
f 3962/3962/3962 3835/3835/3835 3711/3711/3711
f 3708/3708/3708 3966/3966/3966 3857/3857/3857
f 3954/3954/3954 3825/3825/3825 3939/3939/3939
f 3749/3749/3749 3926/3926/3926 3712/3712/3712
f 3728/3728/3728 3791/3791/3791 3727/3727/3727
f 3957/3957/3957 3937/3937/3937 3750/3750/3750
f 3905/3905/3905 3772/3772/3772 3870/3870/3870
f 3798/3798/3798 3803/3803/3803 3889/3889/3889
f 3831/3831/3831 3832/3832/3832 3979/3979/3979
f 3724/3724/3724 3861/3861/3861 3725/3725/3725
f 3980/3980/3980 3974/3974/3974 3949/3949/3949
f 3836/3836/3836 3779/3779/3779 3778/3778/3778
f 3871/3871/3871 3884/3884/3884 3869/3869/3869
f 3745/3745/3745 3871/3871/3871 3967/3967/3967
f 3885/3885/3885 3869/3869/3869 3884/3884/3884
f 3866/3866/3866 3980/3980/3980 3885/3885/3885
f 3745/3745/3745 3967/3967/3967 3896/3896/3896
f 3784/3784/3784 3971/3971/3971 3799/3799/3799
f 3885/3885/3885 3980/3980/3980 3869/3869/3869
f 3980/3980/3980 3866/3866/3866 3974/3974/3974
f 3981/3981/3981 3896/3896/3896 3967/3967/3967
f 3869/3869/3869 3980/3980/3980 3867/3867/3867
f 3981/3981/3981 3967/3967/3967 3868/3868/3868
f 3977/3977/3977 3896/3896/3896 3981/3981/3981
f 3948/3948/3948 3867/3867/3867 3980/3980/3980
f 3949/3949/3949 3948/3948/3948 3980/3980/3980
f 3949/3949/3949 3974/3974/3974 3821/3821/3821
f 3981/3981/3981 3868/3868/3868 3970/3970/3970
f 3970/3970/3970 3977/3977/3977 3981/3981/3981
f 3868/3868/3868 3867/3867/3867 3956/3956/3956
f 3972/3972/3972 3900/3900/3900 3857/3857/3857
f 3867/3867/3867 3948/3948/3948 3956/3956/3956
f 3821/3821/3821 3753/3753/3753 3949/3949/3949
f 3955/3955/3955 3970/3970/3970 3868/3868/3868
f 3956/3956/3956 3948/3948/3948 3810/3810/3810
f 3811/3811/3811 3973/3973/3973 3812/3812/3812
f 3810/3810/3810 3948/3948/3948 3947/3947/3947
f 3947/3947/3947 3949/3949/3949 3753/3753/3753
f 3955/3955/3955 3956/3956/3956 3969/3969/3969
f 3753/3753/3753 3982/3982/3982 3947/3947/3947
f 3969/3969/3969 3983/3983/3983 3970/3970/3970
f 3812/3812/3812 3969/3969/3969 3810/3810/3810
f 3810/3810/3810 3982/3982/3982 3811/3811/3811
f 3753/3753/3753 3891/3891/3891 3982/3982/3982
f 3812/3812/3812 3983/3983/3983 3969/3969/3969
f 3982/3982/3982 3891/3891/3891 3811/3811/3811
f 3827/3827/3827 3891/3891/3891 3753/3753/3753
f 3983/3983/3983 3812/3812/3812 3984/3984/3984
f 3812/3812/3812 3973/3973/3973 3984/3984/3984
f 3858/3858/3858 3898/3898/3898 3946/3946/3946
f 3891/3891/3891 3985/3985/3985 3973/3973/3973
f 3776/3776/3776 3892/3892/3892 3827/3827/3827
f 3985/3985/3985 3984/3984/3984 3973/3973/3973
f 3860/3860/3860 3895/3895/3895 3861/3861/3861
f 3985/3985/3985 3891/3891/3891 3893/3893/3893
f 3893/3893/3893 3892/3892/3892 3968/3968/3968
f 3769/3769/3769 3916/3916/3916 3737/3737/3737
f 3979/3979/3979 3986/3986/3986 3831/3831/3831
f 3893/3893/3893 3953/3953/3953 3985/3985/3985
f 3952/3952/3952 3893/3893/3893 3968/3968/3968
f 3971/3971/3971 3842/3842/3842 3900/3900/3900
f 3968/3968/3968 3814/3814/3814 3952/3952/3952
f 3879/3879/3879 3960/3960/3960 3803/3803/3803
f 3909/3909/3909 3898/3898/3898 3966/3966/3966
f 3964/3964/3964 3953/3953/3953 3952/3952/3952
f 3919/3919/3919 3952/3952/3952 3814/3814/3814
f 3919/3919/3919 3830/3830/3830 3913/3913/3913
f 3912/3912/3912 3961/3961/3961 3837/3837/3837
f 3952/3952/3952 3919/3919/3919 3963/3963/3963
f 3764/3764/3764 3875/3875/3875 3762/3762/3762
f 3749/3749/3749 3751/3751/3751 3926/3926/3926
f 3746/3746/3746 3851/3851/3851 3855/3855/3855
f 3820/3820/3820 3792/3792/3792 3699/3699/3699
f 3806/3806/3806 3841/3841/3841 3736/3736/3736
f 3765/3765/3765 3763/3763/3763 3925/3925/3925
f 3731/3731/3731 3730/3730/3730 3875/3875/3875
f 3845/3845/3845 3958/3958/3958 3799/3799/3799
f 3765/3765/3765 3764/3764/3764 3763/3763/3763
f 3854/3854/3854 3698/3698/3698 3975/3975/3975
f 3934/3934/3934 3850/3850/3850 3932/3932/3932
f 3840/3840/3840 3778/3778/3778 3780/3780/3780
f 3901/3901/3901 3782/3782/3782 3930/3930/3930
f 3857/3857/3857 3966/3966/3966 3898/3898/3898
f 3860/3860/3860 3927/3927/3927 3702/3702/3702
f 3860/3860/3860 3702/3702/3702 3793/3793/3793
f 3923/3923/3923 3757/3757/3757 3731/3731/3731
f 3852/3852/3852 3863/3863/3863 3850/3850/3850
f 3846/3846/3846 3799/3799/3799 3971/3971/3971
f 3844/3844/3844 3960/3960/3960 3961/3961/3961
f 3959/3959/3959 3942/3942/3942 3935/3935/3935
f 3890/3890/3890 3929/3929/3929 3703/3703/3703
f 3987/3987/3987 3709/3709/3709 3862/3862/3862
f 3823/3823/3823 3851/3851/3851 3941/3941/3941
f 3814/3814/3814 3968/3968/3968 3776/3776/3776
f 3892/3892/3892 3891/3891/3891 3827/3827/3827
f 3836/3836/3836 3887/3887/3887 3809/3809/3809
f 3764/3764/3764 3765/3765/3765 3923/3923/3923
f 3982/3982/3982 3810/3810/3810 3947/3947/3947
f 3801/3801/3801 3835/3835/3835 3883/3883/3883
f 3840/3840/3840 3839/3839/3839 3951/3951/3951
f 3846/3846/3846 3988/3988/3988 3845/3845/3845
f 3845/3845/3845 3988/3988/3988 3989/3989/3989
f 3884/3884/3884 3865/3865/3865 3864/3864/3864
f 3798/3798/3798 3797/3797/3797 3978/3978/3978
f 3747/3747/3747 3855/3855/3855 3933/3933/3933
f 3927/3927/3927 3766/3766/3766 3700/3700/3700
f 3971/3971/3971 3900/3900/3900 3972/3972/3972
f 3753/3753/3753 3755/3755/3755 3827/3827/3827
f 3865/3865/3865 3871/3871/3871 3899/3899/3899
f 3879/3879/3879 3803/3803/3803 3978/3978/3978
f 3871/3871/3871 3865/3865/3865 3884/3884/3884
f 3744/3744/3744 3712/3712/3712 3990/3990/3990
f 3911/3911/3911 3979/3979/3979 3832/3832/3832
f 3843/3843/3843 3829/3829/3829 3804/3804/3804
f 3748/3748/3748 3747/3747/3747 3724/3724/3724
f 3774/3774/3774 3771/3771/3771 3775/3775/3775
f 3930/3930/3930 3781/3781/3781 3946/3946/3946
f 3979/3979/3979 3719/3719/3719 3986/3986/3986
f 3782/3782/3782 3781/3781/3781 3930/3930/3930
f 3732/3732/3732 3859/3859/3859 3987/3987/3987
f 3961/3961/3961 3960/3960/3960 3722/3722/3722
f 3941/3941/3941 3851/3851/3851 3850/3850/3850
f 3927/3927/3927 3700/3700/3700 3702/3702/3702
f 3706/3706/3706 3842/3842/3842 3904/3904/3904
f 3921/3921/3921 3972/3972/3972 3991/3991/3991
f 3992/3992/3992 3732/3732/3732 3987/3987/3987
f 3725/3725/3725 3861/3861/3861 3894/3894/3894
f 3853/3853/3853 3748/3748/3748 3724/3724/3724
f 3991/3991/3991 3857/3857/3857 3856/3856/3856
f 3818/3818/3818 3815/3815/3815 3819/3819/3819
f 3974/3974/3974 3877/3877/3877 3821/3821/3821
f 3887/3887/3887 3802/3802/3802 3809/3809/3809
f 3972/3972/3972 3921/3921/3921 3796/3796/3796
f 3723/3723/3723 3960/3960/3960 3879/3879/3879
f 3756/3756/3756 3816/3816/3816 3733/3733/3733
f 3882/3882/3882 3993/3993/3993 3881/3881/3881
f 3722/3722/3722 3837/3837/3837 3961/3961/3961
f 3749/3749/3749 3714/3714/3714 3838/3838/3838
f 3846/3846/3846 3795/3795/3795 3988/3988/3988
f 3729/3729/3729 3731/3731/3731 3759/3759/3759
f 3832/3832/3832 3912/3912/3912 3911/3911/3911
f 3824/3824/3824 3905/3905/3905 3870/3870/3870
f 3937/3937/3937 3922/3922/3922 3938/3938/3938
f 3852/3852/3852 3851/3851/3851 3746/3746/3746
f 3766/3766/3766 3933/3933/3933 3888/3888/3888
f 3899/3899/3899 3871/3871/3871 3872/3872/3872
f 3817/3817/3817 3826/3826/3826 3813/3813/3813
f 3934/3934/3934 3742/3742/3742 3783/3783/3783
f 3741/3741/3741 3781/3781/3781 3783/3783/3783
f 3991/3991/3991 3922/3922/3922 3921/3921/3921
f 3886/3886/3886 3735/3735/3735 3777/3777/3777
f 3856/3856/3856 3938/3938/3938 3991/3991/3991
f 3872/3872/3872 3745/3745/3745 3932/3932/3932
f 3796/3796/3796 3921/3921/3921 3794/3794/3794
f 3883/3883/3883 3789/3789/3789 3801/3801/3801
f 3797/3797/3797 3771/3771/3771 3978/3978/3978
f 3760/3760/3760 3890/3890/3890 3705/3705/3705
f 3774/3774/3774 3879/3879/3879 3978/3978/3978
f 3777/3777/3777 3827/3827/3827 3755/3755/3755
f 3979/3979/3979 3911/3911/3911 3719/3719/3719
f 3787/3787/3787 3911/3911/3911 3837/3837/3837
f 3898/3898/3898 3909/3909/3909 3946/3946/3946
f 3988/3988/3988 3795/3795/3795 3994/3994/3994
f 3856/3856/3856 3858/3858/3858 3995/3995/3995
f 3880/3880/3880 3778/3778/3778 3840/3840/3840
f 3761/3761/3761 3854/3854/3854 3975/3975/3975
f 3916/3916/3916 3917/3917/3917 3950/3950/3950
f 3713/3713/3713 3743/3743/3743 3896/3896/3896
f 3972/3972/3972 3857/3857/3857 3991/3991/3991
f 3726/3726/3726 3849/3849/3849 3853/3853/3853
f 3746/3746/3746 3849/3849/3849 3852/3852/3852
f 3741/3741/3741 3783/3783/3783 3742/3742/3742
f 3780/3780/3780 3965/3965/3965 3839/3839/3839
f 3987/3987/3987 3859/3859/3859 3897/3897/3897
f 3907/3907/3907 3781/3781/3781 3741/3741/3741
f 3856/3856/3856 3995/3995/3995 3938/3938/3938
f 3718/3718/3718 3986/3986/3986 3719/3719/3719
f 3917/3917/3917 3959/3959/3959 3950/3950/3950
f 3960/3960/3960 3723/3723/3723 3722/3722/3722
f 3830/3830/3830 3919/3919/3919 3814/3814/3814
f 3761/3761/3761 3975/3975/3975 3697/3697/3697
f 3808/3808/3808 3738/3738/3738 3737/3737/3737
f 3704/3704/3704 3765/3765/3765 3924/3924/3924
f 3994/3994/3994 3795/3795/3795 3794/3794/3794
f 3815/3815/3815 3735/3735/3735 3733/3733/3733
f 3862/3862/3862 3940/3940/3940 3992/3992/3992
f 3858/3858/3858 3907/3907/3907 3995/3995/3995
f 3987/3987/3987 3897/3897/3897 3709/3709/3709
f 3804/3804/3804 3809/3809/3809 3802/3802/3802
f 3698/3698/3698 3854/3854/3854 3918/3918/3918
f 3767/3767/3767 3725/3725/3725 3894/3894/3894
f 3879/3879/3879 3739/3739/3739 3723/3723/3723
f 3995/3995/3995 3907/3907/3907 3906/3906/3906
f 3923/3923/3923 3731/3731/3731 3764/3764/3764
f 3967/3967/3967 3871/3871/3871 3869/3869/3869
f 3922/3922/3922 3991/3991/3991 3938/3938/3938
f 3837/3837/3837 3722/3722/3722 3752/3752/3752
f 3797/3797/3797 3729/3729/3729 3759/3759/3759
f 3841/3841/3841 3806/3806/3806 3805/3805/3805
f 3915/3915/3915 3963/3963/3963 3919/3919/3919
f 3738/3738/3738 3829/3829/3829 3806/3806/3806
f 3886/3886/3886 3754/3754/3754 3768/3768/3768
f 3850/3850/3850 3863/3863/3863 3932/3932/3932
f 3852/3852/3852 3849/3849/3849 3863/3863/3863
f 3932/3932/3932 3990/3990/3990 3934/3934/3934
f 3862/3862/3862 3992/3992/3992 3987/3987/3987
f 3934/3934/3934 3990/3990/3990 3712/3712/3712
f 3766/3766/3766 3927/3927/3927 3933/3933/3933
f 3703/3703/3703 3705/3705/3705 3890/3890/3890
f 3808/3808/3808 3804/3804/3804 3738/3738/3738
f 3966/3966/3966 3928/3928/3928 3976/3976/3976
f 3996/3996/3996 3794/3794/3794 3922/3922/3922
f 3808/3808/3808 3737/3737/3737 3916/3916/3916
f 3887/3887/3887 3880/3880/3880 3876/3876/3876
f 3902/3902/3902 3824/3824/3824 3823/3823/3823
f 3846/3846/3846 3971/3971/3971 3795/3795/3795
f 3906/3906/3906 3938/3938/3938 3995/3995/3995
f 3994/3994/3994 3794/3794/3794 3996/3996/3996
f 3859/3859/3859 3732/3732/3732 3734/3734/3734
f 3731/3731/3731 3757/3757/3757 3759/3759/3759
f 3886/3886/3886 3755/3755/3755 3754/3754/3754
f 3864/3864/3864 3849/3849/3849 3726/3726/3726
f 3787/3787/3787 3904/3904/3904 3788/3788/3788
f 3756/3756/3756 3732/3732/3732 3992/3992/3992
f 3873/3873/3873 3713/3713/3713 3997/3997/3997
f 3754/3754/3754 3753/3753/3753 3821/3821/3821
f 3725/3725/3725 3767/3767/3767 3768/3768/3768
f 3895/3895/3895 3962/3962/3962 3711/3711/3711
f 3835/3835/3835 3962/3962/3962 3820/3820/3820
f 3993/3993/3993 3882/3882/3882 3940/3940/3940
f 3756/3756/3756 3992/3992/3992 3882/3882/3882
f 3997/3997/3997 3713/3713/3713 3931/3931/3931
f 3825/3825/3825 3870/3870/3870 3939/3939/3939
f 3786/3786/3786 3788/3788/3788 3904/3904/3904
f 3795/3795/3795 3971/3971/3971 3796/3796/3796
f 3715/3715/3715 3717/3717/3717 3862/3862/3862
f 3925/3925/3925 3920/3920/3920 3704/3704/3704
f 3742/3742/3742 3934/3934/3934 3712/3712/3712
f 3771/3771/3771 3774/3774/3774 3978/3978/3978
f 3863/3863/3863 3849/3849/3849 3864/3864/3864
f 3962/3962/3962 3793/3793/3793 3820/3820/3820
f 3706/3706/3706 3708/3708/3708 3842/3842/3842
f 3793/3793/3793 3962/3962/3962 3860/3860/3860
f 3932/3932/3932 3744/3744/3744 3990/3990/3990
f 3712/3712/3712 3926/3926/3926 3741/3741/3741
f 3797/3797/3797 3759/3759/3759 3771/3771/3771
f 3911/3911/3911 3787/3787/3787 3719/3719/3719
f 3792/3792/3792 3702/3702/3702 3701/3701/3701
f 3746/3746/3746 3855/3855/3855 3747/3747/3747
f 3777/3777/3777 3755/3755/3755 3886/3886/3886
f 3863/3863/3863 3899/3899/3899 3932/3932/3932
f 3727/3727/3727 3790/3790/3790 3699/3699/3699
f 3859/3859/3859 3734/3734/3734 3886/3886/3886
f 3940/3940/3940 3882/3882/3882 3992/3992/3992
f 3906/3906/3906 3751/3751/3751 3938/3938/3938
f 3835/3835/3835 3801/3801/3801 3834/3834/3834
f 3744/3744/3744 3743/3743/3743 3713/3713/3713
f 3943/3943/3943 3779/3779/3779 3935/3935/3935
f 3998/3998/3998 3999/3999/3999 4000/4000/4000
f 4001/4001/4001 4002/4002/4002 4003/4003/4003
f 4004/4004/4004 4005/4005/4005 4006/4006/4006
f 4007/4007/4007 4008/4008/4008 4009/4009/4009
f 4008/4008/4008 4010/4010/4010 4011/4011/4011
f 4012/4012/4012 4010/4010/4010 4013/4013/4013
f 4007/4007/4007 4014/4014/4014 4015/4015/4015
f 4014/4014/4014 4016/4016/4016 4015/4015/4015
f 4017/4017/4017 4018/4018/4018 4019/4019/4019
f 4020/4020/4020 4021/4021/4021 4022/4022/4022
f 4023/4023/4023 4012/4012/4012 4013/4013/4013
f 4007/4007/4007 4024/4024/4024 4008/4008/4008
f 4010/4010/4010 4025/4025/4025 4013/4013/4013
f 4015/4015/4015 4026/4026/4026 4007/4007/4007
f 4027/4027/4027 4028/4028/4028 4020/4020/4020
f 4023/4023/4023 4013/4013/4013 4025/4025/4025
f 4029/4029/4029 4030/4030/4030 4031/4031/4031
f 4032/4032/4032 4023/4023/4023 4033/4033/4033
f 4034/4034/4034 4026/4026/4026 4015/4015/4015
f 4035/4035/4035 4036/4036/4036 4037/4037/4037
f 4038/4038/4038 4023/4023/4023 4025/4025/4025
f 4023/4023/4023 4038/4038/4038 4033/4033/4033
f 4039/4039/4039 4026/4026/4026 4034/4034/4034
f 4040/4040/4040 4018/4018/4018 4017/4017/4017
f 4041/4041/4041 4042/4042/4042 4043/4043/4043
f 4038/4038/4038 4025/4025/4025 4044/4044/4044
f 4038/4038/4038 4045/4045/4045 4033/4033/4033
f 4024/4024/4024 4039/4039/4039 4044/4044/4044
f 4046/4046/4046 4047/4047/4047 4048/4048/4048
f 4049/4049/4049 4050/4050/4050 4051/4051/4051
f 4052/4052/4052 4053/4053/4053 4054/4054/4054
f 4045/4045/4045 4055/4055/4055 4033/4033/4033
f 4056/4056/4056 4050/4050/4050 4049/4049/4049
f 4038/4038/4038 4057/4057/4057 4045/4045/4045
f 4058/4058/4058 4059/4059/4059 4055/4055/4055
f 4055/4055/4055 4060/4060/4060 4058/4058/4058
f 4039/4039/4039 4061/4061/4061 4044/4044/4044
f 4062/4062/4062 4063/4063/4063 4064/4064/4064
f 4065/4065/4065 4066/4066/4066 4067/4067/4067
f 4040/4040/4040 4068/4068/4068 4069/4069/4069
f 4070/4070/4070 4071/4071/4071 4072/4072/4072
f 4073/4073/4073 4074/4074/4074 4046/4046/4046
f 4037/4037/4037 4075/4075/4075 4076/4076/4076
f 4077/4077/4077 4078/4078/4078 4079/4079/4079
f 4045/4045/4045 4080/4080/4080 4055/4055/4055
f 4081/4081/4081 4071/4071/4071 4070/4070/4070
f 4045/4045/4045 4057/4057/4057 4082/4082/4082
f 4058/4058/4058 4083/4083/4083 4059/4059/4059
f 4026/4026/4026 4039/4039/4039 4024/4024/4024
f 4060/4060/4060 4084/4084/4084 4058/4058/4058
f 4085/4085/4085 4086/4086/4086 4087/4087/4087
f 4073/4073/4073 4088/4088/4088 4089/4089/4089
f 4090/4090/4090 4091/4091/4091 4092/4092/4092
f 4093/4093/4093 4094/4094/4094 4095/4095/4095
f 4091/4091/4091 4090/4090/4090 4077/4077/4077
f 4096/4096/4096 4097/4097/4097 4098/4098/4098
f 4032/4032/4032 4099/4099/4099 4098/4098/4098
f 4025/4025/4025 4024/4024/4024 4044/4044/4044
f 4093/4093/4093 4095/4095/4095 4100/4100/4100
f 4084/4084/4084 4083/4083/4083 4058/4058/4058
f 4004/4004/4004 4041/4041/4041 4043/4043/4043
f 4078/4078/4078 4077/4077/4077 4101/4101/4101
f 4102/4102/4102 4094/4094/4094 4103/4103/4103
f 4104/4104/4104 4105/4105/4105 4106/4106/4106
f 4081/4081/4081 4070/4070/4070 4107/4107/4107
f 3998/3998/3998 4000/4000/4000 4022/4022/4022
f 4108/4108/4108 4088/4088/4088 4109/4109/4109
f 4105/4105/4105 4110/4110/4110 4111/4111/4111
f 4112/4112/4112 4113/4113/4113 4114/4114/4114
f 4115/4115/4115 4042/4042/4042 4116/4116/4116
f 4022/4022/4022 4027/4027/4027 4020/4020/4020
f 4096/4096/4096 4117/4117/4117 4097/4097/4097
f 4118/4118/4118 4115/4115/4115 4119/4119/4119
f 4117/4117/4117 4120/4120/4120 4097/4097/4097
f 4121/4121/4121 4048/4048/4048 4122/4122/4122
f 4049/4049/4049 4123/4123/4123 4124/4124/4124
f 4002/4002/4002 4001/4001/4001 4125/4125/4125
f 4076/4076/4076 4075/4075/4075 4126/4126/4126
f 4121/4121/4121 4122/4122/4122 4027/4027/4027
f 4034/4034/4034 4015/4015/4015 4016/4016/4016
f 4080/4080/4080 4082/4082/4082 4127/4127/4127
f 4056/4056/4056 4124/4124/4124 4128/4128/4128
f 4007/4007/4007 4026/4026/4026 4024/4024/4024
f 4088/4088/4088 4073/4073/4073 4046/4046/4046
f 4084/4084/4084 4129/4129/4129 4083/4083/4083
f 4130/4130/4130 4040/4040/4040 4017/4017/4017
f 4131/4131/4131 4132/4132/4132 4091/4091/4091
f 4133/4133/4133 4053/4053/4053 4134/4134/4134
f 4135/4135/4135 4136/4136/4136 4137/4137/4137
f 4117/4117/4117 4138/4138/4138 4120/4120/4120
f 4139/4139/4139 4050/4050/4050 4056/4056/4056
f 4081/4081/4081 4107/4107/4107 4140/4140/4140
f 4019/4019/4019 4130/4130/4130 4017/4017/4017
f 4141/4141/4141 4004/4004/4004 4006/4006/4006
f 4000/4000/4000 4142/4142/4142 4022/4022/4022
f 4027/4027/4027 4022/4022/4022 4143/4143/4143
f 4144/4144/4144 4145/4145/4145 4146/4146/4146
f 4147/4147/4147 4148/4148/4148 4149/4149/4149
f 4096/4096/4096 4099/4099/4099 4150/4150/4150
f 4151/4151/4151 4048/4048/4048 4121/4121/4121
f 4152/4152/4152 4106/4106/4106 4153/4153/4153
f 4135/4135/4135 4154/4154/4154 4155/4155/4155
f 4156/4156/4156 4121/4121/4121 4027/4027/4027
f 4004/4004/4004 4141/4141/4141 4157/4157/4157
f 4006/4006/4006 4005/4005/4005 4158/4158/4158
f 4139/4139/4139 4128/4128/4128 4159/4159/4159
f 4082/4082/4082 4080/4080/4080 4045/4045/4045
f 4160/4160/4160 4161/4161/4161 4162/4162/4162
f 4027/4027/4027 4143/4143/4143 4156/4156/4156
f 4142/4142/4142 4143/4143/4143 4022/4022/4022
f 4163/4163/4163 4118/4118/4118 4119/4119/4119
f 4164/4164/4164 4165/4165/4165 4166/4166/4166
f 4167/4167/4167 4147/4147/4147 4168/4168/4168
f 4169/4169/4169 4170/4170/4170 4171/4171/4171
f 4116/4116/4116 4172/4172/4172 4119/4119/4119
f 4115/4115/4115 4116/4116/4116 4119/4119/4119
f 4156/4156/4156 4151/4151/4151 4121/4121/4121
f 4173/4173/4173 4030/4030/4030 4174/4174/4174
f 4009/4009/4009 4175/4175/4175 4016/4016/4016
f 4176/4176/4176 4119/4119/4119 4172/4172/4172
f 4177/4177/4177 4035/4035/4035 4066/4066/4066
f 4070/4070/4070 4178/4178/4178 4107/4107/4107
f 4179/4179/4179 4028/4028/4028 4027/4027/4027
f 4103/4103/4103 4180/4180/4180 4102/4102/4102
f 4181/4181/4181 4046/4046/4046 4182/4182/4182
f 4183/4183/4183 4174/4174/4174 4106/4106/4106
f 4016/4016/4016 4003/4003/4003 4034/4034/4034
f 4040/4040/4040 4130/4130/4130 4184/4184/4184
f 4185/4185/4185 4116/4116/4116 4041/4041/4041
f 4066/4066/4066 4035/4035/4035 4067/4067/4067
f 4151/4151/4151 4182/4182/4182 4046/4046/4046
f 4143/4143/4143 4142/4142/4142 4156/4156/4156
f 4174/4174/4174 4030/4030/4030 4029/4029/4029
f 4186/4186/4186 4187/4187/4187 4065/4065/4065
f 4188/4188/4188 4174/4174/4174 4029/4029/4029
f 4151/4151/4151 4156/4156/4156 4189/4189/4189
f 4008/4008/4008 4011/4011/4011 4190/4190/4190
f 4157/4157/4157 4191/4191/4191 4101/4101/4101
f 4186/4186/4186 4192/4192/4192 4193/4193/4193
f 4068/4068/4068 4040/4040/4040 4184/4184/4184
f 4136/4136/4136 4194/4194/4194 4113/4113/4113
f 4031/4031/4031 4068/4068/4068 4188/4188/4188
f 4182/4182/4182 4189/4189/4189 4181/4181/4181
f 4109/4109/4109 4181/4181/4181 4006/4006/4006
f 4195/4195/4195 4196/4196/4196 4197/4197/4197
f 4187/4187/4187 4198/4198/4198 4199/4199/4199
f 4004/4004/4004 4092/4092/4092 4185/4185/4185
f 4156/4156/4156 4142/4142/4142 4200/4200/4200
f 4078/4078/4078 4101/4101/4101 4148/4148/4148
f 4201/4201/4201 4095/4095/4095 4094/4094/4094
f 4191/4191/4191 4157/4157/4157 4141/4141/4141
f 4119/4119/4119 4176/4176/4176 4163/4163/4163
f 4202/4202/4202 4100/4100/4100 4095/4095/4095
f 4191/4191/4191 4148/4148/4148 4101/4101/4101
f 4203/4203/4203 4181/4181/4181 4189/4189/4189
f 4131/4131/4131 4204/4204/4204 4163/4163/4163
f 4201/4201/4201 4094/4094/4094 4102/4102/4102
f 4172/4172/4172 4116/4116/4116 4185/4185/4185
f 4064/4064/4064 4063/4063/4063 4102/4102/4102
f 4181/4181/4181 4205/4205/4205 4006/4006/4006
f 4033/4033/4033 4099/4099/4099 4032/4032/4032
f 4023/4023/4023 4206/4206/4206 4012/4012/4012
f 4207/4207/4207 4130/4130/4130 4019/4019/4019
f 4155/4155/4155 4136/4136/4136 4135/4135/4135
f 4187/4187/4187 4208/4208/4208 4198/4198/4198
f 4035/4035/4035 4177/4177/4177 4036/4036/4036
f 4113/4113/4113 4086/4086/4086 4114/4114/4114
f 4209/4209/4209 4049/4049/4049 4051/4051/4051
f 4139/4139/4139 4056/4056/4056 4128/4128/4128
f 4096/4096/4096 4210/4210/4210 4117/4117/4117
f 4134/4134/4134 4052/4052/4052 4211/4211/4211
f 4062/4062/4062 4133/4133/4133 4212/4212/4212
f 4083/4083/4083 4036/4036/4036 4177/4177/4177
f 4007/4007/4007 4009/4009/4009 4014/4014/4014
f 4213/4213/4213 4019/4019/4019 4162/4162/4162
f 4067/4067/4067 4214/4214/4214 4065/4065/4065
f 4148/4148/4148 4147/4147/4147 4078/4078/4078
f 4191/4191/4191 4149/4149/4149 4148/4148/4148
f 4177/4177/4177 4215/4215/4215 4083/4083/4083
f 4203/4203/4203 4205/4205/4205 4181/4181/4181
f 4216/4216/4216 4060/4060/4060 4127/4127/4127
f 4217/4217/4217 4218/4218/4218 4205/4205/4205
f 4072/4072/4072 4178/4178/4178 4070/4070/4070
f 4088/4088/4088 4108/4108/4108 4089/4089/4089
f 4219/4219/4219 4170/4170/4170 4074/4074/4074
f 4024/4024/4024 4010/4010/4010 4008/4008/4008
f 4027/4027/4027 4122/4122/4122 4179/4179/4179
f 4001/4001/4001 4220/4220/4220 4125/4125/4125
f 4200/4200/4200 4221/4221/4221 4156/4156/4156
f 4189/4189/4189 4156/4156/4156 4221/4221/4221
f 4202/4202/4202 4222/4222/4222 4100/4100/4100
f 4223/4223/4223 4224/4224/4224 4225/4225/4225
f 4226/4226/4226 4053/4053/4053 4180/4180/4180
f 4174/4174/4174 4183/4183/4183 4173/4173/4173
f 4130/4130/4130 4207/4207/4207 4220/4220/4220
f 4126/4126/4126 4067/4067/4067 4076/4076/4076
f 4227/4227/4227 4228/4228/4228 4073/4073/4073
f 4063/4063/4063 4201/4201/4201 4102/4102/4102
f 4056/4056/4056 4049/4049/4049 4124/4124/4124
f 4180/4180/4180 4133/4133/4133 4064/4064/4064
f 4149/4149/4149 4191/4191/4191 4229/4229/4229
f 4060/4060/4060 4055/4055/4055 4080/4080/4080
f 4199/4199/4199 4177/4177/4177 4066/4066/4066
f 4211/4211/4211 4212/4212/4212 4134/4134/4134
f 4177/4177/4177 4199/4199/4199 4215/4215/4215
f 4230/4230/4230 4231/4231/4231 4192/4192/4192
f 4080/4080/4080 4127/4127/4127 4060/4060/4060
f 4232/4232/4232 4233/4233/4233 4234/4234/4234
f 4151/4151/4151 4046/4046/4046 4048/4048/4048
f 4235/4235/4235 4003/4003/4003 4002/4002/4002
f 4236/4236/4236 4237/4237/4237 4173/4173/4173
f 4059/4059/4059 4083/4083/4083 4215/4215/4215
f 4161/4161/4161 4238/4238/4238 4196/4196/4196
f 4181/4181/4181 4088/4088/4088 4046/4046/4046
f 4093/4093/4093 4239/4239/4239 4094/4094/4094
f 4024/4024/4024 4025/4025/4025 4010/4010/4010
f 4172/4172/4172 4185/4185/4185 4092/4092/4092
f 4091/4091/4091 4240/4240/4240 4131/4131/4131
f 4019/4019/4019 4160/4160/4160 4162/4162/4162
f 4196/4196/4196 4195/4195/4195 4241/4241/4241
f 4108/4108/4108 4233/4233/4233 4089/4089/4089
f 4108/4108/4108 4006/4006/4006 4158/4158/4158
f 4184/4184/4184 4130/4130/4130 4001/4001/4001
f 4054/4054/4054 4053/4053/4053 4242/4242/4242
f 4243/4243/4243 4219/4219/4219 4197/4197/4197
f 4187/4187/4187 4193/4193/4193 4244/4244/4244
f 4072/4072/4072 4245/4245/4245 4178/4178/4178
f 4072/4072/4072 4071/4071/4071 4246/4246/4246
f 4079/4079/4079 4147/4147/4147 4247/4247/4247
f 4168/4168/4168 4147/4147/4147 4149/4149/4149
f 4229/4229/4229 4248/4248/4248 4149/4149/4149
f 4187/4187/4187 4066/4066/4066 4065/4065/4065
f 4141/4141/4141 4006/4006/4006 4205/4205/4205
f 4215/4215/4215 4199/4199/4199 4198/4198/4198
f 4249/4249/4249 4250/4250/4250 4165/4165/4165
f 4147/4147/4147 4079/4079/4079 4078/4078/4078
f 4206/4206/4206 4023/4023/4023 4032/4032/4032
f 4193/4193/4193 4192/4192/4192 4244/4244/4244
f 4198/4198/4198 4059/4059/4059 4215/4215/4215
f 4093/4093/4093 4100/4100/4100 4251/4251/4251
f 4232/4232/4232 4223/4223/4223 4227/4227/4227
f 4094/4094/4094 4239/4239/4239 4103/4103/4103
f 4228/4228/4228 4227/4227/4227 4225/4225/4225
f 4050/4050/4050 4052/4052/4052 4051/4051/4051
f 4103/4103/4103 4246/4246/4246 4252/4252/4252
f 4233/4233/4233 4108/4108/4108 4158/4158/4158
f 4253/4253/4253 4196/4196/4196 4241/4241/4241
f 4195/4195/4195 4225/4225/4225 4241/4241/4241
f 4059/4059/4059 4198/4198/4198 4208/4208/4208
f 4208/4208/4208 4150/4150/4150 4254/4254/4254
f 4196/4196/4196 4255/4255/4255 4197/4197/4197
f 4145/4145/4145 4210/4210/4210 4146/4146/4146
f 4197/4197/4197 4255/4255/4255 4243/4243/4243
f 4111/4111/4111 4106/4106/4106 4105/4105/4105
f 4175/4175/4175 4068/4068/4068 4001/4001/4001
f 4049/4049/4049 4209/4209/4209 4123/4123/4123
f 4209/4209/4209 4217/4217/4217 4256/4256/4256
f 4079/4079/4079 4247/4247/4247 4257/4257/4257
f 4258/4258/4258 4126/4126/4126 4075/4075/4075
f 4052/4052/4052 4050/4050/4050 4211/4211/4211
f 4168/4168/4168 4149/4149/4149 4248/4248/4248
f 4000/4000/4000 3999/3999/3999 4259/4259/4259
f 4260/4260/4260 4259/4259/4259 3999/3999/3999
f 4261/4261/4261 4218/4218/4218 4051/4051/4051
f 4262/4262/4262 4256/4256/4256 4263/4263/4263
f 4150/4150/4150 4208/4208/4208 4244/4244/4244
f 4217/4217/4217 4209/4209/4209 4218/4218/4218
f 4264/4264/4264 4265/4265/4265 4266/4266/4266
f 4267/4267/4267 4268/4268/4268 4259/4259/4259
f 4225/4225/4225 4269/4269/4269 4228/4228/4228
f 4067/4067/4067 4126/4126/4126 4214/4214/4214
f 4270/4270/4270 4000/4000/4000 4268/4268/4268
f 4219/4219/4219 4195/4195/4195 4197/4197/4197
f 4207/4207/4207 4019/4019/4019 4213/4213/4213
f 4268/4268/4268 4000/4000/4000 4259/4259/4259
f 4244/4244/4244 4210/4210/4210 4150/4150/4150
f 4265/4265/4265 4264/4264/4264 4271/4271/4271
f 4255/4255/4255 4196/4196/4196 4238/4238/4238
f 4259/4259/4259 4260/4260/4260 4265/4265/4265
f 4170/4170/4170 4243/4243/4243 4255/4255/4255
f 4252/4252/4252 4257/4257/4257 4242/4242/4242
f 4268/4268/4268 4272/4272/4272 4270/4270/4270
f 4268/4268/4268 4267/4267/4267 4272/4272/4272
f 4273/4273/4273 4274/4274/4274 4123/4123/4123
f 4265/4265/4265 4275/4275/4275 4267/4267/4267
f 4265/4265/4265 4260/4260/4260 4266/4266/4266
f 4271/4271/4271 4275/4275/4275 4265/4265/4265
f 4276/4276/4276 4277/4277/4277 4278/4278/4278
f 4113/4113/4113 4112/4112/4112 4136/4136/4136
f 4059/4059/4059 4208/4208/4208 4254/4254/4254
f 4189/4189/4189 4182/4182/4182 4151/4151/4151
f 4101/4101/4101 4092/4092/4092 4157/4157/4157
f 4277/4277/4277 4266/4266/4266 4260/4260/4260
f 4279/4279/4279 4280/4280/4280 4135/4135/4135
f 4131/4131/4131 4163/4163/4163 4176/4176/4176
f 4219/4219/4219 4269/4269/4269 4195/4195/4195
f 4225/4225/4225 4224/4224/4224 4241/4241/4241
f 4001/4001/4001 4068/4068/4068 4184/4184/4184
f 4200/4200/4200 4142/4142/4142 4281/4281/4281
f 4036/4036/4036 4083/4083/4083 4129/4129/4129
f 4264/4264/4264 4282/4282/4282 4271/4271/4271
f 4260/4260/4260 3999/3999/3999 4278/4278/4278
f 4128/4128/4128 4283/4283/4283 4137/4137/4137
f 4054/4054/4054 4247/4247/4247 4167/4167/4167
f 4272/4272/4272 4267/4267/4267 4284/4284/4284
f 4285/4285/4285 4275/4275/4275 4271/4271/4271
f 4158/4158/4158 4234/4234/4234 4233/4233/4233
f 4179/4179/4179 4111/4111/4111 4028/4028/4028
f 4210/4210/4210 4096/4096/4096 4150/4150/4150
f 4196/4196/4196 4286/4286/4286 4287/4287/4287
f 4281/4281/4281 4272/4272/4272 4263/4263/4263
f 4099/4099/4099 4055/4055/4055 4254/4254/4254
f 4288/4288/4288 4274/4274/4274 4279/4279/4279
f 4284/4284/4284 4275/4275/4275 4285/4285/4285
f 4142/4142/4142 4000/4000/4000 4270/4270/4270
f 4285/4285/4285 4282/4282/4282 4289/4289/4289
f 4003/4003/4003 4016/4016/4016 4175/4175/4175
f 4244/4244/4244 4208/4208/4208 4187/4187/4187
f 4162/4162/4162 4290/4290/4290 4291/4291/4291
f 4238/4238/4238 4292/4292/4292 4255/4255/4255
f 4293/4293/4293 4263/4263/4263 4272/4272/4272
f 4189/4189/4189 4221/4221/4221 4203/4203/4203
f 4263/4263/4263 4256/4256/4256 4200/4200/4200
f 4018/4018/4018 4294/4294/4294 4171/4171/4171
f 4259/4259/4259 4265/4265/4265 4267/4267/4267
f 4192/4192/4192 4210/4210/4210 4244/4244/4244
f 4280/4280/4280 4154/4154/4154 4135/4135/4135
f 4295/4295/4295 4285/4285/4285 4289/4289/4289
f 4295/4295/4295 4279/4279/4279 4293/4293/4293
f 4287/4287/4287 4161/4161/4161 4196/4196/4196
f 4256/4256/4256 4123/4123/4123 4209/4209/4209
f 4293/4293/4293 4285/4285/4285 4295/4295/4295
f 4135/4135/4135 4137/4137/4137 4288/4288/4288
f 4279/4279/4279 4295/4295/4295 4296/4296/4296
f 4256/4256/4256 4273/4273/4273 4123/4123/4123
f 4275/4275/4275 4284/4284/4284 4267/4267/4267
f 4281/4281/4281 4142/4142/4142 4270/4270/4270
f 4293/4293/4293 4274/4274/4274 4262/4262/4262
f 4112/4112/4112 4128/4128/4128 4137/4137/4137
f 4293/4293/4293 4284/4284/4284 4285/4285/4285
f 4135/4135/4135 4288/4288/4288 4279/4279/4279
f 4279/4279/4279 4274/4274/4274 4293/4293/4293
f 4003/4003/4003 4235/4235/4235 4034/4034/4034
f 4123/4123/4123 4274/4274/4274 4124/4124/4124
f 4293/4293/4293 4272/4272/4272 4284/4284/4284
f 4280/4280/4280 4279/4279/4279 4296/4296/4296
f 4139/4139/4139 4159/4159/4159 4085/4085/4085
f 4245/4245/4245 4239/4239/4239 4093/4093/4093
f 4277/4277/4277 4260/4260/4260 4278/4278/4278
f 4128/4128/4128 4114/4114/4114 4159/4159/4159
f 4239/4239/4239 4245/4245/4245 4072/4072/4072
f 4283/4283/4283 4128/4128/4128 4124/4124/4124
f 4263/4263/4263 4293/4293/4293 4262/4262/4262
f 4262/4262/4262 4274/4274/4274 4273/4273/4273
f 4273/4273/4273 4256/4256/4256 4262/4262/4262
f 4281/4281/4281 4263/4263/4263 4200/4200/4200
f 4271/4271/4271 4282/4282/4282 4285/4285/4285
f 4288/4288/4288 4283/4283/4283 4274/4274/4274
f 4270/4270/4270 4272/4272/4272 4281/4281/4281
f 4137/4137/4137 4283/4283/4283 4288/4288/4288
f 4176/4176/4176 4172/4172/4172 4132/4132/4132
f 4124/4124/4124 4274/4274/4274 4283/4283/4283
f 4255/4255/4255 4171/4171/4171 4170/4170/4170
f 4207/4207/4207 4297/4297/4297 4220/4220/4220
f 4178/4178/4178 4245/4245/4245 4251/4251/4251
f 4239/4239/4239 4072/4072/4072 4246/4246/4246
f 4246/4246/4246 4071/4071/4071 4257/4257/4257
f 4212/4212/4212 4211/4211/4211 4087/4087/4087
f 4164/4164/4164 4298/4298/4298 4165/4165/4165
f 4227/4227/4227 4223/4223/4223 4225/4225/4225
f 4186/4186/4186 4193/4193/4193 4187/4187/4187
f 4158/4158/4158 4005/4005/4005 4234/4234/4234
f 4006/4006/4006 4108/4108/4108 4109/4109/4109
f 4155/4155/4155 4194/4194/4194 4136/4136/4136
f 4161/4161/4161 4292/4292/4292 4238/4238/4238
f 4146/4146/4146 4210/4210/4210 4192/4192/4192
f 4085/4085/4085 4087/4087/4087 4211/4211/4211
f 4099/4099/4099 4096/4096/4096 4098/4098/4098
f 4247/4247/4247 4242/4242/4242 4257/4257/4257
f 4073/4073/4073 4269/4269/4269 4074/4074/4074
f 4269/4269/4269 4219/4219/4219 4074/4074/4074
f 4253/4253/4253 4286/4286/4286 4196/4196/4196
f 4299/4299/4299 4011/4011/4011 4012/4012/4012
f 4133/4133/4133 4180/4180/4180 4053/4053/4053
f 4230/4230/4230 4192/4192/4192 4186/4186/4186
f 4242/4242/4242 4226/4226/4226 4252/4252/4252
f 4294/4294/4294 4040/4040/4040 4069/4069/4069
f 4168/4168/4168 4248/4248/4248 4300/4300/4300
f 4287/4287/4287 4286/4286/4286 4290/4290/4290
f 4051/4051/4051 4218/4218/4218 4209/4209/4209
f 4054/4054/4054 4167/4167/4167 4300/4300/4300
f 4144/4144/4144 4146/4146/4146 4231/4231/4231
f 4032/4032/4032 4098/4098/4098 4206/4206/4206
f 4099/4099/4099 4254/4254/4254 4150/4150/4150
f 4292/4292/4292 4171/4171/4171 4255/4255/4255
f 4162/4162/4162 4161/4161/4161 4287/4287/4287
f 4050/4050/4050 4139/4139/4139 4211/4211/4211
f 4145/4145/4145 4117/4117/4117 4210/4210/4210
f 4081/4081/4081 4140/4140/4140 4204/4204/4204
f 4042/4042/4042 4301/4301/4301 4234/4234/4234
f 4098/4098/4098 4097/4097/4097 4206/4206/4206
f 4160/4160/4160 4019/4019/4019 4018/4018/4018
f 4089/4089/4089 4233/4233/4233 4227/4227/4227
f 4233/4233/4233 4232/4232/4232 4227/4227/4227
f 4190/4190/4190 4153/4153/4153 4188/4188/4188
f 4166/4166/4166 4165/4165/4165 4144/4144/4144
f 4248/4248/4248 4261/4261/4261 4051/4051/4051
f 4231/4231/4231 4146/4146/4146 4192/4192/4192
f 4160/4160/4160 4292/4292/4292 4161/4161/4161
f 4131/4131/4131 4240/4240/4240 4204/4204/4204
f 4052/4052/4052 4134/4134/4134 4053/4053/4053
f 4290/4290/4290 4162/4162/4162 4287/4287/4287
f 4064/4064/4064 4102/4102/4102 4180/4180/4180
f 4217/4217/4217 4221/4221/4221 4256/4256/4256
f 4165/4165/4165 4145/4145/4145 4144/4144/4144
f 4097/4097/4097 4104/4104/4104 4206/4206/4206
f 4171/4171/4171 4292/4292/4292 4018/4018/4018
f 4220/4220/4220 4001/4001/4001 4130/4130/4130
f 4092/4092/4092 4004/4004/4004 4157/4157/4157
f 4229/4229/4229 4261/4261/4261 4248/4248/4248
f 4160/4160/4160 4018/4018/4018 4292/4292/4292
f 4173/4173/4173 4237/4237/4237 4030/4030/4030
f 4003/4003/4003 4175/4175/4175 4001/4001/4001
f 4145/4145/4145 4165/4165/4165 4250/4250/4250
f 4071/4071/4071 4081/4081/4081 4079/4079/4079
f 4247/4247/4247 4054/4054/4054 4242/4242/4242
f 4250/4250/4250 4138/4138/4138 4117/4117/4117
f 4242/4242/4242 4053/4053/4053 4226/4226/4226
f 4066/4066/4066 4187/4187/4187 4199/4199/4199
f 4048/4048/4048 4236/4236/4236 4122/4122/4122
f 4051/4051/4051 4300/4300/4300 4248/4248/4248
f 4035/4035/4035 4076/4076/4076 4067/4067/4067
f 4164/4164/4164 4302/4302/4302 4298/4298/4298
f 4205/4205/4205 4203/4203/4203 4217/4217/4217
f 4228/4228/4228 4269/4269/4269 4073/4073/4073
f 4303/4303/4303 4138/4138/4138 4250/4250/4250
f 4035/4035/4035 4037/4037/4037 4076/4076/4076
f 4120/4120/4120 4138/4138/4138 4304/4304/4304
f 4101/4101/4101 4077/4077/4077 4090/4090/4090
f 4216/4216/4216 4084/4084/4084 4060/4060/4060
f 4104/4104/4104 4120/4120/4120 4304/4304/4304
f 4302/4302/4302 4276/4276/4276 4298/4298/4298
f 4089/4089/4089 4227/4227/4227 4073/4073/4073
f 4044/4044/4044 4061/4061/4061 4057/4057/4057
f 4250/4250/4250 4249/4249/4249 4303/4303/4303
f 4139/4139/4139 4085/4085/4085 4211/4211/4211
f 4304/4304/4304 4138/4138/4138 4303/4303/4303
f 4269/4269/4269 4225/4225/4225 4195/4195/4195
f 4304/4304/4304 4105/4105/4105 4104/4104/4104
f 4247/4247/4247 4147/4147/4147 4167/4167/4167
f 4300/4300/4300 4052/4052/4052 4054/4054/4054
f 4103/4103/4103 4226/4226/4226 4180/4180/4180
f 4276/4276/4276 4278/4278/4278 4298/4298/4298
f 4249/4249/4249 4305/4305/4305 4303/4303/4303
f 4005/4005/4005 4004/4004/4004 4043/4043/4043
f 4306/4306/4306 4304/4304/4304 4303/4303/4303
f 4059/4059/4059 4254/4254/4254 4055/4055/4055
f 4137/4137/4137 4136/4136/4136 4112/4112/4112
f 4038/4038/4038 4044/4044/4044 4057/4057/4057
f 4112/4112/4112 4114/4114/4114 4128/4128/4128
f 4300/4300/4300 4167/4167/4167 4168/4168/4168
f 4071/4071/4071 4079/4079/4079 4257/4257/4257
f 4043/4043/4043 4234/4234/4234 4005/4005/4005
f 4110/4110/4110 4105/4105/4105 4304/4304/4304
f 4173/4173/4173 4183/4183/4183 4111/4111/4111
f 4237/4237/4237 4171/4171/4171 4030/4030/4030
f 4304/4304/4304 4306/4306/4306 4110/4110/4110
f 4240/4240/4240 4081/4081/4081 4204/4204/4204
f 4091/4091/4091 4172/4172/4172 4092/4092/4092
f 4162/4162/4162 4291/4291/4291 4213/4213/4213
f 4256/4256/4256 4221/4221/4221 4200/4200/4200
f 4141/4141/4141 4229/4229/4229 4191/4191/4191
f 4042/4042/4042 4234/4234/4234 4043/4043/4043
f 4159/4159/4159 4114/4114/4114 4085/4085/4085
f 4305/4305/4305 4298/4298/4298 4278/4278/4278
f 4306/4306/4306 4303/4303/4303 4305/4305/4305
f 4236/4236/4236 4173/4173/4173 4111/4111/4111
f 4117/4117/4117 4145/4145/4145 4250/4250/4250
f 4171/4171/4171 4237/4237/4237 4169/4169/4169
f 4205/4205/4205 4218/4218/4218 4261/4261/4261
f 4229/4229/4229 4141/4141/4141 4205/4205/4205
f 4305/4305/4305 4278/4278/4278 4021/4021/4021
f 4052/4052/4052 4300/4300/4300 4051/4051/4051
f 4172/4172/4172 4091/4091/4091 4132/4132/4132
f 4020/4020/4020 4306/4306/4306 4305/4305/4305
f 4111/4111/4111 4110/4110/4110 4028/4028/4028
f 4041/4041/4041 4116/4116/4116 4042/4042/4042
f 4306/4306/4306 4020/4020/4020 4110/4110/4110
f 4106/4106/4106 4111/4111/4111 4183/4183/4183
f 4090/4090/4090 4092/4092/4092 4101/4101/4101
f 4237/4237/4237 4048/4048/4048 4169/4169/4169
f 4047/4047/4047 4170/4170/4170 4169/4169/4169
f 4074/4074/4074 4170/4170/4170 4047/4047/4047
f 4132/4132/4132 4131/4131/4131 4176/4176/4176
f 4294/4294/4294 4018/4018/4018 4040/4040/4040
f 4021/4021/4021 4278/4278/4278 3998/3998/3998
f 4278/4278/4278 3999/3999/3999 3998/3998/3998
f 4165/4165/4165 4298/4298/4298 4249/4249/4249
f 4021/4021/4021 4020/4020/4020 4305/4305/4305
f 4086/4086/4086 4085/4085/4085 4114/4114/4114
f 4120/4120/4120 4104/4104/4104 4097/4097/4097
f 4047/4047/4047 4046/4046/4046 4074/4074/4074
f 4028/4028/4028 4110/4110/4110 4020/4020/4020
f 4109/4109/4109 4088/4088/4088 4181/4181/4181
f 4079/4079/4079 4081/4081/4081 4307/4307/4307
f 4077/4077/4077 4307/4307/4307 4240/4240/4240
f 4308/4308/4308 4126/4126/4126 4258/4258/4258
f 4240/4240/4240 4091/4091/4091 4077/4077/4077
f 4099/4099/4099 4033/4033/4033 4055/4055/4055
f 4307/4307/4307 4077/4077/4077 4079/4079/4079
f 4236/4236/4236 4048/4048/4048 4237/4237/4237
f 4212/4212/4212 4133/4133/4133 4134/4134/4134
f 4081/4081/4081 4240/4240/4240 4307/4307/4307
f 4170/4170/4170 4219/4219/4219 4243/4243/4243
f 4236/4236/4236 4179/4179/4179 4122/4122/4122
f 4236/4236/4236 4111/4111/4111 4179/4179/4179
f 4261/4261/4261 4229/4229/4229 4205/4205/4205
f 4251/4251/4251 4245/4245/4245 4093/4093/4093
f 4249/4249/4249 4298/4298/4298 4305/4305/4305
f 4169/4169/4169 4048/4048/4048 4047/4047/4047
f 4252/4252/4252 4226/4226/4226 4103/4103/4103
f 4203/4203/4203 4221/4221/4221 4217/4217/4217
f 4246/4246/4246 4103/4103/4103 4239/4239/4239
f 4224/4224/4224 4253/4253/4253 4241/4241/4241
f 4062/4062/4062 4064/4064/4064 4133/4133/4133
f 3998/3998/3998 4022/4022/4022 4021/4021/4021
f 4308/4308/4308 4214/4214/4214 4126/4126/4126
f 4115/4115/4115 4301/4301/4301 4042/4042/4042
f 4171/4171/4171 4294/4294/4294 4030/4030/4030
f 4294/4294/4294 4031/4031/4031 4030/4030/4030
f 4031/4031/4031 4294/4294/4294 4069/4069/4069
f 4068/4068/4068 4031/4031/4031 4069/4069/4069
f 4029/4029/4029 4031/4031/4031 4188/4188/4188
f 4153/4153/4153 4106/4106/4106 4174/4174/4174
f 4106/4106/4106 4152/4152/4152 4104/4104/4104
f 4004/4004/4004 4185/4185/4185 4041/4041/4041
f 4153/4153/4153 4174/4174/4174 4188/4188/4188
f 4299/4299/4299 4104/4104/4104 4152/4152/4152
f 4188/4188/4188 4068/4068/4068 4175/4175/4175
f 4152/4152/4152 4153/4153/4153 4190/4190/4190
f 4011/4011/4011 4299/4299/4299 4152/4152/4152
f 4206/4206/4206 4104/4104/4104 4299/4299/4299
f 4175/4175/4175 4009/4009/4009 4188/4188/4188
f 4188/4188/4188 4008/4008/4008 4190/4190/4190
f 4190/4190/4190 4011/4011/4011 4152/4152/4152
f 4299/4299/4299 4012/4012/4012 4206/4206/4206
f 4008/4008/4008 4188/4188/4188 4009/4009/4009
f 4012/4012/4012 4011/4011/4011 4010/4010/4010
f 4257/4257/4257 4252/4252/4252 4246/4246/4246
f 4014/4014/4014 4009/4009/4009 4016/4016/4016
f 4309/4309/4309 4310/4310/4310 4311/4311/4311
f 4312/4312/4312 4313/4313/4313 4314/4314/4314
f 4313/4313/4313 4312/4312/4312 4311/4311/4311
f 4315/4315/4315 4316/4316/4316 4312/4312/4312
f 4316/4316/4316 4317/4317/4317 4312/4312/4312
f 4318/4318/4318 4319/4319/4319 4315/4315/4315
f 4313/4313/4313 4311/4311/4311 4320/4320/4320
f 4320/4320/4320 4321/4321/4321 4322/4322/4322
f 4311/4311/4311 4317/4317/4317 4309/4309/4309
f 4318/4318/4318 4323/4323/4323 4324/4324/4324
f 4325/4325/4325 4326/4326/4326 4327/4327/4327
f 4310/4310/4310 4320/4320/4320 4311/4311/4311
f 4320/4320/4320 4322/4322/4322 4313/4313/4313
f 4312/4312/4312 4317/4317/4317 4311/4311/4311
f 4316/4316/4316 4315/4315/4315 4319/4319/4319
f 4319/4319/4319 4318/4318/4318 4324/4324/4324
f 4313/4313/4313 4322/4322/4322 4314/4314/4314
f 4324/4324/4324 4323/4323/4323 4325/4325/4325
f 4328/4328/4328 4315/4315/4315 4312/4312/4312
f 4318/4318/4318 4315/4315/4315 4328/4328/4328
f 4312/4312/4312 4314/4314/4314 4328/4328/4328
f 4323/4323/4323 4326/4326/4326 4325/4325/4325
f 4329/4329/4329 4330/4330/4330 4331/4331/4331
f 4332/4332/4332 4333/4333/4333 4334/4334/4334
f 4330/4330/4330 4333/4333/4333 4332/4332/4332
f 4335/4335/4335 4336/4336/4336 4337/4337/4337
f 4335/4335/4335 4337/4337/4337 4338/4338/4338
f 4339/4339/4339 4340/4340/4340 4341/4341/4341
f 4342/4342/4342 4343/4343/4343 4340/4340/4340
f 4344/4344/4344 4335/4335/4335 4345/4345/4345
f 4346/4346/4346 4338/4338/4338 4347/4347/4347
f 4348/4348/4348 4344/4344/4344 4349/4349/4349
f 4346/4346/4346 4350/4350/4350 4338/4338/4338
f 4343/4343/4343 4351/4351/4351 4352/4352/4352
f 4349/4349/4349 4345/4345/4345 4353/4353/4353
f 4354/4354/4354 4355/4355/4355 4353/4353/4353
f 4356/4356/4356 4343/4343/4343 4352/4352/4352
f 4357/4357/4357 4358/4358/4358 4350/4350/4350
f 4356/4356/4356 4352/4352/4352 4359/4359/4359
f 4360/4360/4360 4361/4361/4361 4359/4359/4359
f 4362/4362/4362 4353/4353/4353 4363/4363/4363
f 4364/4364/4364 4362/4362/4362 4365/4365/4365
f 4366/4366/4366 4362/4362/4362 4363/4363/4363
f 4345/4345/4345 4350/4350/4350 4354/4354/4354
f 4366/4366/4366 4363/4363/4363 4367/4367/4367
f 4366/4366/4366 4365/4365/4365 4362/4362/4362
f 4368/4368/4368 4330/4330/4330 4332/4332/4332
f 4369/4369/4369 4370/4370/4370 4371/4371/4371
f 4372/4372/4372 4367/4367/4367 4373/4373/4373
f 4367/4367/4367 4372/4372/4372 4366/4366/4366
f 4374/4374/4374 4371/4371/4371 4370/4370/4370
f 4373/4373/4373 4375/4375/4375 4376/4376/4376
f 4377/4377/4377 4374/4374/4374 4370/4370/4370
f 4376/4376/4376 4378/4378/4378 4373/4373/4373
f 4379/4379/4379 4377/4377/4377 4370/4370/4370
f 4380/4380/4380 4381/4381/4381 4375/4375/4375
f 4355/4355/4355 4358/4358/4358 4369/4369/4369
f 4376/4376/4376 4382/4382/4382 4378/4378/4378
f 4333/4333/4333 4329/4329/4329 4383/4383/4383
f 4377/4377/4377 4379/4379/4379 4384/4384/4384
f 4331/4331/4331 4330/4330/4330 4368/4368/4368
f 4381/4381/4381 4380/4380/4380 4384/4384/4384
f 4382/4382/4382 4385/4385/4385 4386/4386/4386
f 4382/4382/4382 4381/4381/4381 4385/4385/4385
f 4387/4387/4387 4384/4384/4384 4379/4379/4379
f 4384/4384/4384 4387/4387/4387 4381/4381/4381
f 4388/4388/4388 4386/4386/4386 4385/4385/4385
f 4389/4389/4389 4385/4385/4385 4381/4381/4381
f 4381/4381/4381 4387/4387/4387 4389/4389/4389
f 4349/4349/4349 4353/4353/4353 4362/4362/4362
f 4390/4390/4390 4391/4391/4391 4370/4370/4370
f 4389/4389/4389 4388/4388/4388 4385/4385/4385
f 4370/4370/4370 4391/4391/4391 4379/4379/4379
f 4388/4388/4388 4389/4389/4389 4392/4392/4392
f 4375/4375/4375 4373/4373/4373 4393/4393/4393
f 4349/4349/4349 4344/4344/4344 4345/4345/4345
f 4329/4329/4329 4333/4333/4333 4330/4330/4330
f 4392/4392/4392 4394/4394/4394 4388/4388/4388
f 4350/4350/4350 4358/4358/4358 4354/4354/4354
f 4337/4337/4337 4336/4336/4336 4339/4339/4339
f 4386/4386/4386 4378/4378/4378 4382/4382/4382
f 4344/4344/4344 4348/4348/4348 4335/4335/4335
f 4338/4338/4338 4350/4350/4350 4345/4345/4345
f 4342/4342/4342 4351/4351/4351 4343/4343/4343
f 4346/4346/4346 4357/4357/4357 4350/4350/4350
f 4395/4395/4395 4358/4358/4358 4357/4357/4357
f 4377/4377/4377 4384/4384/4384 4380/4380/4380
f 4340/4340/4340 4343/4343/4343 4341/4341/4341
f 4357/4357/4357 4346/4346/4346 4360/4360/4360
f 4337/4337/4337 4347/4347/4347 4338/4338/4338
f 4335/4335/4335 4348/4348/4348 4336/4336/4336
f 4395/4395/4395 4357/4357/4357 4396/4396/4396
f 4331/4331/4331 4397/4397/4397 4398/4398/4398
f 4351/4351/4351 4342/4342/4342 4368/4368/4368
f 4343/4343/4343 4356/4356/4356 4341/4341/4341
f 4338/4338/4338 4345/4345/4345 4335/4335/4335
f 4359/4359/4359 4396/4396/4396 4360/4360/4360
f 4360/4360/4360 4396/4396/4396 4357/4357/4357
f 4360/4360/4360 4346/4346/4346 4361/4361/4361
f 4368/4368/4368 4397/4397/4397 4331/4331/4331
f 4395/4395/4395 4369/4369/4369 4358/4358/4358
f 4376/4376/4376 4375/4375/4375 4382/4382/4382
f 4347/4347/4347 4339/4339/4339 4341/4341/4341
f 4399/4399/4399 4348/4348/4348 4349/4349/4349
f 4400/4400/4400 4390/4390/4390 4395/4395/4395
f 4361/4361/4361 4347/4347/4347 4341/4341/4341
f 4373/4373/4373 4378/4378/4378 4372/4372/4372
f 4368/4368/4368 4342/4342/4342 4397/4397/4397
f 4354/4354/4354 4353/4353/4353 4345/4345/4345
f 4401/4401/4401 4400/4400/4400 4396/4396/4396
f 4377/4377/4377 4380/4380/4380 4374/4374/4374
f 4361/4361/4361 4356/4356/4356 4359/4359/4359
f 4400/4400/4400 4395/4395/4395 4396/4396/4396
f 4337/4337/4337 4339/4339/4339 4347/4347/4347
f 4393/4393/4393 4367/4367/4367 4371/4371/4371
f 4355/4355/4355 4369/4369/4369 4371/4371/4371
f 4341/4341/4341 4356/4356/4356 4361/4361/4361
f 4402/4402/4402 4403/4403/4403 4404/4404/4404
f 4405/4405/4405 4406/4406/4406 4407/4407/4407
f 4408/4408/4408 4409/4409/4409 4410/4410/4410
f 4411/4411/4411 4412/4412/4412 4413/4413/4413
f 4414/4414/4414 4402/4402/4402 4404/4404/4404
f 4415/4415/4415 4416/4416/4416 4417/4417/4417
f 4418/4418/4418 4419/4419/4419 4420/4420/4420
f 4421/4421/4421 4407/4407/4407 4406/4406/4406
f 4402/4402/4402 4422/4422/4422 4403/4403/4403
f 4393/4393/4393 4371/4371/4371 4374/4374/4374
f 4423/4423/4423 4424/4424/4424 4425/4425/4425
f 4426/4426/4426 4419/4419/4419 4418/4418/4418
f 4427/4427/4427 4428/4428/4428 4429/4429/4429
f 4430/4430/4430 4431/4431/4431 4432/4432/4432
f 4433/4433/4433 4434/4434/4434 4435/4435/4435
f 4436/4436/4436 4416/4416/4416 4437/4437/4437
f 4438/4438/4438 4439/4439/4439 4440/4440/4440
f 4441/4441/4441 4442/4442/4442 4443/4443/4443
f 4383/4383/4383 4329/4329/4329 4444/4444/4444
f 4423/4423/4423 4445/4445/4445 4446/4446/4446
f 4445/4445/4445 4447/4447/4447 4448/4448/4448
f 4398/4398/4398 4329/4329/4329 4331/4331/4331
f 4417/4417/4417 4449/4449/4449 4415/4415/4415
f 4450/4450/4450 4447/4447/4447 4451/4451/4451
f 4452/4452/4452 4453/4453/4453 4454/4454/4454
f 4455/4455/4455 4456/4456/4456 4457/4457/4457
f 4458/4458/4458 4459/4459/4459 4440/4440/4440
f 4460/4460/4460 4461/4461/4461 4462/4462/4462
f 4411/4411/4411 4415/4415/4415 4449/4449/4449
f 4442/4442/4442 4452/4452/4452 4454/4454/4454
f 4463/4463/4463 4453/4453/4453 4464/4464/4464
f 4447/4447/4447 4445/4445/4445 4423/4423/4423
f 4390/4390/4390 4370/4370/4370 4369/4369/4369
f 4465/4465/4465 4466/4466/4466 4431/4431/4431
f 4467/4467/4467 4468/4468/4468 4469/4469/4469
f 4470/4470/4470 4471/4471/4471 4472/4472/4472
f 4473/4473/4473 4474/4474/4474 4475/4475/4475
f 4470/4470/4470 4476/4476/4476 4477/4477/4477
f 4478/4478/4478 4445/4445/4445 4448/4448/4448
f 4479/4479/4479 4480/4480/4480 4435/4435/4435
f 4481/4481/4481 4447/4447/4447 4482/4482/4482
f 4483/4483/4483 4484/4484/4484 4485/4485/4485
f 4450/4450/4450 4486/4486/4486 4487/4487/4487
f 4469/4469/4469 4449/4449/4449 4417/4417/4417
f 4488/4488/4488 4489/4489/4489 4490/4490/4490
f 4491/4491/4491 4492/4492/4492 4415/4415/4415
f 4493/4493/4493 4468/4468/4468 4494/4494/4494
f 4495/4495/4495 4496/4496/4496 4497/4497/4497
f 4498/4498/4498 4499/4499/4499 4500/4500/4500
f 4501/4501/4501 4502/4502/4502 4451/4451/4451
f 4503/4503/4503 4504/4504/4504 4505/4505/4505
f 4364/4364/4364 4399/4399/4399 4362/4362/4362
f 4506/4506/4506 4507/4507/4507 4478/4478/4478
f 4423/4423/4423 4425/4425/4425 4508/4508/4508
f 4451/4451/4451 4447/4447/4447 4501/4501/4501
f 4509/4509/4509 4418/4418/4418 4420/4420/4420
f 4494/4494/4494 4468/4468/4468 4466/4466/4466
f 4476/4476/4476 4470/4470/4470 4472/4472/4472
f 4412/4412/4412 4411/4411/4411 4449/4449/4449
f 4502/4502/4502 4501/4501/4501 4510/4510/4510
f 4410/4410/4410 4511/4511/4511 4484/4484/4484
f 4512/4512/4512 4513/4513/4513 4514/4514/4514
f 4515/4515/4515 4516/4516/4516 4517/4517/4517
f 4518/4518/4518 4483/4483/4483 4485/4485/4485
f 4402/4402/4402 4414/4414/4414 4336/4336/4336
f 4519/4519/4519 4520/4520/4520 4505/4505/4505
f 4468/4468/4468 4493/4493/4493 4521/4521/4521
f 4522/4522/4522 4523/4523/4523 4432/4432/4432
f 4410/4410/4410 4409/4409/4409 4524/4524/4524
f 4525/4525/4525 4526/4526/4526 4424/4424/4424
f 4527/4527/4527 4528/4528/4528 4529/4529/4529
f 4521/4521/4521 4510/4510/4510 4530/4530/4530
f 4527/4527/4527 4531/4531/4531 4528/4528/4528
f 4445/4445/4445 4478/4478/4478 4507/4507/4507
f 4447/4447/4447 4481/4481/4481 4501/4501/4501
f 4532/4532/4532 4438/4438/4438 4533/4533/4533
f 4532/4532/4532 4534/4534/4534 4535/4535/4535
f 4536/4536/4536 4501/4501/4501 4481/4481/4481
f 4439/4439/4439 4438/4438/4438 4537/4537/4537
f 4418/4418/4418 4473/4473/4473 4426/4426/4426
f 4538/4538/4538 4473/4473/4473 4464/4464/4464
f 4339/4339/4339 4539/4539/4539 4340/4340/4340
f 4423/4423/4423 4508/4508/4508 4482/4482/4482
f 4363/4363/4363 4371/4371/4371 4367/4367/4367
f 4521/4521/4521 4540/4540/4540 4510/4510/4510
f 4541/4541/4541 4521/4521/4521 4530/4530/4530
f 4468/4468/4468 4541/4541/4541 4469/4469/4469
f 4542/4542/4542 4543/4543/4543 4472/4472/4472
f 4431/4431/4431 4466/4466/4466 4467/4467/4467
f 4367/4367/4367 4393/4393/4393 4373/4373/4373
f 4510/4510/4510 4536/4536/4536 4544/4544/4544
f 4545/4545/4545 4457/4457/4457 4487/4487/4487
f 4441/4441/4441 4462/4462/4462 4461/4461/4461
f 4391/4391/4391 4400/4400/4400 4401/4401/4401
f 4461/4461/4461 4546/4546/4546 4441/4441/4441
f 4443/4443/4443 4442/4442/4442 4454/4454/4454
f 4481/4481/4481 4471/4471/4471 4536/4536/4536
f 4415/4415/4415 4460/4460/4460 4491/4491/4491
f 4449/4449/4449 4469/4469/4469 4541/4541/4541
f 4467/4467/4467 4469/4469/4469 4431/4431/4431
f 4487/4487/4487 4456/4456/4456 4450/4450/4450
f 4450/4450/4450 4456/4456/4456 4448/4448/4448
f 4544/4544/4544 4536/4536/4536 4470/4470/4470
f 4547/4547/4547 4548/4548/4548 4549/4549/4549
f 4457/4457/4457 4456/4456/4456 4487/4487/4487
f 4354/4354/4354 4358/4358/4358 4355/4355/4355
f 4431/4431/4431 4430/4430/4430 4465/4465/4465
f 4538/4538/4538 4485/4485/4485 4550/4550/4550
f 4318/4318/4318 4551/4551/4551 4552/4552/4552
f 4433/4433/4433 4553/4553/4553 4554/4554/4554
f 4518/4518/4518 4512/4512/4512 4555/4555/4555
f 4369/4369/4369 4395/4395/4395 4390/4390/4390
f 4322/4322/4322 4475/4475/4475 4556/4556/4556
f 4557/4557/4557 4558/4558/4558 4559/4559/4559
f 4560/4560/4560 4500/4500/4500 4499/4499/4499
f 4541/4541/4541 4468/4468/4468 4521/4521/4521
f 4399/4399/4399 4349/4349/4349 4362/4362/4362
f 4493/4493/4493 4540/4540/4540 4521/4521/4521
f 4449/4449/4449 4530/4530/4530 4412/4412/4412
f 4544/4544/4544 4477/4477/4477 4412/4412/4412
f 4469/4469/4469 4436/4436/4436 4431/4431/4431
f 4480/4480/4480 4553/4553/4553 4435/4435/4435
f 4536/4536/4536 4471/4471/4471 4470/4470/4470
f 4561/4561/4561 4562/4562/4562 4563/4563/4563
f 4564/4564/4564 4560/4560/4560 4499/4499/4499
f 4448/4448/4448 4456/4456/4456 4478/4478/4478
f 4470/4470/4470 4477/4477/4477 4544/4544/4544
f 4565/4565/4565 4429/4429/4429 4566/4566/4566
f 4540/4540/4540 4502/4502/4502 4510/4510/4510
f 4371/4371/4371 4363/4363/4363 4355/4355/4355
f 4567/4567/4567 4568/4568/4568 4569/4569/4569
f 4361/4361/4361 4346/4346/4346 4347/4347/4347
f 4511/4511/4511 4570/4570/4570 4571/4571/4571
f 4523/4523/4523 4572/4572/4572 4430/4430/4430
f 4482/4482/4482 4471/4471/4471 4481/4481/4481
f 4528/4528/4528 4542/4542/4542 4529/4529/4529
f 4412/4412/4412 4477/4477/4477 4413/4413/4413
f 4497/4497/4497 4557/4557/4557 4559/4559/4559
f 4573/4573/4573 4574/4574/4574 4575/4575/4575
f 4468/4468/4468 4467/4467/4467 4466/4466/4466
f 4417/4417/4417 4436/4436/4436 4469/4469/4469
f 4353/4353/4353 4355/4355/4355 4363/4363/4363
f 4434/4434/4434 4475/4475/4475 4576/4576/4576
f 4577/4577/4577 4431/4431/4431 4436/4436/4436
f 4542/4542/4542 4482/4482/4482 4508/4508/4508
f 4400/4400/4400 4391/4391/4391 4390/4390/4390
f 4543/4543/4543 4476/4476/4476 4472/4472/4472
f 4472/4472/4472 4471/4471/4471 4542/4542/4542
f 4512/4512/4512 4514/4514/4514 4555/4555/4555
f 4375/4375/4375 4393/4393/4393 4380/4380/4380
f 4456/4456/4456 4455/4455/4455 4478/4478/4478
f 4430/4430/4430 4432/4432/4432 4523/4523/4523
f 4413/4413/4413 4477/4477/4477 4555/4555/4555
f 4380/4380/4380 4393/4393/4393 4374/4374/4374
f 4432/4432/4432 4431/4431/4431 4577/4577/4577
f 4375/4375/4375 4381/4381/4381 4382/4382/4382
f 4572/4572/4572 4505/4505/4505 4578/4578/4578
f 4498/4498/4498 4579/4579/4579 4522/4522/4522
f 4523/4523/4523 4579/4579/4579 4572/4572/4572
f 4580/4580/4580 4564/4564/4564 4437/4437/4437
f 4501/4501/4501 4536/4536/4536 4510/4510/4510
f 4568/4568/4568 4515/4515/4515 4581/4581/4581
f 4398/4398/4398 4444/4444/4444 4329/4329/4329
f 4558/4558/4558 4582/4582/4582 4559/4559/4559
f 4562/4562/4562 4583/4583/4583 4558/4558/4558
f 4416/4416/4416 4436/4436/4436 4417/4417/4417
f 4435/4435/4435 4321/4321/4321 4479/4479/4479
f 4564/4564/4564 4577/4577/4577 4436/4436/4436
f 4424/4424/4424 4526/4526/4526 4425/4425/4425
f 4447/4447/4447 4450/4450/4450 4448/4448/4448
f 4455/4455/4455 4584/4584/4584 4478/4478/4478
f 4446/4446/4446 4424/4424/4424 4423/4423/4423
f 4445/4445/4445 4507/4507/4507 4446/4446/4446
f 4483/4483/4483 4527/4527/4527 4585/4585/4585
f 4529/4529/4529 4508/4508/4508 4425/4425/4425
f 4542/4542/4542 4508/4508/4508 4529/4529/4529
f 4495/4495/4495 4497/4497/4497 4559/4559/4559
f 4406/4406/4406 4586/4586/4586 4535/4535/4535
f 4587/4587/4587 4588/4588/4588 4589/4589/4589
f 4590/4590/4590 4383/4383/4383 4444/4444/4444
f 4577/4577/4577 4522/4522/4522 4432/4432/4432
f 4591/4591/4591 4446/4446/4446 4507/4507/4507
f 4572/4572/4572 4503/4503/4503 4505/4505/4505
f 4589/4589/4589 4562/4562/4562 4587/4587/4587
f 4505/4505/4505 4520/4520/4520 4578/4578/4578
f 4592/4592/4592 4477/4477/4477 4476/4476/4476
f 4558/4558/4558 4557/4557/4557 4563/4563/4563
f 4530/4530/4530 4449/4449/4449 4541/4541/4541
f 4593/4593/4593 4411/4411/4411 4413/4413/4413
f 4415/4415/4415 4411/4411/4411 4460/4460/4460
f 4416/4416/4416 4415/4415/4415 4492/4492/4492
f 4437/4437/4437 4564/4564/4564 4436/4436/4436
f 4506/4506/4506 4594/4594/4594 4507/4507/4507
f 4543/4543/4543 4528/4528/4528 4531/4531/4531
f 4423/4423/4423 4482/4482/4482 4447/4447/4447
f 4506/4506/4506 4478/4478/4478 4584/4584/4584
f 4425/4425/4425 4526/4526/4526 4529/4529/4529
f 4595/4595/4595 4596/4596/4596 4491/4491/4491
f 4597/4597/4597 4588/4588/4588 4587/4587/4587
f 4499/4499/4499 4522/4522/4522 4577/4577/4577
f 4598/4598/4598 4565/4565/4565 4420/4420/4420
f 4599/4599/4599 4600/4600/4600 4520/4520/4520
f 4546/4546/4546 4442/4442/4442 4441/4441/4441
f 4580/4580/4580 4601/4601/4601 4564/4564/4564
f 4576/4576/4576 4475/4475/4475 4322/4322/4322
f 4555/4555/4555 4514/4514/4514 4593/4593/4593
f 4437/4437/4437 4416/4416/4416 4492/4492/4492
f 4476/4476/4476 4543/4543/4543 4602/4602/4602
f 4602/4602/4602 4518/4518/4518 4592/4592/4592
f 4507/4507/4507 4594/4594/4594 4591/4591/4591
f 4542/4542/4542 4471/4471/4471 4482/4482/4482
f 4527/4527/4527 4529/4529/4529 4526/4526/4526
f 4516/4516/4516 4596/4596/4596 4595/4595/4595
f 4428/4428/4428 4549/4549/4549 4548/4548/4548
f 4461/4461/4461 4460/4460/4460 4603/4603/4603
f 4558/4558/4558 4583/4583/4583 4582/4582/4582
f 4462/4462/4462 4491/4491/4491 4460/4460/4460
f 4557/4557/4557 4497/4497/4497 4496/4496/4496
f 4498/4498/4498 4522/4522/4522 4499/4499/4499
f 4413/4413/4413 4555/4555/4555 4593/4593/4593
f 4503/4503/4503 4422/4422/4422 4504/4504/4504
f 4504/4504/4504 4519/4519/4519 4505/4505/4505
f 4403/4403/4403 4579/4579/4579 4498/4498/4498
f 4600/4600/4600 4599/4599/4599 4399/4399/4399
f 4593/4593/4593 4460/4460/4460 4411/4411/4411
f 4477/4477/4477 4592/4592/4592 4555/4555/4555
f 4533/4533/4533 4604/4604/4604 4605/4605/4605
f 4519/4519/4519 4599/4599/4599 4520/4520/4520
f 4434/4434/4434 4420/4420/4420 4419/4419/4419
f 4606/4606/4606 4515/4515/4515 4517/4517/4517
f 4607/4607/4607 4561/4561/4561 4563/4563/4563
f 4601/4601/4601 4580/4580/4580 4596/4596/4596
f 4563/4563/4563 4562/4562/4562 4558/4558/4558
f 4460/4460/4460 4593/4593/4593 4603/4603/4603
f 4562/4562/4562 4589/4589/4589 4583/4583/4583
f 4492/4492/4492 4580/4580/4580 4437/4437/4437
f 4608/4608/4608 4409/4409/4409 4408/4408/4408
f 4580/4580/4580 4492/4492/4492 4491/4491/4491
f 4560/4560/4560 4564/4564/4564 4601/4601/4601
f 4531/4531/4531 4602/4602/4602 4543/4543/4543
f 4602/4602/4602 4531/4531/4531 4518/4518/4518
f 4609/4609/4609 4591/4591/4591 4594/4594/4594
f 4326/4326/4326 4323/4323/4323 4610/4610/4610
f 4611/4611/4611 4327/4327/4327 4612/4612/4612
f 4327/4327/4327 4613/4613/4613 4612/4612/4612
f 4525/4525/4525 4585/4585/4585 4526/4526/4526
f 4592/4592/4592 4476/4476/4476 4602/4602/4602
f 4612/4612/4612 4489/4489/4489 4611/4611/4611
f 4613/4613/4613 4326/4326/4326 4610/4610/4610
f 4326/4326/4326 4613/4613/4613 4327/4327/4327
f 4527/4527/4527 4526/4526/4526 4585/4585/4585
f 4614/4614/4614 4561/4561/4561 4405/4405/4405
f 4404/4404/4404 4403/4403/4403 4498/4498/4498
f 4407/4407/4407 4587/4587/4587 4614/4614/4614
f 4421/4421/4421 4535/4535/4535 4597/4597/4597
f 4587/4587/4587 4407/4407/4407 4421/4421/4421
f 4543/4543/4543 4542/4542/4542 4528/4528/4528
f 4422/4422/4422 4503/4503/4503 4403/4403/4403
f 4615/4615/4615 4504/4504/4504 4422/4422/4422
f 4555/4555/4555 4592/4592/4592 4518/4518/4518
f 4525/4525/4525 4616/4616/4616 4617/4617/4617
f 4519/4519/4519 4504/4504/4504 4615/4615/4615
f 4348/4348/4348 4599/4599/4599 4519/4519/4519
f 4503/4503/4503 4579/4579/4579 4403/4403/4403
f 4600/4600/4600 4399/4399/4399 4364/4364/4364
f 4599/4599/4599 4348/4348/4348 4399/4399/4399
f 4618/4618/4618 4567/4567/4567 4569/4569/4569
f 4612/4612/4612 4490/4490/4490 4489/4489/4489
f 4450/4450/4450 4451/4451/4451 4486/4486/4486
f 4619/4619/4619 4620/4620/4620 4621/4621/4621
f 4517/4517/4517 4620/4620/4620 4606/4606/4606
f 4531/4531/4531 4527/4527/4527 4483/4483/4483
f 4483/4483/4483 4518/4518/4518 4531/4531/4531
f 4607/4607/4607 4622/4622/4622 4561/4561/4561
f 4593/4593/4593 4623/4623/4623 4603/4603/4603
f 4604/4604/4604 4533/4533/4533 4438/4438/4438
f 4544/4544/4544 4530/4530/4530 4510/4510/4510
f 4595/4595/4595 4491/4491/4491 4462/4462/4462
f 4614/4614/4614 4587/4587/4587 4561/4561/4561
f 4405/4405/4405 4407/4407/4407 4614/4614/4614
f 4547/4547/4547 4620/4620/4620 4548/4548/4548
f 4513/4513/4513 4623/4623/4623 4514/4514/4514
f 4336/4336/4336 4422/4422/4422 4402/4402/4402
f 4580/4580/4580 4491/4491/4491 4596/4596/4596
f 4624/4624/4624 4500/4500/4500 4560/4560/4560
f 4560/4560/4560 4601/4601/4601 4625/4625/4625
f 4525/4525/4525 4609/4609/4609 4616/4616/4616
f 4604/4604/4604 4609/4609/4609 4594/4594/4594
f 4439/4439/4439 4626/4626/4626 4458/4458/4458
f 4570/4570/4570 4627/4627/4627 4628/4628/4628
f 4594/4594/4594 4605/4605/4605 4604/4604/4604
f 4525/4525/4525 4617/4617/4617 4585/4585/4585
f 4622/4622/4622 4405/4405/4405 4561/4561/4561
f 4588/4588/4588 4629/4629/4629 4589/4589/4589
f 4406/4406/4406 4535/4535/4535 4421/4421/4421
f 4534/4534/4534 4597/4597/4597 4535/4535/4535
f 4500/4500/4500 4404/4404/4404 4498/4498/4498
f 4422/4422/4422 4336/4336/4336 4615/4615/4615
f 4630/4630/4630 4512/4512/4512 4518/4518/4518
f 4513/4513/4513 4452/4452/4452 4623/4623/4623
f 4519/4519/4519 4615/4615/4615 4348/4348/4348
f 4444/4444/4444 4569/4569/4569 4590/4590/4590
f 4556/4556/4556 4628/4628/4628 4314/4314/4314
f 4607/4607/4607 4488/4488/4488 4622/4622/4622
f 4603/4603/4603 4546/4546/4546 4461/4461/4461
f 4546/4546/4546 4603/4603/4603 4623/4623/4623
f 4621/4621/4621 4595/4595/4595 4462/4462/4462
f 4513/4513/4513 4512/4512/4512 4630/4630/4630
f 4428/4428/4428 4427/4427/4427 4333/4333/4333
f 4516/4516/4516 4601/4601/4601 4596/4596/4596
f 4625/4625/4625 4624/4624/4624 4560/4560/4560
f 4609/4609/4609 4608/4608/4608 4616/4616/4616
f 4604/4604/4604 4459/4459/4459 4609/4609/4609
f 4533/4533/4533 4605/4605/4605 4534/4534/4534
f 4570/4570/4570 4511/4511/4511 4524/4524/4524
f 4500/4500/4500 4624/4624/4624 4631/4631/4631
f 4585/4585/4585 4617/4617/4617 4483/4483/4483
f 4405/4405/4405 4622/4622/4622 4406/4406/4406
f 4500/4500/4500 4631/4631/4631 4404/4404/4404
f 4615/4615/4615 4336/4336/4336 4348/4348/4348
f 4488/4488/4488 4490/4490/4490 4622/4622/4622
f 4546/4546/4546 4623/4623/4623 4452/4452/4452
f 4462/4462/4462 4441/4441/4441 4621/4621/4621
f 4595/4595/4595 4621/4621/4621 4517/4517/4517
f 4575/4575/4575 4490/4490/4490 4612/4612/4612
f 4625/4625/4625 4601/4601/4601 4516/4516/4516
f 4632/4632/4632 4513/4513/4513 4630/4630/4630
f 4513/4513/4513 4464/4464/4464 4452/4452/4452
f 4485/4485/4485 4632/4632/4632 4630/4630/4630
f 4631/4631/4631 4624/4624/4624 4625/4625/4625
f 4608/4608/4608 4609/4609/4609 4459/4459/4459
f 4617/4617/4617 4616/4616/4616 4408/4408/4408
f 4438/4438/4438 4459/4459/4459 4604/4604/4604
f 4534/4534/4534 4532/4532/4532 4533/4533/4533
f 4484/4484/4484 4483/4483/4483 4617/4617/4617
f 4622/4622/4622 4490/4490/4490 4406/4406/4406
f 4490/4490/4490 4586/4586/4586 4406/4406/4406
f 4532/4532/4532 4535/4535/4535 4586/4586/4586
f 4414/4414/4414 4404/4404/4404 4631/4631/4631
f 4511/4511/4511 4571/4571/4571 4474/4474/4474
f 4619/4619/4619 4565/4565/4565 4566/4566/4566
f 4452/4452/4452 4442/4442/4442 4546/4546/4546
f 4621/4621/4621 4441/4441/4441 4619/4619/4619
f 4561/4561/4561 4587/4587/4587 4562/4562/4562
f 4438/4438/4438 4440/4440/4440 4459/4459/4459
f 4516/4516/4516 4515/4515/4515 4625/4625/4625
f 4595/4595/4595 4517/4517/4517 4516/4516/4516
f 4620/4620/4620 4517/4517/4517 4621/4621/4621
f 4464/4464/4464 4513/4513/4513 4632/4632/4632
f 4428/4428/4428 4333/4333/4333 4549/4549/4549
f 4630/4630/4630 4518/4518/4518 4485/4485/4485
f 4485/4485/4485 4538/4538/4538 4632/4632/4632
f 4515/4515/4515 4631/4631/4631 4625/4625/4625
f 4597/4597/4597 4587/4587/4587 4421/4421/4421
f 4617/4617/4617 4410/4410/4410 4484/4484/4484
f 4550/4550/4550 4485/4485/4485 4484/4484/4484
f 4459/4459/4459 4458/4458/4458 4608/4608/4608
f 4408/4408/4408 4410/4410/4410 4617/4617/4617
f 4586/4586/4586 4490/4490/4490 4575/4575/4575
f 4586/4586/4586 4574/4574/4574 4532/4532/4532
f 4633/4633/4633 4414/4414/4414 4631/4631/4631
f 4414/4414/4414 4339/4339/4339 4336/4336/4336
f 4619/4619/4619 4441/4441/4441 4443/4443/4443
f 4408/4408/4408 4616/4616/4616 4608/4608/4608
f 4632/4632/4632 4538/4538/4538 4464/4464/4464
f 4631/4631/4631 4515/4515/4515 4633/4633/4633
f 4511/4511/4511 4550/4550/4550 4484/4484/4484
f 4409/4409/4409 4608/4608/4608 4458/4458/4458
f 4438/4438/4438 4532/4532/4532 4574/4574/4574
f 4574/4574/4574 4586/4586/4586 4575/4575/4575
f 4414/4414/4414 4633/4633/4633 4339/4339/4339
f 4590/4590/4590 4569/4569/4569 4568/4568/4568
f 4565/4565/4565 4619/4619/4619 4443/4443/4443
f 4620/4620/4620 4619/4619/4619 4566/4566/4566
f 4620/4620/4620 4547/4547/4547 4606/4606/4606
f 4454/4454/4454 4453/4453/4453 4509/4509/4509
f 4446/4446/4446 4591/4591/4591 4424/4424/4424
f 4453/4453/4453 4463/4463/4463 4509/4509/4509
f 4591/4591/4591 4609/4609/4609 4525/4525/4525
f 4464/4464/4464 4473/4473/4473 4463/4463/4463
f 4634/4634/4634 4429/4429/4429 4598/4598/4598
f 4530/4530/4530 4544/4544/4544 4412/4412/4412
f 4474/4474/4474 4538/4538/4538 4550/4550/4550
f 4567/4567/4567 4633/4633/4633 4515/4515/4515
f 4606/4606/4606 4581/4581/4581 4515/4515/4515
f 4511/4511/4511 4474/4474/4474 4550/4550/4550
f 4458/4458/4458 4627/4627/4627 4409/4409/4409
f 4440/4440/4440 4439/4439/4439 4458/4458/4458
f 4537/4537/4537 4438/4438/4438 4574/4574/4574
f 4524/4524/4524 4511/4511/4511 4410/4410/4410
f 4452/4452/4452 4464/4464/4464 4453/4453/4453
f 4575/4575/4575 4612/4612/4612 4613/4613/4613
f 4539/4539/4539 4339/4339/4339 4633/4633/4633
f 4509/4509/4509 4443/4443/4443 4454/4454/4454
f 4525/4525/4525 4424/4424/4424 4591/4591/4591
f 4443/4443/4443 4509/4509/4509 4565/4565/4565
f 4548/4548/4548 4620/4620/4620 4566/4566/4566
f 4606/4606/4606 4547/4547/4547 4581/4581/4581
f 4523/4523/4523 4522/4522/4522 4579/4579/4579
f 4538/4538/4538 4474/4474/4474 4473/4473/4473
f 4418/4418/4418 4509/4509/4509 4463/4463/4463
f 4626/4626/4626 4439/4439/4439 4551/4551/4551
f 4463/4463/4463 4473/4473/4473 4418/4418/4418
f 4568/4568/4568 4567/4567/4567 4515/4515/4515
f 4567/4567/4567 4618/4618/4618 4633/4633/4633
f 4458/4458/4458 4626/4626/4626 4627/4627/4627
f 4627/4627/4627 4570/4570/4570 4409/4409/4409
f 4570/4570/4570 4524/4524/4524 4409/4409/4409
f 4610/4610/4610 4439/4439/4439 4537/4537/4537
f 4574/4574/4574 4573/4573/4573 4537/4537/4537
f 4575/4575/4575 4613/4613/4613 4573/4573/4573
f 4618/4618/4618 4539/4539/4539 4633/4633/4633
f 4553/4553/4553 4433/4433/4433 4435/4435/4435
f 4635/4635/4635 4636/4636/4636 4618/4618/4618
f 4565/4565/4565 4509/4509/4509 4420/4420/4420
f 4548/4548/4548 4566/4566/4566 4429/4429/4429
f 4590/4590/4590 4568/4568/4568 4581/4581/4581
f 4571/4571/4571 4475/4475/4475 4474/4474/4474
f 4627/4627/4627 4626/4626/4626 4328/4328/4328
f 4573/4573/4573 4610/4610/4610 4537/4537/4537
f 4610/4610/4610 4552/4552/4552 4439/4439/4439
f 4613/4613/4613 4610/4610/4610 4573/4573/4573
f 4539/4539/4539 4618/4618/4618 4636/4636/4636
f 4636/4636/4636 4340/4340/4340 4539/4539/4539
f 4333/4333/4333 4427/4427/4427 4334/4334/4334
f 4429/4429/4429 4565/4565/4565 4598/4598/4598
f 4548/4548/4548 4429/4429/4429 4428/4428/4428
f 4549/4549/4549 4333/4333/4333 4547/4547/4547
f 4590/4590/4590 4547/4547/4547 4383/4383/4383
f 4475/4475/4475 4434/4434/4434 4419/4419/4419
f 4547/4547/4547 4590/4590/4590 4581/4581/4581
f 4426/4426/4426 4473/4473/4473 4475/4475/4475
f 4569/4569/4569 4635/4635/4635 4618/4618/4618
f 4556/4556/4556 4475/4475/4475 4571/4571/4571
f 4571/4571/4571 4570/4570/4570 4556/4556/4556
f 4328/4328/4328 4628/4628/4628 4627/4627/4627
f 4328/4328/4328 4626/4626/4626 4551/4551/4551
f 4628/4628/4628 4556/4556/4556 4570/4570/4570
f 4551/4551/4551 4439/4439/4439 4552/4552/4552
f 4610/4610/4610 4323/4323/4323 4552/4552/4552
f 4636/4636/4636 4635/4635/4635 4340/4340/4340
f 4499/4499/4499 4577/4577/4577 4564/4564/4564
f 4420/4420/4420 4634/4634/4634 4598/4598/4598
f 4383/4383/4383 4547/4547/4547 4333/4333/4333
f 4419/4419/4419 4426/4426/4426 4475/4475/4475
f 4635/4635/4635 4569/4569/4569 4397/4397/4397
f 4328/4328/4328 4314/4314/4314 4628/4628/4628
f 4551/4551/4551 4318/4318/4318 4328/4328/4328
f 4552/4552/4552 4323/4323/4323 4318/4318/4318
f 4635/4635/4635 4342/4342/4342 4340/4340/4340
f 4433/4433/4433 4634/4634/4634 4420/4420/4420
f 4429/4429/4429 4634/4634/4634 4637/4637/4637
f 4637/4637/4637 4427/4427/4427 4429/4429/4429
f 4420/4420/4420 4434/4434/4434 4433/4433/4433
f 4398/4398/4398 4569/4569/4569 4444/4444/4444
f 4397/4397/4397 4569/4569/4569 4398/4398/4398
f 4397/4397/4397 4342/4342/4342 4635/4635/4635
f 4322/4322/4322 4556/4556/4556 4314/4314/4314
f 4554/4554/4554 4637/4637/4637 4634/4634/4634
f 4634/4634/4634 4433/4433/4433 4554/4554/4554
f 4322/4322/4322 4321/4321/4321 4576/4576/4576
f 4623/4623/4623 4593/4593/4593 4514/4514/4514
f 4637/4637/4637 4554/4554/4554 4553/4553/4553
f 4435/4435/4435 4434/4434/4434 4576/4576/4576
f 4576/4576/4576 4321/4321/4321 4435/4435/4435
f 4503/4503/4503 4572/4572/4572 4579/4579/4579
f 4638/4638/4638 4639/4639/4639 4640/4640/4640
f 4641/4641/4641 4642/4642/4642 4643/4643/4643
f 4644/4644/4644 4645/4645/4645 4646/4646/4646
f 4647/4647/4647 4648/4648/4648 4649/4649/4649
f 4650/4650/4650 4651/4651/4651 4652/4652/4652
f 4653/4653/4653 4654/4654/4654 4655/4655/4655
f 4656/4656/4656 4657/4657/4657 4658/4658/4658
f 4659/4659/4659 4660/4660/4660 4661/4661/4661
f 4662/4662/4662 4663/4663/4663 4664/4664/4664
f 4650/4650/4650 4665/4665/4665 4642/4642/4642
f 4666/4666/4666 4667/4667/4667 4657/4657/4657
f 4668/4668/4668 4669/4669/4669 4670/4670/4670
f 4671/4671/4671 4672/4672/4672 4673/4673/4673
f 4674/4674/4674 4675/4675/4675 4676/4676/4676
f 4660/4660/4660 4677/4677/4677 4676/4676/4676
f 4678/4678/4678 4675/4675/4675 4656/4656/4656
f 4679/4679/4679 4680/4680/4680 4681/4681/4681
f 4682/4682/4682 4658/4658/4658 4667/4667/4667
f 4683/4683/4683 4684/4684/4684 4673/4673/4673
f 4684/4684/4684 4683/4683/4683 4685/4685/4685
f 4686/4686/4686 4687/4687/4687 4688/4688/4688
f 4689/4689/4689 4690/4690/4690 4691/4691/4691
f 4692/4692/4692 4686/4686/4686 4652/4652/4652
f 4693/4693/4693 4694/4694/4694 4695/4695/4695
f 4696/4696/4696 4697/4697/4697 4698/4698/4698
f 4699/4699/4699 4700/4700/4700 4701/4701/4701
f 4702/4702/4702 4689/4689/4689 4703/4703/4703
f 4704/4704/4704 4705/4705/4705 4706/4706/4706
f 4655/4655/4655 4707/4707/4707 4653/4653/4653
f 4708/4708/4708 4709/4709/4709 4710/4710/4710
f 4711/4711/4711 4712/4712/4712 4713/4713/4713
f 4642/4642/4642 4665/4665/4665 4647/4647/4647
f 4702/4702/4702 4655/4655/4655 4654/4654/4654
f 4656/4656/4656 4714/4714/4714 4657/4657/4657
f 4666/4666/4666 4657/4657/4657 4715/4715/4715
f 4716/4716/4716 4717/4717/4717 4718/4718/4718
f 4656/4656/4656 4719/4719/4719 4678/4678/4678
f 4720/4720/4720 4673/4673/4673 4672/4672/4672
f 4721/4721/4721 4694/4694/4694 4696/4696/4696
f 4722/4722/4722 4723/4723/4723 4724/4724/4724
f 4650/4650/4650 4652/4652/4652 4665/4665/4665
f 4724/4724/4724 4725/4725/4725 4722/4722/4722
f 4726/4726/4726 4727/4727/4727 4685/4685/4685
f 4728/4728/4728 4729/4729/4729 4730/4730/4730
f 4660/4660/4660 4731/4731/4731 4661/4661/4661
f 4687/4687/4687 4732/4732/4732 4688/4688/4688
f 4648/4648/4648 4647/4647/4647 4733/4733/4733
f 4733/4733/4733 4734/4734/4734 4700/4700/4700
f 4647/4647/4647 4665/4665/4665 4730/4730/4730
f 4735/4735/4735 4736/4736/4736 4727/4727/4727
f 4719/4719/4719 4658/4658/4658 4737/4737/4737
f 4738/4738/4738 4739/4739/4739 4740/4740/4740
f 4730/4730/4730 4665/4665/4665 4686/4686/4686
f 4700/4700/4700 4741/4741/4741 4742/4742/4742
f 4717/4717/4717 4716/4716/4716 4743/4743/4743
f 4683/4683/4683 4726/4726/4726 4685/4685/4685
f 4744/4744/4744 4743/4743/4743 4666/4666/4666
f 4733/4733/4733 4729/4729/4729 4734/4734/4734
f 4745/4745/4745 4746/4746/4746 4702/4702/4702
f 4745/4745/4745 4702/4702/4702 4703/4703/4703
f 4707/4707/4707 4655/4655/4655 4747/4747/4747
f 4643/4643/4643 4748/4748/4748 4641/4641/4641
f 4749/4749/4749 4732/4732/4732 4750/4750/4750
f 4751/4751/4751 4691/4691/4691 4752/4752/4752
f 4748/4748/4748 4753/4753/4753 4641/4641/4641
f 4720/4720/4720 4646/4646/4646 4754/4754/4754
f 4654/4654/4654 4755/4755/4755 4756/4756/4756
f 4757/4757/4757 4714/4714/4714 4676/4676/4676
f 4758/4758/4758 4759/4759/4759 4760/4760/4760
f 4757/4757/4757 4676/4676/4676 4747/4747/4747
f 4739/4739/4739 4738/4738/4738 4761/4761/4761
f 4762/4762/4762 4763/4763/4763 4764/4764/4764
f 4741/4741/4741 4700/4700/4700 4734/4734/4734
f 4643/4643/4643 4642/4642/4642 4649/4649/4649
f 4765/4765/4765 4766/4766/4766 4749/4749/4749
f 4749/4749/4749 4750/4750/4750 4767/4767/4767
f 4768/4768/4768 4769/4769/4769 4770/4770/4770
f 4769/4769/4769 4771/4771/4771 4772/4772/4772
f 4734/4734/4734 4773/4773/4773 4774/4774/4774
f 4673/4673/4673 4720/4720/4720 4775/4775/4775
f 4776/4776/4776 4745/4745/4745 4777/4777/4777
f 4650/4650/4650 4753/4753/4753 4651/4651/4651
f 4778/4778/4778 4766/4766/4766 4779/4779/4779
f 4778/4778/4778 4688/4688/4688 4766/4766/4766
f 4668/4668/4668 4670/4670/4670 4780/4780/4780
f 4766/4766/4766 4765/4765/4765 4779/4779/4779
f 4781/4781/4781 4782/4782/4782 4783/4783/4783
f 4764/4764/4764 4763/4763/4763 4784/4784/4784
f 4785/4785/4785 4786/4786/4786 4756/4756/4756
f 4744/4744/4744 4666/4666/4666 4715/4715/4715
f 4787/4787/4787 4767/4767/4767 4750/4750/4750
f 4647/4647/4647 4729/4729/4729 4733/4733/4733
f 4782/4782/4782 4788/4788/4788 4783/4783/4783
f 4789/4789/4789 4760/4760/4760 4790/4790/4790
f 4778/4778/4778 4773/4773/4773 4734/4734/4734
f 4791/4791/4791 4778/4778/4778 4779/4779/4779
f 4792/4792/4792 4793/4793/4793 4794/4794/4794
f 4795/4795/4795 4796/4796/4796 4797/4797/4797
f 4787/4787/4787 4798/4798/4798 4780/4780/4780
f 4799/4799/4799 4782/4782/4782 4781/4781/4781
f 4800/4800/4800 4801/4801/4801 4802/4802/4802
f 4803/4803/4803 4799/4799/4799 4767/4767/4767
f 4697/4697/4697 4804/4804/4804 4678/4678/4678
f 4778/4778/4778 4728/4728/4728 4688/4688/4688
f 4665/4665/4665 4652/4652/4652 4686/4686/4686
f 4780/4780/4780 4805/4805/4805 4787/4787/4787
f 4780/4780/4780 4670/4670/4670 4805/4805/4805
f 4763/4763/4763 4762/4762/4762 4806/4806/4806
f 4761/4761/4761 4807/4807/4807 4808/4808/4808
f 4734/4734/4734 4774/4774/4774 4741/4741/4741
f 4782/4782/4782 4803/4803/4803 4809/4809/4809
f 4810/4810/4810 4807/4807/4807 4811/4811/4811
f 4805/4805/4805 4812/4812/4812 4809/4809/4809
f 4813/4813/4813 4814/4814/4814 4815/4815/4815
f 4745/4745/4745 4703/4703/4703 4816/4816/4816
f 4730/4730/4730 4688/4688/4688 4728/4728/4728
f 4720/4720/4720 4754/4754/4754 4775/4775/4775
f 4817/4817/4817 4818/4818/4818 4682/4682/4682
f 4809/4809/4809 4788/4788/4788 4782/4782/4782
f 4795/4795/4795 4819/4819/4819 4796/4796/4796
f 4812/4812/4812 4784/4784/4784 4820/4820/4820
f 4644/4644/4644 4821/4821/4821 4822/4822/4822
f 4820/4820/4820 4717/4717/4717 4788/4788/4788
f 4823/4823/4823 4784/4784/4784 4812/4812/4812
f 4788/4788/4788 4717/4717/4717 4783/4783/4783
f 4755/4755/4755 4653/4653/4653 4824/4824/4824
f 4743/4743/4743 4744/4744/4744 4783/4783/4783
f 4825/4825/4825 4820/4820/4820 4784/4784/4784
f 4662/4662/4662 4826/4826/4826 4827/4827/4827
f 4825/4825/4825 4717/4717/4717 4820/4820/4820
f 4669/4669/4669 4812/4812/4812 4670/4670/4670
f 4783/4783/4783 4717/4717/4717 4743/4743/4743
f 4652/4652/4652 4651/4651/4651 4692/4692/4692
f 4828/4828/4828 4829/4829/4829 4830/4830/4830
f 4784/4784/4784 4823/4823/4823 4831/4831/4831
f 4832/4832/4832 4833/4833/4833 4834/4834/4834
f 4666/4666/4666 4743/4743/4743 4817/4817/4817
f 4835/4835/4835 4836/4836/4836 4671/4671/4671
f 4837/4837/4837 4793/4793/4793 4735/4735/4735
f 4838/4838/4838 4638/4638/4638 4839/4839/4839
f 4764/4764/4764 4784/4784/4784 4831/4831/4831
f 4642/4642/4642 4647/4647/4647 4649/4649/4649
f 4743/4743/4743 4716/4716/4716 4817/4817/4817
f 4840/4840/4840 4762/4762/4762 4841/4841/4841
f 4640/4640/4640 4639/4639/4639 4842/4842/4842
f 4843/4843/4843 4793/4793/4793 4844/4844/4844
f 4639/4639/4639 4818/4818/4818 4842/4842/4842
f 4845/4845/4845 4640/4640/4640 4806/4806/4806
f 4766/4766/4766 4688/4688/4688 4749/4749/4749
f 4729/4729/4729 4728/4728/4728 4734/4734/4734
f 4638/4638/4638 4818/4818/4818 4639/4639/4639
f 4846/4846/4846 4692/4692/4692 4651/4651/4651
f 4640/4640/4640 4845/4845/4845 4839/4839/4839
f 4767/4767/4767 4765/4765/4765 4749/4749/4749
f 4638/4638/4638 4847/4847/4847 4818/4818/4818
f 4777/4777/4777 4745/4745/4745 4816/4816/4816
f 4839/4839/4839 4845/4845/4845 4848/4848/4848
f 4640/4640/4640 4842/4842/4842 4763/4763/4763
f 4838/4838/4838 4847/4847/4847 4638/4638/4638
f 4821/4821/4821 4740/4740/4740 4849/4849/4849
f 4839/4839/4839 4850/4850/4850 4838/4838/4838
f 4851/4851/4851 4847/4847/4847 4838/4838/4838
f 4817/4817/4817 4842/4842/4842 4818/4818/4818
f 4852/4852/4852 4853/4853/4853 4854/4854/4854
f 4855/4855/4855 4850/4850/4850 4839/4839/4839
f 4749/4749/4749 4688/4688/4688 4732/4732/4732
f 4767/4767/4767 4799/4799/4799 4765/4765/4765
f 4799/4799/4799 4803/4803/4803 4782/4782/4782
f 4781/4781/4781 4783/4783/4783 4744/4744/4744
f 4851/4851/4851 4856/4856/4856 4721/4721/4721
f 4718/4718/4718 4842/4842/4842 4716/4716/4716
f 4649/4649/4649 4857/4857/4857 4643/4643/4643
f 4748/4748/4748 4643/4643/4643 4857/4857/4857
f 4753/4753/4753 4748/4748/4748 4815/4815/4815
f 4798/4798/4798 4787/4787/4787 4750/4750/4750
f 4807/4807/4807 4738/4738/4738 4811/4811/4811
f 4645/4645/4645 4699/4699/4699 4754/4754/4754
f 4814/4814/4814 4846/4846/4846 4815/4815/4815
f 4822/4822/4822 4813/4813/4813 4748/4748/4748
f 4825/4825/4825 4784/4784/4784 4763/4763/4763
f 4836/4836/4836 4795/4795/4795 4797/4797/4797
f 4701/4701/4701 4754/4754/4754 4699/4699/4699
f 4794/4794/4794 4793/4793/4793 4843/4843/4843
f 4730/4730/4730 4729/4729/4729 4647/4647/4647
f 4747/4747/4747 4858/4858/4858 4833/4833/4833
f 4661/4661/4661 4859/4859/4859 4659/4659/4659
f 4860/4860/4860 4761/4761/4761 4681/4681/4681
f 4796/4796/4796 4861/4861/4861 4740/4740/4740
f 4681/4681/4681 4814/4814/4814 4860/4860/4860
f 4739/4739/4739 4813/4813/4813 4849/4849/4849
f 4807/4807/4807 4761/4761/4761 4738/4738/4738
f 4862/4862/4862 4863/4863/4863 4864/4864/4864
f 4865/4865/4865 4866/4866/4866 4867/4867/4867
f 4868/4868/4868 4869/4869/4869 4870/4870/4870
f 4775/4775/4775 4754/4754/4754 4711/4711/4711
f 4871/4871/4871 4865/4865/4865 4872/4872/4872
f 4862/4862/4862 4873/4873/4873 4863/4863/4863
f 4874/4874/4874 4873/4873/4873 4867/4867/4867
f 4863/4863/4863 4873/4873/4873 4874/4874/4874
f 4875/4875/4875 4876/4876/4876 4877/4877/4877
f 4867/4867/4867 4873/4873/4873 4872/4872/4872
f 4867/4867/4867 4872/4872/4872 4865/4865/4865
f 4869/4869/4869 4868/4868/4868 4871/4871/4871
f 4865/4865/4865 4871/4871/4871 4868/4868/4868
f 4865/4865/4865 4868/4868/4868 4866/4866/4866
f 4878/4878/4878 4746/4746/4746 4879/4879/4879
f 4880/4880/4880 4881/4881/4881 4882/4882/4882
f 4883/4883/4883 4884/4884/4884 4885/4885/4885
f 4661/4661/4661 4886/4886/4886 4859/4859/4859
f 4887/4887/4887 4888/4888/4888 4889/4889/4889
f 4890/4890/4890 4891/4891/4891 4892/4892/4892
f 4893/4893/4893 4894/4894/4894 4895/4895/4895
f 4896/4896/4896 4897/4897/4897 4898/4898/4898
f 4899/4899/4899 4900/4900/4900 4901/4901/4901
f 4902/4902/4902 4903/4903/4903 4904/4904/4904
f 4905/4905/4905 4906/4906/4906 4907/4907/4907
f 4908/4908/4908 4909/4909/4909 4905/4905/4905
f 4910/4910/4910 4911/4911/4911 4912/4912/4912
f 4913/4913/4913 4914/4914/4914 4885/4885/4885
f 4915/4915/4915 4895/4895/4895 4894/4894/4894
f 4916/4916/4916 4917/4917/4917 4918/4918/4918
f 4801/4801/4801 4919/4919/4919 4723/4723/4723
f 4889/4889/4889 4888/4888/4888 4920/4920/4920
f 4909/4909/4909 4913/4913/4913 4885/4885/4885
f 4884/4884/4884 4921/4921/4921 4909/4909/4909
f 4892/4892/4892 4922/4922/4922 4923/4923/4923
f 4924/4924/4924 4925/4925/4925 4926/4926/4926
f 4746/4746/4746 4878/4878/4878 4858/4858/4858
f 4924/4924/4924 4926/4926/4926 4895/4895/4895
f 4927/4927/4927 4928/4928/4928 4929/4929/4929
f 4930/4930/4930 4931/4931/4931 4932/4932/4932
f 4896/4896/4896 4927/4927/4927 4933/4933/4933
f 4793/4793/4793 4837/4837/4837 4844/4844/4844
f 4915/4915/4915 4934/4934/4934 4935/4935/4935
f 4936/4936/4936 4937/4937/4937 4938/4938/4938
f 4939/4939/4939 4940/4940/4940 4941/4941/4941
f 4882/4882/4882 4905/4905/4905 4907/4907/4907
f 4906/4906/4906 4942/4942/4942 4907/4907/4907
f 4935/4935/4935 4939/4939/4939 4943/4943/4943
f 4859/4859/4859 4886/4886/4886 4830/4830/4830
f 4889/4889/4889 4908/4908/4908 4944/4944/4944
f 4911/4911/4911 4910/4910/4910 4945/4945/4945
f 4924/4924/4924 4895/4895/4895 4946/4946/4946
f 4736/4736/4736 4735/4735/4735 4793/4793/4793
f 4906/4906/4906 4909/4909/4909 4921/4921/4921
f 4909/4909/4909 4906/4906/4906 4905/4905/4905
f 4889/4889/4889 4920/4920/4920 4908/4908/4908
f 4942/4942/4942 4901/4901/4901 4900/4900/4900
f 4947/4947/4947 4898/4898/4898 4897/4897/4897
f 4917/4917/4917 4916/4916/4916 4948/4948/4948
f 4902/4902/4902 4922/4922/4922 4943/4943/4943
f 4891/4891/4891 4925/4925/4925 4922/4922/4922
f 4949/4949/4949 4950/4950/4950 4951/4951/4951
f 4940/4940/4940 4952/4952/4952 4953/4953/4953
f 4930/4930/4930 4936/4936/4936 4931/4931/4931
f 4939/4939/4939 4903/4903/4903 4902/4902/4902
f 4943/4943/4943 4924/4924/4924 4935/4935/4935
f 4915/4915/4915 4894/4894/4894 4953/4953/4953
f 4934/4934/4934 4953/4953/4953 4952/4952/4952
f 4900/4900/4900 4881/4881/4881 4880/4880/4880
f 4932/4932/4932 4945/4945/4945 4930/4930/4930
f 4954/4954/4954 4896/4896/4896 4898/4898/4898
f 4905/4905/4905 4882/4882/4882 4955/4955/4955
f 4956/4956/4956 4853/4853/4853 4852/4852/4852
f 4957/4957/4957 4958/4958/4958 4931/4931/4931
f 4959/4959/4959 4931/4931/4931 4958/4958/4958
f 4938/4938/4938 4931/4931/4931 4936/4936/4936
f 4911/4911/4911 4932/4932/4932 4959/4959/4959
f 4960/4960/4960 4759/4759/4759 4777/4777/4777
f 4932/4932/4932 4911/4911/4911 4945/4945/4945
f 4961/4961/4961 4920/4920/4920 4888/4888/4888
f 4958/4958/4958 4957/4957/4957 4962/4962/4962
f 4931/4931/4931 4938/4938/4938 4957/4957/4957
f 4958/4958/4958 4881/4881/4881 4959/4959/4959
f 4959/4959/4959 4881/4881/4881 4911/4911/4911
f 4940/4940/4940 4910/4910/4910 4912/4912/4912
f 4889/4889/4889 4950/4950/4950 4963/4963/4963
f 4962/4962/4962 4882/4882/4882 4958/4958/4958
f 4951/4951/4951 4950/4950/4950 4944/4944/4944
f 4881/4881/4881 4958/4958/4958 4882/4882/4882
f 4881/4881/4881 4912/4912/4912 4911/4911/4911
f 4912/4912/4912 4941/4941/4941 4940/4940/4940
f 4962/4962/4962 4951/4951/4951 4882/4882/4882
f 4881/4881/4881 4900/4900/4900 4912/4912/4912
f 4953/4953/4953 4934/4934/4934 4915/4915/4915
f 4939/4939/4939 4935/4935/4935 4952/4952/4952
f 4934/4934/4934 4952/4952/4952 4935/4935/4935
f 4912/4912/4912 4964/4964/4964 4941/4941/4941
f 4951/4951/4951 4962/4962/4962 4949/4949/4949
f 4882/4882/4882 4951/4951/4951 4955/4955/4955
f 4882/4882/4882 4907/4907/4907 4880/4880/4880
f 4900/4900/4900 4899/4899/4899 4912/4912/4912
f 4965/4965/4965 4802/4802/4802 4801/4801/4801
f 4946/4946/4946 4895/4895/4895 4915/4915/4915
f 4852/4852/4852 4966/4966/4966 4967/4967/4967
f 4940/4940/4940 4939/4939/4939 4952/4952/4952
f 4939/4939/4939 4941/4941/4941 4964/4964/4964
f 4906/4906/4906 4921/4921/4921 4942/4942/4942
f 4824/4824/4824 4830/4830/4830 4829/4829/4829
f 4912/4912/4912 4899/4899/4899 4964/4964/4964
f 4944/4944/4944 4955/4955/4955 4951/4951/4951
f 4907/4907/4907 4900/4900/4900 4880/4880/4880
f 4968/4968/4968 4969/4969/4969 4970/4970/4970
f 4947/4947/4947 4893/4893/4893 4895/4895/4895
f 4935/4935/4935 4946/4946/4946 4915/4915/4915
f 4878/4878/4878 4708/4708/4708 4834/4834/4834
f 4939/4939/4939 4902/4902/4902 4943/4943/4943
f 4903/4903/4903 4939/4939/4939 4964/4964/4964
f 4903/4903/4903 4964/4964/4964 4899/4899/4899
f 4961/4961/4961 4909/4909/4909 4920/4920/4920
f 4955/4955/4955 4908/4908/4908 4905/4905/4905
f 4955/4955/4955 4944/4944/4944 4908/4908/4908
f 4942/4942/4942 4900/4900/4900 4907/4907/4907
f 4903/4903/4903 4899/4899/4899 4901/4901/4901
f 4935/4935/4935 4924/4924/4924 4946/4946/4946
f 4924/4924/4924 4943/4943/4943 4925/4925/4925
f 4895/4895/4895 4926/4926/4926 4947/4947/4947
f 4950/4950/4950 4889/4889/4889 4944/4944/4944
f 4901/4901/4901 4942/4942/4942 4921/4921/4921
f 4971/4971/4971 4903/4903/4903 4901/4901/4901
f 4926/4926/4926 4954/4954/4954 4947/4947/4947
f 4925/4925/4925 4943/4943/4943 4922/4922/4922
f 4904/4904/4904 4922/4922/4922 4902/4902/4902
f 4922/4922/4922 4904/4904/4904 4923/4923/4923
f 4909/4909/4909 4908/4908/4908 4920/4920/4920
f 4972/4972/4972 4901/4901/4901 4921/4921/4921
f 4903/4903/4903 4971/4971/4971 4904/4904/4904
f 4973/4973/4973 4971/4971/4971 4901/4901/4901
f 4954/4954/4954 4974/4974/4974 4896/4896/4896
f 4954/4954/4954 4926/4926/4926 4975/4975/4975
f 4947/4947/4947 4954/4954/4954 4898/4898/4898
f 4926/4926/4926 4925/4925/4925 4975/4975/4975
f 4887/4887/4887 4889/4889/4889 4963/4963/4963
f 4972/4972/4972 4921/4921/4921 4884/4884/4884
f 4972/4972/4972 4973/4973/4973 4901/4901/4901
f 4976/4976/4976 4904/4904/4904 4971/4971/4971
f 4973/4973/4973 4976/4976/4976 4971/4971/4971
f 4954/4954/4954 4975/4975/4975 4917/4917/4917
f 4890/4890/4890 4975/4975/4975 4925/4925/4925
f 4925/4925/4925 4891/4891/4891 4890/4890/4890
f 4892/4892/4892 4891/4891/4891 4922/4922/4922
f 4976/4976/4976 4923/4923/4923 4904/4904/4904
f 4961/4961/4961 4913/4913/4913 4909/4909/4909
f 4885/4885/4885 4884/4884/4884 4909/4909/4909
f 4977/4977/4977 4972/4972/4972 4884/4884/4884
f 4918/4918/4918 4917/4917/4917 4975/4975/4975
f 4917/4917/4917 4974/4974/4974 4954/4954/4954
f 4896/4896/4896 4933/4933/4933 4897/4897/4897
f 4975/4975/4975 4890/4890/4890 4918/4918/4918
f 4978/4978/4978 4914/4914/4914 4913/4913/4913
f 4979/4979/4979 4888/4888/4888 4887/4887/4887
f 4961/4961/4961 4888/4888/4888 4978/4978/4978
f 4978/4978/4978 4913/4913/4913 4961/4961/4961
f 4883/4883/4883 4977/4977/4977 4884/4884/4884
f 4917/4917/4917 4929/4929/4929 4974/4974/4974
f 4928/4928/4928 4896/4896/4896 4974/4974/4974
f 4918/4918/4918 4890/4890/4890 4916/4916/4916
f 4890/4890/4890 4892/4892/4892 4916/4916/4916
f 4888/4888/4888 4979/4979/4979 4978/4978/4978
f 4883/4883/4883 4885/4885/4885 4914/4914/4914
f 4929/4929/4929 4917/4917/4917 4948/4948/4948
f 4928/4928/4928 4974/4974/4974 4929/4929/4929
f 4896/4896/4896 4928/4928/4928 4927/4927/4927
f 4931/4931/4931 4959/4959/4959 4932/4932/4932
f 4980/4980/4980 4981/4981/4981 4982/4982/4982
f 4983/4983/4983 4984/4984/4984 4985/4985/4985
f 4986/4986/4986 4987/4987/4987 4988/4988/4988
f 4989/4989/4989 4990/4990/4990 4991/4991/4991
f 4992/4992/4992 4914/4914/4914 4978/4978/4978
f 4993/4993/4993 4994/4994/4994 4995/4995/4995
f 4996/4996/4996 4997/4997/4997 4798/4798/4798
f 4998/4998/4998 4983/4983/4983 4999/4999/4999
f 4662/4662/4662 5000/5000/5000 5001/5001/5001
f 4916/4916/4916 5002/5002/5002 4948/4948/4948
f 5003/5003/5003 4991/4991/4991 4990/4990/4990
f 4999/4999/4999 5004/5004/5004 4998/4998/4998
f 4923/4923/4923 4976/4976/4976 5005/5005/5005
f 5006/5006/5006 5007/5007/5007 5008/5008/5008
f 4985/4985/4985 4984/4984/4984 5009/5009/5009
f 5001/5001/5001 4663/4663/4663 4662/4662/4662
f 5010/5010/5010 4990/4990/4990 5011/5011/5011
f 5012/5012/5012 5013/5013/5013 4982/4982/4982
f 5014/5014/5014 5015/5015/5015 4795/4795/4795
f 5016/5016/5016 5017/5017/5017 5018/5018/5018
f 4840/4840/4840 5019/5019/5019 5020/5020/5020
f 5005/5005/5005 5021/5021/5021 5022/5022/5022
f 5023/5023/5023 5005/5005/5005 5022/5022/5022
f 5024/5024/5024 5025/5025/5025 5019/5019/5019
f 5026/5026/5026 5027/5027/5027 4823/4823/4823
f 4983/4983/4983 4998/4998/4998 4984/4984/4984
f 5019/5019/5019 4831/4831/4831 5024/5024/5024
f 5018/5018/5018 5028/5028/5028 5029/5029/5029
f 5030/5030/5030 5031/5031/5031 4973/4973/4973
f 5032/5032/5032 5007/5007/5007 5033/5033/5033
f 4843/4843/4843 5034/5034/5034 4794/4794/4794
f 5035/5035/5035 5036/5036/5036 5037/5037/5037
f 5038/5038/5038 5039/5039/5039 5026/5026/5026
f 5040/5040/5040 5041/5041/5041 5042/5042/5042
f 4668/4668/4668 5043/5043/5043 5044/5044/5044
f 4687/4687/4687 4680/4680/4680 5037/5037/5037
f 5045/5045/5045 5046/5046/5046 5036/5036/5036
f 4981/4981/4981 5012/5012/5012 4982/4982/4982
f 4984/4984/4984 4998/4998/4998 5047/5047/5047
f 5031/5031/5031 4976/4976/4976 4973/4973/4973
f 5048/5048/5048 5032/5032/5032 5021/5021/5021
f 5032/5032/5032 5033/5033/5033 5049/5049/5049
f 5047/5047/5047 5050/5050/5050 5051/5051/5051
f 5016/5016/5016 5018/5018/5018 5029/5029/5029
f 5016/5016/5016 5052/5052/5052 5053/5053/5053
f 5045/5045/5045 5054/5054/5054 4995/4995/4995
f 5050/5050/5050 5047/5047/5047 4993/4993/4993
f 5055/5055/5055 5056/5056/5056 5057/5057/5057
f 4981/4981/4981 4927/4927/4927 5012/5012/5012
f 5058/5058/5058 5028/5028/5028 5018/5018/5018
f 4989/4989/4989 5059/5059/5059 5058/5058/5058
f 4702/4702/4702 4746/4746/4746 4655/4655/4655
f 4795/4795/4795 5015/5015/5015 4819/4819/4819
f 5009/5009/5009 4984/4984/4984 5060/5060/5060
f 4916/4916/4916 4987/4987/4987 5001/5001/5001
f 4986/4986/4986 4663/4663/4663 5001/5001/5001
f 5052/5052/5052 4992/4992/4992 5053/5053/5053
f 4980/4980/4980 5061/5061/5061 5062/5062/5062
f 5063/5063/5063 4989/4989/4989 4991/4991/4991
f 5064/5064/5064 5065/5065/5065 5056/5056/5056
f 5066/5066/5066 4771/4771/4771 4769/4769/4769
f 4988/4988/4988 5022/5022/5022 5032/5032/5032
f 5048/5048/5048 5008/5008/5008 5007/5007/5007
f 5011/5011/5011 5058/5058/5058 5017/5017/5017
f 5067/5067/5067 5044/5044/5044 5068/5068/5068
f 4981/4981/4981 5069/5069/5069 4927/4927/4927
f 5001/5001/5001 4987/4987/4987 4986/4986/4986
f 5070/5070/5070 5071/5071/5071 5072/5072/5072
f 4892/4892/4892 5023/5023/5023 4988/4988/4988
f 5073/5073/5073 5028/5028/5028 5074/5074/5074
f 5075/5075/5075 5059/5059/5059 4989/4989/4989
f 4989/4989/4989 5058/5058/5058 4990/4990/4990
f 5058/5058/5058 5018/5018/5018 5017/5017/5017
f 5071/5071/5071 5076/5076/5076 5014/5014/5014
f 5077/5077/5077 5027/5027/5027 5039/5039/5039
f 5019/5019/5019 4840/4840/4840 4831/4831/4831
f 5029/5029/5029 5028/5028/5028 5052/5052/5052
f 5052/5052/5052 5073/5073/5073 4883/4883/4883
f 5078/5078/5078 4991/4991/4991 5003/5003/5003
f 4977/4977/4977 4883/4883/4883 4985/4985/4985
f 5012/5012/5012 5055/5055/5055 5013/5013/5013
f 5053/5053/5053 5079/5079/5079 5016/5016/5016
f 4990/4990/4990 5080/5080/5080 5003/5003/5003
f 5038/5038/5038 5026/5026/5026 4669/4669/4669
f 5074/5074/5074 4983/4983/4983 4985/4985/4985
f 5052/5052/5052 5028/5028/5028 5073/5073/5073
f 5020/5020/5020 5019/5019/5019 5025/5025/5025
f 4732/4732/4732 4687/4687/4687 5081/5081/5081
f 5048/5048/5048 5007/5007/5007 5032/5032/5032
f 5005/5005/5005 4892/4892/4892 4923/4923/4923
f 5025/5025/5025 5082/5082/5082 5083/5083/5083
f 5050/5050/5050 5006/5006/5006 5051/5051/5051
f 5078/5078/5078 5003/5003/5003 5039/5039/5039
f 4995/4995/4995 5084/5084/5084 5045/5045/5045
f 5077/5077/5077 5024/5024/5024 5027/5027/5027
f 5082/5082/5082 5085/5085/5085 5083/5083/5083
f 5007/5007/5007 5050/5050/5050 5040/5040/5040
f 5082/5082/5082 5025/5025/5025 5024/5024/5024
f 5046/5046/5046 4996/4996/4996 4798/4798/4798
f 5082/5082/5082 5024/5024/5024 5077/5077/5077
f 4990/4990/4990 5010/5010/5010 5080/5080/5080
f 5085/5085/5085 5082/5082/5082 5080/5080/5080
f 4823/4823/4823 5024/5024/5024 4831/4831/4831
f 4990/4990/4990 5058/5058/5058 5011/5011/5011
f 5086/5086/5086 5087/5087/5087 4691/4691/4691
f 5082/5082/5082 5077/5077/5077 5080/5080/5080
f 5088/5088/5088 4854/4854/4854 4877/4877/4877
f 5027/5027/5027 5024/5024/5024 4823/4823/4823
f 5089/5089/5089 5055/5055/5055 5076/5076/5076
f 5003/5003/5003 5080/5080/5080 5077/5077/5077
f 5055/5055/5055 5089/5089/5089 5013/5013/5013
f 4668/4668/4668 4780/4780/4780 4997/4997/4997
f 5026/5026/5026 5039/5039/5039 5027/5027/5027
f 5077/5077/5077 5039/5039/5039 5003/5003/5003
f 5026/5026/5026 4823/4823/4823 4669/4669/4669
f 5016/5016/5016 5029/5029/5029 5052/5052/5052
f 5053/5053/5053 5090/5090/5090 5079/5079/5079
f 5028/5028/5028 5058/5058/5058 5059/5059/5059
f 4992/4992/4992 4978/4978/4978 5090/5090/5090
f 5042/5042/5042 5035/5035/5035 4679/4679/4679
f 5078/5078/5078 5063/5063/5063 4991/4991/4991
f 4854/4854/4854 4966/4966/4966 4852/4852/4852
f 5053/5053/5053 4992/4992/4992 5090/5090/5090
f 5059/5059/5059 4999/4999/4999 5028/5028/5028
f 4878/4878/4878 4833/4833/4833 4858/4858/4858
f 4989/4989/4989 5063/5063/5063 5075/5075/5075
f 5078/5078/5078 5067/5067/5067 5063/5063/5063
f 5038/5038/5038 5078/5078/5078 5039/5039/5039
f 5059/5059/5059 5075/5075/5075 5004/5004/5004
f 4668/4668/4668 5038/5038/5038 4669/4669/4669
f 5052/5052/5052 4914/4914/4914 4992/4992/4992
f 5074/5074/5074 5028/5028/5028 4999/4999/4999
f 5004/5004/5004 4999/4999/4999 5059/5059/5059
f 4968/4968/4968 4876/4876/4876 4969/4969/4969
f 5000/5000/5000 4827/4827/4827 5091/5091/5091
f 5092/5092/5092 5075/5075/5075 5063/5063/5063
f 5063/5063/5063 5067/5067/5067 5092/5092/5092
f 5078/5078/5078 5038/5038/5038 5067/5067/5067
f 5092/5092/5092 5004/5004/5004 5075/5075/5075
f 5038/5038/5038 4668/4668/4668 5044/5044/5044
f 4914/4914/4914 5052/5052/5052 4883/4883/4883
f 4999/4999/4999 4983/4983/4983 5074/5074/5074
f 5093/5093/5093 5092/5092/5092 5067/5067/5067
f 5044/5044/5044 5067/5067/5067 5038/5038/5038
f 5092/5092/5092 4993/4993/4993 5004/5004/5004
f 5073/5073/5073 5074/5074/5074 4883/4883/4883
f 4827/4827/4827 5065/5065/5065 5091/5091/5091
f 4993/4993/4993 4998/4998/4998 5004/5004/5004
f 4981/4981/4981 5062/5062/5062 5069/5069/5069
f 5068/5068/5068 5093/5093/5093 5067/5067/5067
f 5093/5093/5093 4993/4993/4993 5092/5092/5092
f 5068/5068/5068 5044/5044/5044 5043/5043/5043
f 5043/5043/5043 4668/4668/4668 4997/4997/4997
f 4985/4985/4985 4883/4883/4883 5074/5074/5074
f 4998/4998/4998 4993/4993/4993 5047/5047/5047
f 4994/4994/4994 5093/5093/5093 5068/5068/5068
f 5033/5033/5033 5094/5094/5094 5049/5049/5049
f 4993/4993/4993 5093/5093/5093 4994/4994/4994
f 5068/5068/5068 5043/5043/5043 5084/5084/5084
f 5084/5084/5084 5043/5043/5043 4997/4997/4997
f 5084/5084/5084 4994/4994/4994 5068/5068/5068
f 4997/4997/4997 4780/4780/4780 4798/4798/4798
f 5045/5045/5045 5084/5084/5084 4997/4997/4997
f 5030/5030/5030 4977/4977/4977 4985/4985/4985
f 5009/5009/5009 5030/5030/5030 4985/4985/4985
f 5051/5051/5051 4984/4984/4984 5047/5047/5047
f 4993/4993/4993 5054/5054/5054 5050/5050/5050
f 5084/5084/5084 4995/4995/4995 4994/4994/4994
f 4995/4995/4995 5054/5054/5054 4993/4993/4993
f 4997/4997/4997 4996/4996/4996 5045/5045/5045
f 4972/4972/4972 4977/4977/4977 5030/5030/5030
f 5060/5060/5060 5031/5031/5031 5009/5009/5009
f 4663/4663/4663 4986/4986/4986 4810/4810/4810
f 5064/5064/5064 4948/4948/4948 5091/5091/5091
f 4984/4984/4984 5051/5051/5051 5060/5060/5060
f 4707/4707/4707 4859/4859/4859 4830/4830/4830
f 5009/5009/5009 5031/5031/5031 5030/5030/5030
f 5040/5040/5040 5050/5050/5050 5054/5054/5054
f 4996/4996/4996 5046/5046/5046 5045/5045/5045
f 4973/4973/4973 4972/4972/4972 5030/5030/5030
f 5021/5021/5021 5031/5031/5031 5060/5060/5060
f 5051/5051/5051 5008/5008/5008 5060/5060/5060
f 4927/4927/4927 5069/5069/5069 4933/4933/4933
f 5008/5008/5008 5051/5051/5051 5006/5006/5006
f 5007/5007/5007 5006/5006/5006 5050/5050/5050
f 5040/5040/5040 5054/5054/5054 5041/5041/5041
f 5054/5054/5054 5045/5045/5045 5041/5041/5041
f 4798/4798/4798 5081/5081/5081 5046/5046/5046
f 5048/5048/5048 5021/5021/5021 5060/5060/5060
f 5031/5031/5031 5021/5021/5021 5095/5095/5095
f 4713/4713/4713 4844/4844/4844 4837/4837/4837
f 5060/5060/5060 5008/5008/5008 5048/5048/5048
f 5007/5007/5007 5040/5040/5040 5096/5096/5096
f 5045/5045/5045 5036/5036/5036 5041/5041/5041
f 5081/5081/5081 4798/4798/4798 4732/4732/4732
f 5081/5081/5081 5037/5037/5037 5046/5046/5046
f 5046/5046/5046 5037/5037/5037 5036/5036/5036
f 5021/5021/5021 5005/5005/5005 5095/5095/5095
f 4976/4976/4976 5031/5031/5031 5095/5095/5095
f 5042/5042/5042 5096/5096/5096 5040/5040/5040
f 5033/5033/5033 5007/5007/5007 5096/5096/5096
f 5036/5036/5036 5042/5042/5042 5041/5041/5041
f 4687/4687/4687 5037/5037/5037 5081/5081/5081
f 5021/5021/5021 5032/5032/5032 5022/5022/5022
f 5095/5095/5095 5005/5005/5005 4976/4976/4976
f 5033/5033/5033 5096/5096/5096 5042/5042/5042
f 5042/5042/5042 5036/5036/5036 5035/5035/5035
f 4756/4756/4756 4755/4755/4755 5097/5097/5097
f 5035/5035/5035 5037/5037/5037 4679/4679/4679
f 4854/4854/4854 5098/5098/5098 4966/4966/4966
f 5033/5033/5033 5042/5042/5042 4808/4808/4808
f 5037/5037/5037 4680/4680/4680 4679/4679/4679
f 4988/4988/4988 5023/5023/5023 5022/5022/5022
f 4919/4919/4919 4800/4800/4800 4844/4844/4844
f 5049/5049/5049 4988/4988/4988 5032/5032/5032
f 5005/5005/5005 5023/5023/5023 4892/4892/4892
f 5033/5033/5033 4808/4808/4808 5094/5094/5094
f 5042/5042/5042 4679/4679/4679 4808/4808/4808
f 4986/4986/4986 4988/4988/4988 5049/5049/5049
f 4986/4986/4986 5049/5049/5049 5094/5094/5094
f 4987/4987/4987 4892/4892/4892 4988/4988/4988
f 5094/5094/5094 4810/4810/4810 4986/4986/4986
f 4892/4892/4892 4987/4987/4987 4916/4916/4916
f 4916/4916/4916 5001/5001/5001 5002/5002/5002
f 5001/5001/5001 5000/5000/5000 5002/5002/5002
f 5002/5002/5002 5091/5091/5091 4948/4948/4948
f 5000/5000/5000 5091/5091/5091 5002/5002/5002
f 4827/4827/4827 5000/5000/5000 4662/4662/4662
f 5064/5064/5064 5091/5091/5091 5065/5065/5065
f 5099/5099/5099 4966/4966/4966 4768/4768/4768
f 5064/5064/5064 4929/4929/4929 4948/4948/4948
f 5064/5064/5064 5056/5056/5056 4929/4929/4929
f 5015/5015/5015 5065/5065/5065 4827/4827/4827
f 5056/5056/5056 5065/5065/5065 5057/5057/5057
f 4929/4929/4929 5056/5056/5056 5012/5012/5012
f 5065/5065/5065 5015/5015/5015 5057/5057/5057
f 5012/5012/5012 4927/4927/4927 4929/4929/4929
f 5056/5056/5056 5055/5055/5055 5012/5012/5012
f 5055/5055/5055 5057/5057/5057 5014/5014/5014
f 5015/5015/5015 5014/5014/5014 5057/5057/5057
f 5014/5014/5014 5076/5076/5076 5055/5055/5055
f 5071/5071/5071 5014/5014/5014 4795/4795/4795
f 5089/5089/5089 5100/5100/5100 5013/5013/5013
f 5100/5100/5100 4982/4982/4982 5013/5013/5013
f 4708/4708/4708 4710/4710/4710 5088/5088/5088
f 5071/5071/5071 4795/4795/4795 5072/5072/5072
f 5062/5062/5062 4933/4933/4933 5069/5069/5069
f 4981/4981/4981 4980/4980/4980 5062/5062/5062
f 5070/5070/5070 5072/5072/5072 5101/5101/5101
f 4843/4843/4843 4802/4802/4802 5034/5034/5034
f 5100/5100/5100 4980/4980/4980 4982/4982/4982
f 4844/4844/4844 4800/4800/4800 4843/4843/4843
f 4858/4858/4858 4655/4655/4655 4746/4746/4746
f 5098/5098/5098 4854/4854/4854 4710/4710/4710
f 4794/4794/4794 5034/5034/5034 4792/4792/4792
f 4956/4956/4956 4778/4778/4778 4791/4791/4791
f 4802/4802/4802 5102/5102/5102 5034/5034/5034
f 4777/4777/4777 4816/4816/4816 5103/5103/5103
f 4705/4705/4705 5104/5104/5104 4706/4706/4706
f 4833/4833/4833 4878/4878/4878 4834/4834/4834
f 4968/4968/4968 5105/5105/5105 4876/4876/4876
f 5106/5106/5106 4693/4693/4693 4695/4695/4695
f 4690/4690/4690 4689/4689/4689 4786/4786/4786
f 4757/4757/4757 4833/4833/4833 4832/4832/4832
f 4834/4834/4834 5105/5105/5105 4832/4832/4832
f 4781/4781/4781 4969/4969/4969 5107/5107/5107
f 5097/5097/5097 4829/4829/4829 4704/4704/4704
f 4965/4965/4965 5108/5108/5108 5109/5109/5109
f 4799/4799/4799 4781/4781/4781 5107/5107/5107
f 4876/4876/4876 5110/5110/5110 5107/5107/5107
f 5111/5111/5111 4879/4879/4879 4758/4758/4758
f 5110/5110/5110 4876/4876/4876 4875/4875/4875
f 5112/5112/5112 5113/5113/5113 5114/5114/5114
f 4785/4785/4785 4752/4752/4752 4691/4691/4691
f 4752/4752/4752 4785/4785/4785 5115/5115/5115
f 4712/4712/4712 4844/4844/4844 4713/4713/4713
f 4791/4791/4791 4853/4853/4853 4956/4956/4956
f 4801/4801/4801 5116/5116/5116 5117/5117/5117
f 4771/4771/4771 4790/4790/4790 5118/5118/5118
f 5119/5119/5119 5120/5120/5120 5121/5121/5121
f 4770/4770/4770 4772/4772/4772 5119/5119/5119
f 4790/4790/4790 4760/4760/4760 4960/4960/4960
f 4760/4760/4760 5111/5111/5111 4758/4758/4758
f 4708/4708/4708 4878/4878/4878 5111/5111/5111
f 4804/4804/4804 5106/5106/5106 4661/4661/4661
f 4691/4691/4691 5087/5087/5087 4689/4689/4689
f 4723/4723/4723 4919/4919/4919 4844/4844/4844
f 4877/4877/4877 5122/5122/5122 4875/4875/4875
f 4711/4711/4711 4701/4701/4701 4742/4742/4742
f 4968/4968/4968 4970/4970/4970 4715/4715/4715
f 4800/4800/4800 4802/4802/4802 4843/4843/4843
f 5123/5123/5123 5099/5099/5099 4768/4768/4768
f 4956/4956/4956 4967/4967/4967 4773/4773/4773
f 4769/4769/4769 5098/5098/5098 5066/5066/5066
f 4752/4752/4752 5104/5104/5104 4751/4751/4751
f 5114/5114/5114 4671/4671/4671 4673/4673/4673
f 5088/5088/5088 5105/5105/5105 4834/4834/4834
f 4723/4723/4723 4844/4844/4844 4712/4712/4712
f 4768/4768/4768 4966/4966/4966 4769/4769/4769
f 4712/4712/4712 5124/5124/5124 5125/5125/5125
f 4773/4773/4773 4967/4967/4967 5126/5126/5126
f 4771/4771/4771 5066/5066/5066 4789/4789/4789
f 4693/4693/4693 5106/5106/5106 4804/4804/4804
f 5123/5123/5123 4768/4768/4768 5117/5117/5117
f 4759/4759/4759 4960/4960/4960 4760/4760/4760
f 4675/4675/4675 4678/4678/4678 4731/4731/4731
f 4711/4711/4711 4713/4713/4713 4775/4775/4775
f 4682/4682/4682 4737/4737/4737 4658/4658/4658
f 4719/4719/4719 4737/4737/4737 4698/4698/4698
f 5124/5124/5124 4712/4712/4712 4711/4711/4711
f 4725/4725/4725 5117/5117/5117 5116/5116/5116
f 4673/4673/4673 4775/4775/4775 4683/4683/4683
f 5103/5103/5103 4772/4772/4772 5118/5118/5118
f 4830/4830/4830 4886/4886/4886 5127/5127/5127
f 4970/4970/4970 4781/4781/4781 4744/4744/4744
f 4790/4790/4790 5103/5103/5103 5118/5118/5118
f 4747/4747/4747 4655/4655/4655 4858/4858/4858
f 4724/4724/4724 4774/4774/4774 4725/4725/4725
f 4829/4829/4829 5097/5097/5097 4824/4824/4824
f 4725/4725/4725 5123/5123/5123 5117/5117/5117
f 4771/4771/4771 5118/5118/5118 4772/4772/4772
f 4708/4708/4708 5111/5111/5111 4709/4709/4709
f 4832/4832/4832 4968/4968/4968 4715/4715/4715
f 4772/4772/4772 5103/5103/5103 5120/5120/5120
f 5119/5119/5119 5128/5128/5128 4770/4770/4770
f 5066/5066/5066 5111/5111/5111 4789/4789/4789
f 4776/4776/4776 4777/4777/4777 4759/4759/4759
f 4690/4690/4690 4785/4785/4785 4691/4691/4691
f 4956/4956/4956 4773/4773/4773 4778/4778/4778
f 4722/4722/4722 5116/5116/5116 4801/4801/4801
f 4747/4747/4747 4677/4677/4677 4659/4659/4659
f 5088/5088/5088 4877/4877/4877 5105/5105/5105
f 4854/4854/4854 4853/4853/4853 5129/5129/5129
f 4751/4751/4751 5086/5086/5086 4691/4691/4691
f 5124/5124/5124 4742/4742/4742 5125/5125/5125
f 4786/4786/4786 4785/4785/4785 4690/4690/4690
f 4723/4723/4723 4712/4712/4712 5125/5125/5125
f 4790/4790/4790 4771/4771/4771 4789/4789/4789
f 4968/4968/4968 4832/4832/4832 5105/5105/5105
f 5122/5122/5122 4799/4799/4799 5110/5110/5110
f 4847/4847/4847 4698/4698/4698 4818/4818/4818
f 4832/4832/4832 4715/4715/4715 4714/4714/4714
f 5116/5116/5116 4722/4722/4722 4725/4725/4725
f 4754/4754/4754 4701/4701/4701 4711/4711/4711
f 4769/4769/4769 4772/4772/4772 4770/4770/4770
f 4769/4769/4769 4966/4966/4966 5098/5098/5098
f 5101/5101/5101 4835/4835/4835 5113/5113/5113
f 5130/5130/5130 5108/5108/5108 5119/5119/5119
f 4731/4731/4731 4804/4804/4804 4661/4661/4661
f 4879/4879/4879 4776/4776/4776 4759/4759/4759
f 4723/4723/4723 4722/4722/4722 4801/4801/4801
f 4725/4725/4725 4774/4774/4774 5126/5126/5126
f 5121/5121/5121 5130/5130/5130 5119/5119/5119
f 5117/5117/5117 4768/4768/4768 5128/5128/5128
f 4854/4854/4854 5122/5122/5122 4877/4877/4877
f 5102/5102/5102 4802/4802/4802 4965/4965/4965
f 4735/4735/4735 4726/4726/4726 4837/4837/4837
f 4719/4719/4719 4698/4698/4698 4697/4697/4697
f 4789/4789/4789 5111/5111/5111 4760/4760/4760
f 4714/4714/4714 4656/4656/4656 4674/4674/4674
f 5125/5125/5125 4742/4742/4742 4774/4774/4774
f 4816/4816/4816 4703/4703/4703 5131/5131/5131
f 4675/4675/4675 4731/4731/4731 4660/4660/4660
f 4702/4702/4702 4654/4654/4654 4786/4786/4786
f 5066/5066/5066 5098/5098/5098 4710/4710/4710
f 5131/5131/5131 4703/4703/4703 4689/4689/4689
f 4725/4725/4725 5132/5132/5132 5123/5123/5123
f 4828/4828/4828 4830/4830/4830 5127/5127/5127
f 4677/4677/4677 4747/4747/4747 4676/4676/4676
f 4737/4737/4737 4682/4682/4682 4818/4818/4818
f 4772/4772/4772 5120/5120/5120 5119/5119/5119
f 4698/4698/4698 4847/4847/4847 4696/4696/4696
f 4878/4878/4878 4879/4879/4879 5111/5111/5111
f 4773/4773/4773 5126/5126/5126 4774/4774/4774
f 4854/4854/4854 5088/5088/5088 4710/4710/4710
f 4709/4709/4709 5111/5111/5111 5066/5066/5066
f 4711/4711/4711 4742/4742/4742 5124/5124/5124
f 4818/4818/4818 4698/4698/4698 4737/4737/4737
f 4727/4727/4727 4726/4726/4726 4735/4735/4735
f 5128/5128/5128 5108/5108/5108 5117/5117/5117
f 5122/5122/5122 4854/4854/4854 5129/5129/5129
f 4653/4653/4653 4755/4755/4755 4654/4654/4654
f 4781/4781/4781 4970/4970/4970 4969/4969/4969
f 4724/4724/4724 5125/5125/5125 4774/4774/4774
f 4747/4747/4747 4659/4659/4659 4707/4707/4707
f 4726/4726/4726 4683/4683/4683 4775/4775/4775
f 5108/5108/5108 5130/5130/5130 5109/5109/5109
f 5066/5066/5066 4710/4710/4710 4709/4709/4709
f 4801/4801/4801 4800/4800/4800 4919/4919/4919
f 4756/4756/4756 5097/5097/5097 5133/5133/5133
f 5132/5132/5132 5099/5099/5099 5123/5123/5123
f 4746/4746/4746 4776/4776/4776 4879/4879/4879
f 5115/5115/5115 4756/4756/4756 5133/5133/5133
f 4876/4876/4876 5105/5105/5105 4877/4877/4877
f 5128/5128/5128 4768/4768/4768 4770/4770/4770
f 5127/5127/5127 4886/4886/4886 5134/5134/5134
f 4689/4689/4689 4702/4702/4702 4786/4786/4786
f 4956/4956/4956 4852/4852/4852 4967/4967/4967
f 4965/4965/4965 5117/5117/5117 5108/5108/5108
f 4704/4704/4704 5135/5135/5135 5097/5097/5097
f 4965/4965/4965 4801/4801/4801 5117/5117/5117
f 4851/4851/4851 4696/4696/4696 4847/4847/4847
f 4758/4758/4758 4879/4879/4879 4759/4759/4759
f 4676/4676/4676 4714/4714/4714 4674/4674/4674
f 5132/5132/5132 4725/4725/4725 4967/4967/4967
f 5103/5103/5103 4790/4790/4790 4960/4960/4960
f 4757/4757/4757 4747/4747/4747 4833/4833/4833
f 5133/5133/5133 5097/5097/5097 5135/5135/5135
f 5115/5115/5115 5104/5104/5104 4752/4752/4752
f 4969/4969/4969 4876/4876/4876 5107/5107/5107
f 5133/5133/5133 5104/5104/5104 5115/5115/5115
f 5129/5129/5129 4799/4799/4799 5122/5122/5122
f 5126/5126/5126 4967/4967/4967 4725/4725/4725
f 4834/4834/4834 4708/4708/4708 5088/5088/5088
f 5133/5133/5133 5135/5135/5135 5104/5104/5104
f 4791/4791/4791 5129/5129/5129 4853/4853/4853
f 4886/4886/4886 5106/5106/5106 5134/5134/5134
f 4713/4713/4713 4726/4726/4726 4775/4775/4775
f 4696/4696/4696 4694/4694/4694 4804/4804/4804
f 4715/4715/4715 4970/4970/4970 4744/4744/4744
f 4875/4875/4875 5122/5122/5122 5110/5110/5110
f 5134/5134/5134 5106/5106/5106 4695/4695/4695
f 4777/4777/4777 5103/5103/5103 4960/4960/4960
f 5132/5132/5132 4966/4966/4966 5099/5099/5099
f 5135/5135/5135 4704/4704/4704 4706/4706/4706
f 5107/5107/5107 5110/5110/5110 4799/4799/4799
f 4837/4837/4837 4726/4726/4726 4713/4713/4713
f 4694/4694/4694 4693/4693/4693 4804/4804/4804
f 4667/4667/4667 4817/4817/4817 4682/4682/4682
f 5119/5119/5119 5108/5108/5108 5128/5128/5128
f 5104/5104/5104 5135/5135/5135 4706/4706/4706
f 4835/4835/4835 4671/4671/4671 5114/5114/5114
f 4719/4719/4719 4697/4697/4697 4678/4678/4678
f 4696/4696/4696 4851/4851/4851 4721/4721/4721
f 4678/4678/4678 4804/4804/4804 4731/4731/4731
f 5132/5132/5132 4967/4967/4967 4966/4966/4966
f 5136/5136/5136 5137/5137/5137 5138/5138/5138
f 5137/5137/5137 5139/5139/5139 5140/5140/5140
f 5141/5141/5141 5142/5142/5142 5143/5143/5143
f 5138/5138/5138 5144/5144/5144 5145/5145/5145
f 5146/5146/5146 5145/5145/5145 5147/5147/5147
f 5148/5148/5148 5140/5140/5140 5149/5149/5149
f 5150/5150/5150 5151/5151/5151 5152/5152/5152
f 5153/5153/5153 5120/5120/5120 5103/5103/5103
f 5154/5154/5154 5155/5155/5155 5156/5156/5156
f 5149/5149/5149 5140/5140/5140 5157/5157/5157
f 5141/5141/5141 5143/5143/5143 5137/5137/5137
f 5158/5158/5158 5159/5159/5159 5160/5160/5160
f 5139/5139/5139 5161/5161/5161 5157/5157/5157
f 5138/5138/5138 5146/5146/5146 5136/5136/5136
f 5142/5142/5142 5087/5087/5087 5139/5139/5139
f 5141/5141/5141 5162/5162/5162 5163/5163/5163
f 5137/5137/5137 5136/5136/5136 5141/5141/5141
f 5149/5149/5149 5164/5164/5164 5148/5148/5148
f 5165/5165/5165 5166/5166/5166 4864/4864/4864
f 5167/5167/5167 5157/5157/5157 5168/5168/5168
f 5165/5165/5165 5148/5148/5148 5166/5166/5166
f 5136/5136/5136 5169/5169/5169 5162/5162/5162
f 5168/5168/5168 5157/5157/5157 5161/5161/5161
f 5165/5165/5165 5144/5144/5144 5137/5137/5137
f 5142/5142/5142 5170/5170/5170 5131/5131/5131
f 5161/5161/5161 5087/5087/5087 5086/5086/5086
f 5168/5168/5168 5161/5161/5161 5171/5171/5171
f 5156/5156/5156 5150/5150/5150 5172/5172/5172
f 5173/5173/5173 5174/5174/5174 5175/5175/5175
f 5145/5145/5145 5146/5146/5146 5138/5138/5138
f 5136/5136/5136 5146/5146/5146 5169/5169/5169
f 5167/5167/5167 5164/5164/5164 5157/5157/5157
f 5153/5153/5153 5162/5162/5162 5175/5175/5175
f 5176/5176/5176 5177/5177/5177 5178/5178/5178
f 5163/5163/5163 5162/5162/5162 5153/5153/5153
f 5151/5151/5151 5179/5179/5179 5180/5180/5180
f 5165/5165/5165 5137/5137/5137 5148/5148/5148
f 5142/5142/5142 5141/5141/5141 5163/5163/5163
f 5181/5181/5181 5182/5182/5182 5183/5183/5183
f 5170/5170/5170 5142/5142/5142 5163/5163/5163
f 5184/5184/5184 5144/5144/5144 5165/5165/5165
f 5185/5185/5185 5186/5186/5186 5187/5187/5187
f 5178/5178/5178 5188/5188/5188 5176/5176/5176
f 5161/5161/5161 5086/5086/5086 4751/4751/4751
f 5189/5189/5189 5190/5190/5190 5191/5191/5191
f 4816/4816/4816 5131/5131/5131 5170/5170/5170
f 5144/5144/5144 5191/5191/5191 5145/5145/5145
f 5162/5162/5162 5169/5169/5169 5175/5175/5175
f 5087/5087/5087 5161/5161/5161 5139/5139/5139
f 5175/5175/5175 5169/5169/5169 5173/5173/5173
f 5138/5138/5138 5137/5137/5137 5144/5144/5144
f 5155/5155/5155 5154/5154/5154 5192/5192/5192
f 5192/5192/5192 5174/5174/5174 5173/5173/5173
f 5184/5184/5184 5165/5165/5165 5189/5189/5189
f 5193/5193/5193 5194/5194/5194 5195/5195/5195
f 5153/5153/5153 5196/5196/5196 5120/5120/5120
f 5157/5157/5157 5140/5140/5140 5139/5139/5139
f 5172/5172/5172 5186/5186/5186 5185/5185/5185
f 5171/5171/5171 5161/5161/5161 4751/4751/4751
f 5191/5191/5191 5190/5190/5190 5197/5197/5197
f 5159/5159/5159 4792/4792/4792 5034/5034/5034
f 5177/5177/5177 5198/5198/5198 5178/5178/5178
f 5171/5171/5171 5199/5199/5199 5168/5168/5168
f 5140/5140/5140 5148/5148/5148 5137/5137/5137
f 5139/5139/5139 5143/5143/5143 5142/5142/5142
f 5192/5192/5192 5173/5173/5173 5155/5155/5155
f 5200/5200/5200 5193/5193/5193 5197/5197/5197
f 5162/5162/5162 5141/5141/5141 5136/5136/5136
f 5191/5191/5191 5188/5188/5188 5145/5145/5145
f 5179/5179/5179 5176/5176/5176 5195/5195/5195
f 5147/5147/5147 5145/5145/5145 5201/5201/5201
f 5202/5202/5202 5203/5203/5203 5204/5204/5204
f 5200/5200/5200 5194/5194/5194 5193/5193/5193
f 5196/5196/5196 5153/5153/5153 5175/5175/5175
f 5165/5165/5165 4874/4874/4874 5189/5189/5189
f 5191/5191/5191 5184/5184/5184 5189/5189/5189
f 4874/4874/4874 5165/5165/5165 4863/4863/4863
f 5199/5199/5199 5167/5167/5167 5168/5168/5168
f 4863/4863/4863 5165/5165/5165 4864/4864/4864
f 5139/5139/5139 5137/5137/5137 5143/5143/5143
f 5157/5157/5157 5164/5164/5164 5149/5149/5149
f 5104/5104/5104 5199/5199/5199 5171/5171/5171
f 5170/5170/5170 5153/5153/5153 4816/4816/4816
f 5197/5197/5197 5188/5188/5188 5191/5191/5191
f 5196/5196/5196 5175/5175/5175 5174/5174/5174
f 5147/5147/5147 5169/5169/5169 5146/5146/5146
f 5197/5197/5197 4866/4866/4866 4868/4868/4868
f 5156/5156/5156 5198/5198/5198 5150/5150/5150
f 5144/5144/5144 5184/5184/5184 5191/5191/5191
f 5205/5205/5205 5109/5109/5109 5206/5206/5206
f 5087/5087/5087 5142/5142/5142 5131/5131/5131
f 4874/4874/4874 4867/4867/4867 5189/5189/5189
f 5171/5171/5171 4751/4751/4751 5104/5104/5104
f 4705/4705/4705 5199/5199/5199 5104/5104/5104
f 5202/5202/5202 5151/5151/5151 5180/5180/5180
f 5197/5197/5197 5176/5176/5176 5188/5188/5188
f 5194/5194/5194 5203/5203/5203 5180/5180/5180
f 5145/5145/5145 5188/5188/5188 5201/5201/5201
f 5201/5201/5201 5188/5188/5188 5178/5178/5178
f 5121/5121/5121 5196/5196/5196 5174/5174/5174
f 5195/5195/5195 5197/5197/5197 5193/5193/5193
f 5207/5207/5207 5174/5174/5174 5192/5192/5192
f 5173/5173/5173 5178/5178/5178 5155/5155/5155
f 5120/5120/5120 5196/5196/5196 5121/5121/5121
f 5176/5176/5176 5197/5197/5197 5195/5195/5195
f 4867/4867/4867 5190/5190/5190 5189/5189/5189
f 5178/5178/5178 5198/5198/5198 5155/5155/5155
f 5190/5190/5190 4866/4866/4866 5197/5197/5197
f 5153/5153/5153 5170/5170/5170 5163/5163/5163
f 5207/5207/5207 5121/5121/5121 5174/5174/5174
f 5154/5154/5154 5207/5207/5207 5192/5192/5192
f 5190/5190/5190 4867/4867/4867 4866/4866/4866
f 5178/5178/5178 5173/5173/5173 5201/5201/5201
f 5201/5201/5201 5173/5173/5173 5169/5169/5169
f 5207/5207/5207 5130/5130/5130 5121/5121/5121
f 5152/5152/5152 5151/5151/5151 5202/5202/5202
f 5206/5206/5206 5207/5207/5207 5154/5154/5154
f 5155/5155/5155 5198/5198/5198 5156/5156/5156
f 5169/5169/5169 5147/5147/5147 5201/5201/5201
f 5208/5208/5208 5209/5209/5209 5158/5158/5158
f 5197/5197/5197 4868/4868/4868 5200/5200/5200
f 4816/4816/4816 5153/5153/5153 5103/5103/5103
f 5195/5195/5195 5194/5194/5194 5179/5179/5179
f 5156/5156/5156 5181/5181/5181 5183/5183/5183
f 5179/5179/5179 5177/5177/5177 5176/5176/5176
f 5207/5207/5207 5206/5206/5206 5130/5130/5130
f 5154/5154/5154 5183/5183/5183 5206/5206/5206
f 5150/5150/5150 5186/5186/5186 5172/5172/5172
f 5194/5194/5194 5180/5180/5180 5179/5179/5179
f 5206/5206/5206 5109/5109/5109 5130/5130/5130
f 5205/5205/5205 5206/5206/5206 5183/5183/5183
f 5181/5181/5181 5172/5172/5172 5210/5210/5210
f 5177/5177/5177 5179/5179/5179 5198/5198/5198
f 5198/5198/5198 5179/5179/5179 5151/5151/5151
f 5150/5150/5150 5198/5198/5198 5151/5151/5151
f 5200/5200/5200 4868/4868/4868 4870/4870/4870
f 5211/5211/5211 5205/5205/5205 5212/5212/5212
f 5212/5212/5212 5205/5205/5205 5182/5182/5182
f 5200/5200/5200 4870/4870/4870 5213/5213/5213
f 5194/5194/5194 5200/5200/5200 5213/5213/5213
f 5181/5181/5181 5156/5156/5156 5172/5172/5172
f 5182/5182/5182 5205/5205/5205 5183/5183/5183
f 5194/5194/5194 5213/5213/5213 5214/5214/5214
f 5203/5203/5203 5202/5202/5202 5180/5180/5180
f 5214/5214/5214 5203/5203/5203 5194/5194/5194
f 5109/5109/5109 5205/5205/5205 5211/5211/5211
f 5181/5181/5181 5210/5210/5210 5182/5182/5182
f 5215/5215/5215 5150/5150/5150 5152/5152/5152
f 5150/5150/5150 5215/5215/5215 5186/5186/5186
f 5154/5154/5154 5156/5156/5156 5183/5183/5183
f 5216/5216/5216 5203/5203/5203 5214/5214/5214
f 5211/5211/5211 4965/4965/4965 5109/5109/5109
f 5210/5210/5210 5172/5172/5172 5185/5185/5185
f 5182/5182/5182 5210/5210/5210 5212/5212/5212
f 5152/5152/5152 5202/5202/5202 5217/5217/5217
f 5187/5187/5187 5186/5186/5186 5215/5215/5215
f 5203/5203/5203 5216/5216/5216 5204/5204/5204
f 5204/5204/5204 5217/5217/5217 5202/5202/5202
f 5212/5212/5212 5218/5218/5218 5211/5211/5211
f 5218/5218/5218 4965/4965/4965 5211/5211/5211
f 5208/5208/5208 5210/5210/5210 5185/5185/5185
f 5210/5210/5210 5160/5160/5160 5212/5212/5212
f 5218/5218/5218 5212/5212/5212 5160/5160/5160
f 4965/4965/4965 5218/5218/5218 5102/5102/5102
f 5160/5160/5160 5210/5210/5210 5208/5208/5208
f 5208/5208/5208 5185/5185/5185 5209/5209/5209
f 5160/5160/5160 5102/5102/5102 5218/5218/5218
f 5160/5160/5160 5208/5208/5208 5158/5158/5158
f 5160/5160/5160 5159/5159/5159 5102/5102/5102
f 5102/5102/5102 5159/5159/5159 5034/5034/5034
f 4658/4658/4658 4719/4719/4719 4656/4656/4656
f 4667/4667/4667 4666/4666/4666 4817/4817/4817
f 4835/4835/4835 5114/5114/5114 5113/5113/5113
f 4657/4657/4657 4667/4667/4667 4658/4658/4658
f 4675/4675/4675 4674/4674/4674 4656/4656/4656
f 4660/4660/4660 4676/4676/4676 4675/4675/4675
f 4723/4723/4723 5125/5125/5125 4724/4724/4724
f 4715/4715/4715 4657/4657/4657 4714/4714/4714
f 4786/4786/4786 4654/4654/4654 4756/4756/4756
f 4756/4756/4756 5115/5115/5115 4785/4785/4785
f 4659/4659/4659 4677/4677/4677 4660/4660/4660
f 5097/5097/5097 4755/4755/4755 4824/4824/4824
f 4804/4804/4804 4697/4697/4697 4696/4696/4696
f 4653/4653/4653 4830/4830/4830 4824/4824/4824
f 4746/4746/4746 4745/4745/4745 4776/4776/4776
f 5112/5112/5112 4673/4673/4673 4684/4684/4684
f 5114/5114/5114 4673/4673/4673 5112/5112/5112
f 4714/4714/4714 4757/4757/4757 4832/4832/4832
f 5087/5087/5087 5131/5131/5131 4689/4689/4689
f 4830/4830/4830 4653/4653/4653 4707/4707/4707
f 4659/4659/4659 4859/4859/4859 4707/4707/4707
f 4886/4886/4886 4661/4661/4661 5106/5106/5106
f 4813/4813/4813 4739/4739/4739 4860/4860/4860
f 4763/4763/4763 4806/4806/4806 4640/4640/4640
f 4764/4764/4764 4841/4841/4841 4762/4762/4762
f 4738/4738/4738 4740/4740/4740 4861/4861/4861
f 4798/4798/4798 4750/4750/4750 4732/4732/4732
f 4805/4805/4805 4803/4803/4803 4767/4767/4767
f 4811/4811/4811 4861/4861/4861 4810/4810/4810
f 4797/4797/4797 4821/4821/4821 5219/5219/5219
f 4791/4791/4791 4779/4779/4779 5129/5129/5129
f 4796/4796/4796 4740/4740/4740 5220/5220/5220
f 4671/4671/4671 4836/4836/4836 5219/5219/5219
f 4748/4748/4748 5221/5221/5221 4822/4822/4822
f 4739/4739/4739 4849/4849/4849 4740/4740/4740
f 4805/4805/4805 4767/4767/4767 4787/4787/4787
f 5221/5221/5221 4748/4748/4748 4857/4857/4857
f 5222/5222/5222 4810/4810/4810 4861/4861/4861
f 4861/4861/4861 4811/4811/4811 4738/4738/4738
f 5219/5219/5219 4836/4836/4836 4797/4797/4797
f 4861/4861/4861 4796/4796/4796 5222/5222/5222
f 4728/4728/4728 4778/4778/4778 4734/4734/4734
f 4739/4739/4739 4761/4761/4761 4860/4860/4860
f 4836/4836/4836 4835/4835/4835 5072/5072/5072
f 4820/4820/4820 4788/4788/4788 4809/4809/4809
f 5223/5223/5223 4806/4806/4806 4762/4762/4762
f 4740/4740/4740 4821/4821/4821 5220/5220/5220
f 4664/4664/4664 4663/4663/4663 5222/5222/5222
f 5220/5220/5220 4821/4821/4821 4797/4797/4797
f 4718/4718/4718 4825/4825/4825 4763/4763/4763
f 4753/4753/4753 4650/4650/4650 4641/4641/4641
f 4733/4733/4733 4699/4699/4699 4648/4648/4648
f 4813/4813/4813 4822/4822/4822 4849/4849/4849
f 4839/4839/4839 4848/4848/4848 4855/4855/4855
f 5094/5094/5094 4808/4808/4808 4807/4807/4807
f 4761/4761/4761 4679/4679/4679 4681/4681/4681
f 4831/4831/4831 4841/4841/4841 4764/4764/4764
f 4670/4670/4670 4812/4812/4812 4805/4805/4805
f 4849/4849/4849 4822/4822/4822 4821/4821/4821
f 4692/4692/4692 4846/4846/4846 4680/4680/4680
f 4807/4807/4807 4810/4810/4810 5094/5094/5094
f 4797/4797/4797 4796/4796/4796 5220/5220/5220
f 4814/4814/4814 4813/4813/4813 4860/4860/4860
f 5072/5072/5072 4795/4795/4795 4836/4836/4836
f 5129/5129/5129 4779/4779/4779 4765/4765/4765
f 4815/4815/4815 4748/4748/4748 4813/4813/4813
f 4680/4680/4680 4814/4814/4814 4681/4681/4681
f 5222/5222/5222 4826/4826/4826 4664/4664/4664
f 4808/4808/4808 4679/4679/4679 4761/4761/4761
f 4646/4646/4646 5219/5219/5219 4644/4644/4644
f 4645/4645/4645 4644/4644/4644 5221/5221/5221
f 4718/4718/4718 4717/4717/4717 4825/4825/4825
f 4846/4846/4846 4814/4814/4814 4680/4680/4680
f 5222/5222/5222 4819/4819/4819 4826/4826/4826
f 5223/5223/5223 4762/4762/4762 4840/4840/4840
f 4805/4805/4805 4809/4809/4809 4803/4803/4803
f 4640/4640/4640 4839/4839/4839 4638/4638/4638
f 4648/4648/4648 4857/4857/4857 4649/4649/4649
f 4819/4819/4819 5015/5015/5015 4827/4827/4827
f 4701/4701/4701 4700/4700/4700 4742/4742/4742
f 4820/4820/4820 4809/4809/4809 4812/4812/4812
f 5224/5224/5224 4857/4857/4857 4648/4648/4648
f 4826/4826/4826 4662/4662/4662 4664/4664/4664
f 4686/4686/4686 4692/4692/4692 4687/4687/4687
f 4650/4650/4650 4642/4642/4642 4641/4641/4641
f 4718/4718/4718 4763/4763/4763 4842/4842/4842
f 5221/5221/5221 5224/5224/5224 4645/4645/4645
f 4810/4810/4810 5222/5222/5222 4663/4663/4663
f 4857/4857/4857 5224/5224/5224 5221/5221/5221
f 4774/4774/4774 4742/4742/4742 4741/4741/4741
f 5219/5219/5219 4646/4646/4646 4672/4672/4672
f 4846/4846/4846 4753/4753/4753 4815/4815/4815
f 5219/5219/5219 4672/4672/4672 4671/4671/4671
f 4672/4672/4672 4646/4646/4646 4720/4720/4720
f 4754/4754/4754 4646/4646/4646 4645/4645/4645
f 4796/4796/4796 4819/4819/4819 5222/5222/5222
f 4699/4699/4699 4645/4645/4645 5224/5224/5224
f 4856/4856/4856 4851/4851/4851 4838/4838/4838
f 4812/4812/4812 4669/4669/4669 4823/4823/4823
f 4700/4700/4700 4699/4699/4699 4733/4733/4733
f 4651/4651/4651 4753/4753/4753 4846/4846/4846
f 4692/4692/4692 4680/4680/4680 4687/4687/4687
f 5219/5219/5219 4821/4821/4821 4644/4644/4644
f 5072/5072/5072 4835/4835/4835 5101/5101/5101
f 5221/5221/5221 4644/4644/4644 4822/4822/4822
f 4799/4799/4799 5129/5129/5129 4765/4765/4765
f 5224/5224/5224 4648/4648/4648 4699/4699/4699
f 4819/4819/4819 4827/4827/4827 4826/4826/4826
f 4817/4817/4817 4716/4716/4716 4842/4842/4842
f 4688/4688/4688 4730/4730/4730 4686/4686/4686
f 4831/4831/4831 4840/4840/4840 4841/4841/4841

